program_id,solution,language,quality_tier,quality_score,has_tests,n_test_files,has_description,description_len,multi_service,n_services,archetype,cluster_id,gap_score
459334689/Pulumi.yaml,Pulumi,typescript,High,4,1,3,True,39,False,0,Tested CDK Deployments,6,0.294
157571717/Pulumi.yaml,Pulumi,typescript,High,4,1,2,True,15,False,0,Tested CDK Deployments,6,0.294
312815759/iac_intro_w_pulumi-main/Pulumi.yaml,Pulumi,python,High,4,1,3,True,70,False,0,Tested CDK Deployments,6,0.294
290586638/azure-nextgen-ts-webserver/Pulumi.yaml,Pulumi,typescript,High,4,1,2,True,49,False,0,Pulumi General Cloud,5,0.497
290586638/aws-ts-acm/Pulumi.yaml,Pulumi,typescript,High,4,1,2,True,39,False,0,Pulumi General Cloud,5,0.497
525315633/ts/aws/test/props/Pulumi.yaml,Pulumi,typescript,High,4,1,2,True,89,False,1,Kubernetes Workload,3,0.706
248899921/modern-infrastructure-wednesday/2020-03-25/aws-ts-webserver/policy-as-code/Pulumi.yaml,Pulumi,typescript,High,4,1,2,True,39,False,0,Pulumi General Cloud,5,0.497
248899921/modern-infrastructure-wednesday/2020-03-25/aws-ts-webserver/Pulumi.yaml,Pulumi,typescript,High,4,1,2,True,39,False,0,Pulumi General Cloud,5,0.497
446348090/applications/pulumi-examples/testing-unit-cs-mocks/Pulumi.yaml,Pulumi,csharp,High,4,1,2,True,63,False,0,Pulumi General Cloud,5,0.497
330102891/functions/Pulumi.yaml,Pulumi,typescript,High,4,1,2,True,38,False,1,Pulumi General Cloud,5,0.497
483226333/KUBE/Pulumi.yaml,Pulumi,go,High,4,1,5,True,54,False,1,Kubernetes Workload,3,0.706
489295414/Pulumi.yaml,Pulumi,typescript,High,4,1,2,True,39,False,0,Pulumi General Cloud,5,0.497
296931855/Pulumi.yaml,Pulumi,python,High,4,1,2,True,77,False,1,Kubernetes Workload,3,0.706
233000592/systems/infrastructure/Pulumi.yaml,Pulumi,python,High,4,1,3,True,34,False,0,Tested CDK Deployments,6,0.294
108589232/testing-unit-fs-mocks/Pulumi.yaml,Pulumi,csharp,High,4,1,3,True,63,False,0,Pulumi General Cloud,5,0.497
348594088/loadbalancer/Pulumi.yaml,Pulumi,python,High,4,1,3,True,65,False,0,Pulumi General Cloud,5,0.497
446348090/applications/pulumi-examples/testing-pac-ts/Pulumi.yaml,Pulumi,typescript,High,4,1,2,True,89,False,1,Kubernetes Workload,3,0.706
525315633/ts/aws/test/unit/Pulumi.yaml,Pulumi,typescript,High,4,1,2,True,69,False,0,Pulumi General Cloud,5,0.497
108589232/classic-azure-ts-cosmosapp-component/Pulumi.yaml,Pulumi,typescript,High,4,1,3,True,83,False,0,Pulumi General Cloud,5,0.497
108589232/testing-unit-ts/mocha/Pulumi.yaml,Pulumi,typescript,High,4,1,2,True,69,False,0,Pulumi General Cloud,5,0.497
480962028/systems/infrastructure/Pulumi.yaml,Pulumi,typescript,High,4,1,3,True,28,False,0,Tested CDK Deployments,6,0.294
108589232/testing-unit-cs/Pulumi.yaml,Pulumi,csharp,High,4,1,2,True,63,False,0,Pulumi General Cloud,5,0.497
108589232/testing-unit-cs-mocks/Pulumi.yaml,Pulumi,csharp,High,4,1,2,True,63,False,0,Pulumi General Cloud,5,0.497
108589232/testing-pac-ts/Pulumi.yaml,Pulumi,typescript,High,4,1,2,True,89,False,1,Kubernetes Workload,3,0.706
288245167/Pulumi.yaml,Pulumi,typescript,High,4,1,2,True,39,False,0,Pulumi General Cloud,5,0.497
338322585/eventbridge-scheduled-lambda-cdk-typescript/cdk.json,AWS CDK,typescript,High,4,1,2,False,0,True,2,Tested CDK Deployments,6,0.294
503144156/examples/node/infrastructure/Pulumi.yaml,Pulumi,typescript,High,4,1,2,True,40,False,0,Pulumi General Cloud,5,0.497
435223093/Serverless:CDK/serverless-patterns/eventbridge-scheduled-lambda-cdk-typescript/cdk.json,AWS CDK,typescript,High,4,1,2,False,0,True,2,Tested CDK Deployments,6,0.294
412193370/pulumi/Pulumi.yaml,Pulumi,python,High,4,1,6,True,32,False,0,Tested CDK Deployments,6,0.294
238949955/Pulumi.yaml,Pulumi,typescript,High,4,1,4,True,27,False,1,Serverless + Static Hosting,0,0.712
430473219/cdk.json,AWS CDK,typescript,High,4,1,2,False,0,True,2,Multi-Cloud High-Complexity,8,0.763
390597478/Pulumi.yaml,Pulumi,typescript,High,4,1,5,True,39,False,0,Tested CDK Deployments,6,0.294
308911525/program/Pulumi.yaml,Pulumi,python,High,4,1,2,True,33,False,0,Tested CDK Deployments,6,0.294
348568001/Pulumi.yaml,Pulumi,typescript,High,4,1,2,True,49,False,1,Multi-Cloud High-Complexity,8,0.763
364875231/app/Pulumi.yaml,Pulumi,python,High,4,1,2,True,35,False,0,Tested CDK Deployments,6,0.294
451580476/Pulumi.yaml,Pulumi,typescript,High,4,1,2,True,35,False,0,Tested CDK Deployments,6,0.294
319726756/azure-py/Pulumi.yaml,Pulumi,python,High,4,1,2,True,31,False,0,Tested CDK Deployments,6,0.294
295055625/azureiac/Pulumi.yaml,Pulumi,csharp,High,4,1,3,True,33,False,0,Tested CDK Deployments,6,0.294
282083829/testing-unit-cs/Pulumi.yaml,Pulumi,csharp,High,4,1,2,True,63,False,0,Pulumi General Cloud,5,0.497
227252298/Pulumi.yaml,Pulumi,typescript,High,4,1,5,True,39,False,0,Tested CDK Deployments,6,0.294
513876836/applications/pulumi-examples/testing-unit-cs-mocks/Pulumi.yaml,Pulumi,csharp,High,4,1,2,True,63,False,0,Pulumi General Cloud,5,0.497
309810368/examples/letsencrypt/Pulumi.yaml,Pulumi,typescript,High,4,1,2,True,70,False,1,Kubernetes Workload,3,0.706
513876836/applications/pulumi-examples/azure-ts-cosmosapp-component/Pulumi.yaml,Pulumi,typescript,High,4,1,3,True,83,False,0,Tested CDK Deployments,6,0.294
513876836/applications/pulumi-examples/testing-unit-cs/Pulumi.yaml,Pulumi,csharp,High,4,1,2,True,63,False,0,Pulumi General Cloud,5,0.497
475025089/testing-pac-ts/Pulumi.yaml,Pulumi,typescript,High,4,1,2,True,89,False,1,Kubernetes Workload,3,0.706
500661930/testing-pac-ts/Pulumi.yaml,Pulumi,typescript,High,4,1,2,True,89,False,1,Kubernetes Workload,3,0.706
500661930/testing-unit-cs-mocks/Pulumi.yaml,Pulumi,csharp,High,4,1,2,True,63,False,0,Pulumi General Cloud,5,0.497
500661930/testing-unit-cs/Pulumi.yaml,Pulumi,csharp,High,4,1,2,True,63,False,0,Pulumi General Cloud,5,0.497
446348090/applications/pulumi-examples/testing-unit-fs-mocks/Pulumi.yaml,Pulumi,csharp,High,4,1,3,True,63,False,0,Pulumi General Cloud,5,0.497
500661930/testing-unit-ts/mocha/Pulumi.yaml,Pulumi,typescript,High,4,1,2,True,69,False,0,Pulumi General Cloud,5,0.497
500661930/classic-azure-ts-cosmosapp-component/Pulumi.yaml,Pulumi,typescript,High,4,1,3,True,83,False,0,Tested CDK Deployments,6,0.294
282083829/testing-unit-fs-mocks/Pulumi.yaml,Pulumi,csharp,High,4,1,3,True,63,False,0,Pulumi General Cloud,5,0.497
500661930/testing-unit-fs-mocks/Pulumi.yaml,Pulumi,csharp,High,4,1,3,True,63,False,0,Pulumi General Cloud,5,0.497
513876836/applications/pulumi-examples/testing-unit-fs-mocks/Pulumi.yaml,Pulumi,csharp,High,4,1,3,True,63,False,0,Pulumi General Cloud,5,0.497
513876836/applications/pulumi-examples/testing-pac-ts/Pulumi.yaml,Pulumi,typescript,High,4,1,2,True,89,False,1,Kubernetes Workload,3,0.706
446348090/applications/pulumi-examples/azure-ts-cosmosapp-component/Pulumi.yaml,Pulumi,typescript,High,4,1,3,True,83,False,0,Tested CDK Deployments,6,0.294
446348090/applications/pulumi-examples/testing-unit-cs/Pulumi.yaml,Pulumi,csharp,High,4,1,2,True,63,False,0,Pulumi General Cloud,5,0.497
503841008/Pulumi.yaml,Pulumi,typescript,High,4,1,2,True,48,False,0,Pulumi General Cloud,5,0.497
282083829/testing-pac-ts/Pulumi.yaml,Pulumi,typescript,High,4,1,2,True,89,False,1,Kubernetes Workload,3,0.706
309810368/examples/venafi-tpp/Pulumi.yaml,Pulumi,typescript,High,4,1,2,True,69,False,1,Kubernetes Workload,3,0.706
282083829/testing-unit-cs-mocks/Pulumi.yaml,Pulumi,csharp,High,4,1,2,True,63,False,0,Pulumi General Cloud,5,0.497
475025089/testing-unit-fs-mocks/Pulumi.yaml,Pulumi,csharp,High,4,1,3,True,63,False,0,Pulumi General Cloud,5,0.497
282083829/azure-ts-cosmosapp-component/Pulumi.yaml,Pulumi,typescript,High,4,1,3,True,83,False,0,Tested CDK Deployments,6,0.294
475025089/testing-unit-ts/mocha/Pulumi.yaml,Pulumi,typescript,High,4,1,2,True,69,False,0,Pulumi General Cloud,5,0.497
309810368/examples/venafi-cloud/Pulumi.yaml,Pulumi,typescript,High,4,1,2,True,71,False,1,Kubernetes Workload,3,0.706
473516046/Pulumi.yaml,Pulumi,csharp,High,4,1,4,True,19,False,0,Tested CDK Deployments,6,0.294
475025089/testing-unit-cs/Pulumi.yaml,Pulumi,csharp,High,4,1,2,True,63,False,0,Pulumi General Cloud,5,0.497
475025089/testing-unit-cs-mocks/Pulumi.yaml,Pulumi,csharp,High,4,1,2,True,63,False,0,Pulumi General Cloud,5,0.497
214975348/cloudformation/aws-cdk/aws-cdk-route53-cloudfront/cdk.json,AWS CDK,typescript,High,4,1,2,False,0,True,2,Tested CDK Deployments,6,0.294
310552333/Pulumi.yaml,Pulumi,python,High,4,1,3,True,70,False,0,Tested CDK Deployments,6,0.294
475025089/classic-azure-ts-cosmosapp-component/Pulumi.yaml,Pulumi,typescript,High,4,1,3,True,83,False,0,Tested CDK Deployments,6,0.294
495705491/cdk/cdk.json,AWS CDK,java,High,3,1,3,False,0,False,0,Tested CDK Deployments,6,0.294
486542160/cdk.json,AWS CDK,typescript,High,3,1,3,False,0,False,0,Tested CDK Deployments,6,0.294
461604619/cdk-code/cdk.json,AWS CDK,python,High,3,1,2,False,0,False,0,Tested CDK Deployments,6,0.294
290875649/VIMP-infrastructure/cdk.json,AWS CDK,typescript,High,3,1,2,False,0,False,0,Tested CDK Deployments,6,0.294
496695215/cdk.json,AWS CDK,python,High,3,1,7,False,0,False,0,Tested CDK Deployments,6,0.294
320196364/cdk.json,AWS CDK,typescript,High,3,1,2,False,0,False,0,Tested CDK Deployments,6,0.294
419140855/source/backend/cdk.json,AWS CDK,typescript,High,3,1,9,False,0,False,0,Tested CDK Deployments,6,0.294
278696614/cdk/image-recog/cdk.json,AWS CDK,typescript,High,3,1,2,False,0,False,0,Tested CDK Deployments,6,0.294
248605700/source/use_cases/aws-restaurant-management-demo/cdk.json,AWS CDK,typescript,High,3,1,5,False,0,False,0,Tested CDK Deployments,6,0.294
389763573/my-board-data-service-ecs/cdk.json,AWS CDK,typescript,High,3,1,2,False,0,False,1,Tested CDK Deployments,6,0.294
356863613/cdk.json,AWS CDK,typescript,High,3,1,2,False,0,False,0,Tested CDK Deployments,6,0.294
379515239/cdk.json,AWS CDK,java,High,3,1,2,False,0,False,0,Tested CDK Deployments,6,0.294
234950770/cdk.json,AWS CDK,typescript,High,3,1,4,False,0,False,1,Tested CDK Deployments,6,0.294
400288023/packages/deploy/cdk.json,AWS CDK,typescript,High,3,1,2,False,0,False,0,Tested CDK Deployments,6,0.294
312363568/cdk.json,AWS CDK,typescript,High,3,1,2,False,0,False,0,Tested CDK Deployments,6,0.294
392426428/cdk.json,AWS CDK,typescript,High,3,1,2,False,0,False,0,Tested CDK Deployments,6,0.294
300446590/cdk.json,AWS CDK,typescript,High,3,1,6,False,0,False,0,Tested CDK Deployments,6,0.294
136727247/cdk.json,AWS CDK,typescript,High,3,1,3,False,0,False,0,Tested CDK Deployments,6,0.294
283460775/cdk/cdk.json,AWS CDK,typescript,High,3,1,3,False,0,False,0,Tested CDK Deployments,6,0.294
510488463/cdk.json,AWS CDK,typescript,High,3,1,3,False,0,False,0,Tested CDK Deployments,6,0.294
432921725/cdk.json,AWS CDK,typescript,High,3,1,2,False,0,False,0,Tested CDK Deployments,6,0.294
230650191/cdk.json,AWS CDK,typescript,High,3,1,4,False,0,False,0,Tested CDK Deployments,6,0.294
516783634/cdk.json,AWS CDK,typescript,High,3,1,4,False,0,False,0,Tested CDK Deployments,6,0.294
305198313/cdk.json,AWS CDK,python,High,3,1,3,False,0,False,0,Tested CDK Deployments,6,0.294
222426278/CDK/pipeline/cdk.json,AWS CDK,typescript,High,3,1,3,False,0,False,0,Tested CDK Deployments,6,0.294
385249860/cdk.json,AWS CDK,typescript,High,3,1,2,False,0,False,0,Tested CDK Deployments,6,0.294
427784411/src/perf-tests/perftest-stack-airline/cdk.json,AWS CDK,typescript,High,3,1,2,False,0,False,0,Tested CDK Deployments,6,0.294
288477140/cdk.json,AWS CDK,typescript,High,3,1,2,False,0,False,0,Tested CDK Deployments,6,0.294
474333186/infrastructure/cdktf.json,CDKTF,typescript,High,3,1,2,False,0,False,0,CDKTF Infrastructure,2,0.861
434605674/cdktf.json,CDKTF,typescript,High,3,1,4,False,0,False,0,CDKTF Infrastructure,2,0.861
465231165/cdk.json,AWS CDK,typescript,High,3,1,2,False,0,False,0,Tested CDK Deployments,6,0.294
491347907/cdk.json,AWS CDK,typescript,High,3,1,2,False,0,False,0,Tested CDK Deployments,6,0.294
298538565/cdk.json,AWS CDK,typescript,High,3,1,4,False,0,False,0,Tested CDK Deployments,6,0.294
280599875/cdk.json,AWS CDK,typescript,High,3,1,2,False,0,False,0,Tested CDK Deployments,6,0.294
439989096/src/infrastructure/cdk.json,AWS CDK,typescript,High,3,1,2,False,0,False,0,Tested CDK Deployments,6,0.294
320964921/cdk.json,AWS CDK,typescript,High,3,1,7,False,0,False,0,Tested CDK Deployments,6,0.294
235224328/cdk.json,AWS CDK,csharp,High,3,1,2,False,0,False,0,Tested CDK Deployments,6,0.294
378726568/cdk.json,AWS CDK,typescript,High,3,1,3,False,0,False,0,Tested CDK Deployments,6,0.294
446967760/cdk/cdk.json,AWS CDK,python,High,3,1,18,False,0,False,0,Tested CDK Deployments,6,0.294
346584357/cdk.json,AWS CDK,typescript,High,3,1,4,False,0,False,0,Tested CDK Deployments,6,0.294
350071470/cdk/cdk.json,AWS CDK,typescript,High,3,1,2,False,0,False,0,Tested CDK Deployments,6,0.294
455233475/cdk.json,AWS CDK,typescript,High,3,1,3,False,0,False,0,Tested CDK Deployments,6,0.294
13800390/cdk/cdk.json,AWS CDK,typescript,High,3,1,7,False,0,False,0,Tested CDK Deployments,6,0.294
427179133/cdk.json,AWS CDK,typescript,High,3,1,3,False,0,False,0,Tested CDK Deployments,6,0.294
467958573/cdk.json,AWS CDK,python,High,3,1,2,False,0,False,0,Tested CDK Deployments,6,0.294
465142252/cdk.json,AWS CDK,typescript,High,3,1,2,False,0,False,0,Tested CDK Deployments,6,0.294
388099043/test/project_test/cdk.json,AWS CDK,typescript,High,3,1,2,False,0,False,0,Tested CDK Deployments,6,0.294
333215089/cdk.json,AWS CDK,typescript,High,3,1,2,False,0,False,1,Kubernetes Workload,3,0.706
354864679/infra/cdk.json,AWS CDK,typescript,High,3,1,2,False,0,False,0,Tested CDK Deployments,6,0.294
278079874/cdk/cdk.json,AWS CDK,typescript,High,3,1,2,False,0,False,0,Tested CDK Deployments,6,0.294
500789913/cdk.json,AWS CDK,typescript,High,3,1,2,False,0,False,1,Tested CDK Deployments,6,0.294
387286336/cdk.json,AWS CDK,typescript,High,3,1,2,False,0,False,0,Tested CDK Deployments,6,0.294
428952137/packages/api-gateway-construct/cdktf.json,CDKTF,typescript,High,3,1,2,False,0,False,0,CDKTF Infrastructure,2,0.861
428952137/packages/node-base-cdktf-image/cdktf.json,CDKTF,typescript,High,3,1,2,False,0,False,0,CDKTF Infrastructure,2,0.861
428952137/packages/nginx-base-cdktf-image/cdktf.json,CDKTF,typescript,High,3,1,2,False,0,False,0,CDKTF Infrastructure,2,0.861
462341460/cdk.json,AWS CDK,typescript,High,3,1,2,False,0,False,0,Tested CDK Deployments,6,0.294
506627963/cdk.json,AWS CDK,typescript,High,3,1,14,False,0,False,0,Tested CDK Deployments,6,0.294
287125206/source/cdk.json,AWS CDK,typescript,High,3,1,18,False,0,False,0,Tested CDK Deployments,6,0.294
402956462/cdk.json,AWS CDK,typescript,High,3,1,2,False,0,False,0,Tested CDK Deployments,6,0.294
368258207/cdk.json,AWS CDK,typescript,High,3,1,2,False,0,False,0,Tested CDK Deployments,6,0.294
"449707394/Project-WebHealth, API-Testing/AbdullahZaman/sprint3/PCRepoAZB/cdk.json",AWS CDK,python,High,3,1,2,False,0,False,0,Tested CDK Deployments,6,0.294
"449707394/Project-WebHealth, API-Testing/AbdullahZaman/sprint2/PCRepoAZB/cdk.json",AWS CDK,python,High,3,1,3,False,0,False,0,Tested CDK Deployments,6,0.294
"449707394/Project-WebHealth, API-Testing/AbdullahZaman/sprint4/PCRepoAZB/cdk.json",AWS CDK,python,High,3,1,2,False,0,False,0,Tested CDK Deployments,6,0.294
"449707394/Project-WebHealth, API-Testing/AbdullahZaman/sprint5/sprint5/PCRepoAZB/cdk.json",AWS CDK,python,High,3,1,2,False,0,False,0,Tested CDK Deployments,6,0.294
216404558/cdk.json,AWS CDK,typescript,High,3,1,2,False,0,False,0,Tested CDK Deployments,6,0.294
503434635/sprint3/cdk.json,AWS CDK,python,High,3,1,2,False,0,False,0,Tested CDK Deployments,6,0.294
387735600/cdk.json,AWS CDK,typescript,High,3,1,13,False,0,False,0,Tested CDK Deployments,6,0.294
503434635/sprint4/cdk.json,AWS CDK,python,High,3,1,2,False,0,False,0,Tested CDK Deployments,6,0.294
503434635/sprint5/cdk.json,AWS CDK,python,High,3,1,2,False,0,False,0,Tested CDK Deployments,6,0.294
290579357/cdk.json,AWS CDK,typescript,High,3,1,6,False,0,False,0,Tested CDK Deployments,6,0.294
522465449/source/cdk.json,AWS CDK,typescript,High,3,1,5,False,0,False,0,Tested CDK Deployments,6,0.294
320677362/Pulumi.yaml,Pulumi,go,High,3,1,3,False,0,False,0,Tested CDK Deployments,6,0.294
393824352/cdk.json,AWS CDK,typescript,High,3,1,14,False,0,False,0,Tested CDK Deployments,6,0.294
403088622/cdk.json,AWS CDK,typescript,High,3,1,2,False,0,False,0,Tested CDK Deployments,6,0.294
448341974/cdk.json,AWS CDK,typescript,High,3,1,2,False,0,False,0,Tested CDK Deployments,6,0.294
379490053/workshops/cdk-workshop/cdk.json,AWS CDK,typescript,High,3,1,2,False,0,False,0,Tested CDK Deployments,6,0.294
503434635/sprint2/cdk.json,AWS CDK,python,High,3,1,2,False,0,False,0,Tested CDK Deployments,6,0.294
476378342/cdk.json,AWS CDK,typescript,High,3,1,5,False,0,False,0,Tested CDK Deployments,6,0.294
266863464/cdk.json,AWS CDK,typescript,High,3,1,3,False,0,False,0,Tested CDK Deployments,6,0.294
503871363/cdk.json,AWS CDK,typescript,High,3,1,2,False,0,False,0,Tested CDK Deployments,6,0.294
291901516/cdk.json,AWS CDK,typescript,High,3,1,4,False,0,False,0,Tested CDK Deployments,6,0.294
398084147/cdk.json,AWS CDK,typescript,High,3,1,3,False,0,False,0,Tested CDK Deployments,6,0.294
415338555/cdk/cdk.json,AWS CDK,typescript,High,3,1,2,False,0,False,0,Tested CDK Deployments,6,0.294
400006564/backend/cdk.json,AWS CDK,typescript,High,3,1,2,False,0,False,0,Tested CDK Deployments,6,0.294
339948163/marissa-interview-project/cdk.json,AWS CDK,typescript,High,3,1,2,False,0,False,0,Tested CDK Deployments,6,0.294
363524211/cdk/cdk.json,AWS CDK,typescript,High,3,1,2,False,0,False,0,Tested CDK Deployments,6,0.294
357471378/cdk.json,AWS CDK,typescript,High,3,1,2,False,0,False,0,Tested CDK Deployments,6,0.294
298708146/cdk.json,AWS CDK,typescript,High,3,1,2,False,0,False,0,Tested CDK Deployments,6,0.294
429580361/cdk/cdk.json,AWS CDK,java,High,3,1,3,False,0,False,0,Tested CDK Deployments,6,0.294
341031374/cdk.json,AWS CDK,javascript,High,3,1,2,False,0,False,0,Tested CDK Deployments,6,0.294
457845753/cdk.json,AWS CDK,typescript,High,3,1,3,False,0,False,0,Tested CDK Deployments,6,0.294
243334432/javascript/programmatically-create-task-example/cdk.json,AWS CDK,typescript,High,3,1,2,False,0,False,0,Tested CDK Deployments,6,0.294
400635970/cdk.json,AWS CDK,typescript,High,3,1,2,False,0,False,0,Tested CDK Deployments,6,0.294
415672969/packages/infra/cdk.json,AWS CDK,typescript,High,3,1,2,False,0,False,0,Tested CDK Deployments,6,0.294
372912888/infrastructure/cdk.json,AWS CDK,typescript,High,3,1,2,False,0,False,0,Tested CDK Deployments,6,0.294
350806870/server/cdk.json,AWS CDK,typescript,High,3,1,2,False,0,False,0,Tested CDK Deployments,6,0.294
304358659/packages/infra/cdk.json,AWS CDK,typescript,High,3,1,3,False,0,False,0,Tested CDK Deployments,6,0.294
359762641/cdk.json,AWS CDK,typescript,High,3,1,4,False,0,False,0,Tested CDK Deployments,6,0.294
349024616/cdk.json,AWS CDK,typescript,High,3,1,2,False,0,False,0,Tested CDK Deployments,6,0.294
280647666/cdk.json,AWS CDK,typescript,High,3,1,3,False,0,False,0,Tested CDK Deployments,6,0.294
290033624/source/cdk.json,AWS CDK,typescript,High,3,1,36,False,0,False,0,Tested CDK Deployments,6,0.294
500551430/cdk.json,AWS CDK,typescript,High,3,1,2,False,0,False,1,Serverless + Static Hosting,0,0.712
373824412/cdk.json,AWS CDK,typescript,High,3,1,2,False,0,False,0,Tested CDK Deployments,6,0.294
354928915/packages/cdk-appconfig-examples/cdk.json,AWS CDK,typescript,High,3,1,2,False,0,False,0,Tested CDK Deployments,6,0.294
441392906/cdk.json,AWS CDK,python,High,3,1,3,False,0,False,0,Tested CDK Deployments,6,0.294
357235391/cdk.json,AWS CDK,typescript,High,3,1,6,False,0,False,0,Tested CDK Deployments,6,0.294
488046680/cdk.json,AWS CDK,typescript,High,3,1,2,False,0,False,0,Tested CDK Deployments,6,0.294
501548177/cdk.json,AWS CDK,typescript,High,3,1,3,False,0,False,0,Tested CDK Deployments,6,0.294
328177403/the-lambda-trilogy/cdk.json,AWS CDK,typescript,High,3,1,3,False,0,False,1,Tested CDK Deployments,6,0.294
328177403/the-xray-tracer/cdk.json,AWS CDK,typescript,High,3,1,5,False,0,False,0,Tested CDK Deployments,6,0.294
287021749/cdk.json,AWS CDK,typescript,High,3,1,2,False,0,False,0,Tested CDK Deployments,6,0.294
158981161/cdk.json,AWS CDK,javascript,High,3,1,7,False,0,False,0,Tested CDK Deployments,6,0.294
252890922/infrastructure/cdk.json,AWS CDK,typescript,High,3,1,2,False,0,False,0,Tested CDK Deployments,6,0.294
344337638/cdk.json,AWS CDK,typescript,High,3,1,2,False,0,False,0,Tested CDK Deployments,6,0.294
327058211/cdk.json,AWS CDK,typescript,High,3,1,2,False,0,False,0,Tested CDK Deployments,6,0.294
524210772/cdk.json,AWS CDK,typescript,High,3,1,4,False,0,False,0,Tested CDK Deployments,6,0.294
403490486/cloudfront-custom-domain/cdk.json,AWS CDK,typescript,High,3,1,2,False,0,False,1,Tested CDK Deployments,6,0.294
403490486/apigateway-custom-domain/cdk.json,AWS CDK,typescript,High,3,1,2,False,0,False,1,Tested CDK Deployments,6,0.294
51605709/cdk/cdk.json,AWS CDK,typescript,High,3,1,3,False,0,False,0,Tested CDK Deployments,6,0.294
432462745/cdk.json,AWS CDK,typescript,High,3,1,2,False,0,False,1,Multi-Cloud High-Complexity,8,0.763
391309641/cdk.json,AWS CDK,java,High,3,1,3,False,0,False,0,Tested CDK Deployments,6,0.294
509588780/cdk/cdk.json,AWS CDK,typescript,High,3,1,3,False,0,False,0,Tested CDK Deployments,6,0.294
292022160/cdk-playground/cdk/cdk.json,AWS CDK,typescript,High,3,1,2,False,0,False,0,Tested CDK Deployments,6,0.294
486095519/cicd-authorisation/cdk.json,AWS CDK,typescript,High,3,1,8,False,0,False,0,Tested CDK Deployments,6,0.294
345182836/cdk.json,AWS CDK,typescript,High,3,1,4,False,0,False,0,Tested CDK Deployments,6,0.294
424842193/cdk.json,AWS CDK,typescript,High,3,1,4,False,0,False,0,Tested CDK Deployments,6,0.294
363088801/cdktf.json,CDKTF,typescript,High,3,1,3,False,0,False,0,CDKTF Infrastructure,2,0.861
280747293/cdk.json,AWS CDK,typescript,High,3,1,2,False,0,False,0,Tested CDK Deployments,6,0.294
487099565/cdk.json,AWS CDK,typescript,High,3,1,2,False,0,False,0,Tested CDK Deployments,6,0.294
410885577/aws-ecs/cdk.json,AWS CDK,typescript,High,3,1,4,False,0,False,0,Tested CDK Deployments,6,0.294
484602378/cdk.json,AWS CDK,typescript,High,3,1,2,False,0,False,0,Tested CDK Deployments,6,0.294
447298906/recommendation-engine-stack/cdk.json,AWS CDK,python,High,3,1,2,False,0,False,0,Tested CDK Deployments,6,0.294
447974705/cdk.json,AWS CDK,typescript,High,3,1,5,False,0,False,0,Tested CDK Deployments,6,0.294
348777695/source/cdk.json,AWS CDK,typescript,High,3,1,4,False,0,False,0,Tested CDK Deployments,6,0.294
415641005/cdk.json,AWS CDK,typescript,High,3,1,2,False,0,False,0,Tested CDK Deployments,6,0.294
526493439/cdk.json,AWS CDK,typescript,High,3,1,2,False,0,False,0,Tested CDK Deployments,6,0.294
269163509/cdk/cdk.json,AWS CDK,typescript,High,3,1,2,False,0,False,0,Tested CDK Deployments,6,0.294
320072410/source/cdk.json,AWS CDK,typescript,High,3,1,6,False,0,False,0,Tested CDK Deployments,6,0.294
401357247/infra/cdk.json,AWS CDK,typescript,High,3,1,8,False,0,False,0,Tested CDK Deployments,6,0.294
360976889/cdk.json,AWS CDK,typescript,High,3,1,2,False,0,False,0,Tested CDK Deployments,6,0.294
308394646/cdk.json,AWS CDK,typescript,High,3,1,2,False,0,False,0,Tested CDK Deployments,6,0.294
376958435/cdk.json,AWS CDK,python,High,3,1,2,False,0,False,0,Tested CDK Deployments,6,0.294
377727785/cdk.json,AWS CDK,java,High,3,1,3,False,0,False,0,Tested CDK Deployments,6,0.294
340455798/cdk.json,AWS CDK,typescript,High,3,1,10,False,0,False,1,Tested CDK Deployments,6,0.294
504170978/cdk.json,AWS CDK,typescript,High,3,1,6,False,0,False,0,Tested CDK Deployments,6,0.294
521292410/infraestructure/cdk.json,AWS CDK,typescript,High,3,1,3,False,0,False,0,Tested CDK Deployments,6,0.294
283675822/cdk.json,AWS CDK,typescript,High,3,1,2,False,0,False,0,Tested CDK Deployments,6,0.294
331878294/cdk.json,AWS CDK,typescript,High,3,1,5,False,0,False,0,Tested CDK Deployments,6,0.294
307738803/cdk.json,AWS CDK,typescript,High,3,1,2,False,0,False,0,Tested CDK Deployments,6,0.294
327983484/typescript/cdk/cdk.json,AWS CDK,typescript,High,3,1,3,False,0,False,0,Tested CDK Deployments,6,0.294
497987879/project/Sprint5/cdk.json,AWS CDK,python,High,3,1,2,False,0,False,0,Tested CDK Deployments,6,0.294
497987879/project/Sprint4/cdk.json,AWS CDK,python,High,3,1,2,False,0,False,0,Tested CDK Deployments,6,0.294
345321297/cdk.json,AWS CDK,typescript,High,3,1,4,False,0,False,1,Tested CDK Deployments,6,0.294
448320244/cdk.json,AWS CDK,python,High,3,1,2,False,0,False,0,Tested CDK Deployments,6,0.294
168772474/typescript/s3-kms-cross-account-replication/cdk.json,AWS CDK,typescript,High,3,1,2,False,0,False,0,Tested CDK Deployments,6,0.294
306205079/cdk.json,AWS CDK,typescript,High,3,1,2,False,0,False,0,Tested CDK Deployments,6,0.294
371650439/cdk.json,AWS CDK,typescript,High,3,1,2,False,0,False,0,Tested CDK Deployments,6,0.294
513412032/cdk.json,AWS CDK,java,High,3,1,2,False,0,False,0,Tested CDK Deployments,6,0.294
289573972/cdktf.json,CDKTF,typescript,High,3,1,33,False,0,False,0,Tested CDK Deployments,6,0.294
309110557/cdk.json,AWS CDK,typescript,High,3,1,3,False,0,False,0,Tested CDK Deployments,6,0.294
487320455/cdk.json,AWS CDK,typescript,High,3,1,2,False,0,False,0,Tested CDK Deployments,6,0.294
108458330/source/cdk.json,AWS CDK,typescript,High,3,1,2,False,0,False,0,Tested CDK Deployments,6,0.294
431835167/cdk.json,AWS CDK,typescript,High,3,1,2,False,0,False,1,Tested CDK Deployments,6,0.294
391388085/packages/backend/cdk.json,AWS CDK,typescript,High,3,1,2,False,0,False,0,Tested CDK Deployments,6,0.294
425297371/cdk.json,AWS CDK,typescript,High,3,1,2,False,0,False,0,Tested CDK Deployments,6,0.294
493895996/cdk.json,AWS CDK,typescript,High,3,1,14,False,0,False,1,Tested CDK Deployments,6,0.294
343174194/cdk.json,AWS CDK,typescript,High,3,1,2,False,0,False,0,Tested CDK Deployments,6,0.294
415200812/packages/cdk/cdk.json,AWS CDK,typescript,High,3,1,4,False,0,False,0,Tested CDK Deployments,6,0.294
379032409/cdk-app/cdk.json,AWS CDK,typescript,High,3,1,2,False,0,False,0,Tested CDK Deployments,6,0.294
394605266/cdk.json,AWS CDK,typescript,High,3,1,2,False,0,False,0,Tested CDK Deployments,6,0.294
433415135/cdk.json,AWS CDK,typescript,High,3,1,2,False,0,False,0,Tested CDK Deployments,6,0.294
439653731/cicd-authorisation/cdk.json,AWS CDK,typescript,High,3,1,5,False,0,False,0,Tested CDK Deployments,6,0.294
287937930/cdk.json,AWS CDK,typescript,High,3,1,2,False,0,False,0,Tested CDK Deployments,6,0.294
520955260/cdk.json,AWS CDK,typescript,High,3,1,11,False,0,False,0,Tested CDK Deployments,6,0.294
248826864/ui-api/cdk/cdk.json,AWS CDK,typescript,High,3,1,2,False,0,False,1,Tested CDK Deployments,6,0.294
248826864/message-receiver/cdk/cdk.json,AWS CDK,typescript,High,3,1,2,False,0,False,1,Tested CDK Deployments,6,0.294
515437710/source/infrastructure/cdk.json,AWS CDK,typescript,High,3,1,8,False,0,False,0,Tested CDK Deployments,6,0.294
310083731/cdk.json,AWS CDK,typescript,High,3,1,5,False,0,False,0,Tested CDK Deployments,6,0.294
282898467/cdk.json,AWS CDK,typescript,High,3,1,3,False,0,False,0,Tested CDK Deployments,6,0.294
507515212/cdk.json,AWS CDK,typescript,High,3,1,2,False,0,False,0,Tested CDK Deployments,6,0.294
415655755/cdk.json,AWS CDK,typescript,High,3,1,2,False,0,False,1,Tested CDK Deployments,6,0.294
509067128/cdk.json,AWS CDK,typescript,High,3,1,2,False,0,False,0,Tested CDK Deployments,6,0.294
515169306/sys-src/infrastructure/cdk.json,AWS CDK,python,High,3,1,3,False,0,False,0,Tested CDK Deployments,6,0.294
419071297/packages/infrastructure/cdk.json,AWS CDK,typescript,High,3,1,4,False,0,False,0,Tested CDK Deployments,6,0.294
396602491/cdk.json,AWS CDK,typescript,High,3,1,3,False,0,False,0,Tested CDK Deployments,6,0.294
235273713/cdk/cdk.json,AWS CDK,typescript,High,3,1,2,False,0,False,0,Tested CDK Deployments,6,0.294
371107683/cdk.json,AWS CDK,python,High,3,1,2,False,0,False,0,Tested CDK Deployments,6,0.294
498441224/cdk.json,AWS CDK,typescript,High,3,1,4,False,0,False,0,Tested CDK Deployments,6,0.294
475884813/infra-diff-problems/cdk.json,AWS CDK,typescript,High,3,1,6,False,0,False,0,Tested CDK Deployments,6,0.294
424775302/src/modules/sitewise/cdk/cdk.json,AWS CDK,typescript,High,3,1,2,False,0,False,0,Tested CDK Deployments,6,0.294
263178418/cdk.json,AWS CDK,typescript,High,3,1,25,False,0,False,0,Tested CDK Deployments,6,0.294
318023808/cdk.json,AWS CDK,typescript,High,3,1,2,False,0,False,0,Tested CDK Deployments,6,0.294
336874821/cdk.json,AWS CDK,typescript,High,3,1,2,False,0,False,0,Tested CDK Deployments,6,0.294
303139773/cdk.json,AWS CDK,typescript,High,3,1,2,False,0,False,0,Tested CDK Deployments,6,0.294
273516444/cdk-workshop-francis/cdk.json,AWS CDK,typescript,High,3,1,2,False,0,False,0,Tested CDK Deployments,6,0.294
273516444/hello-cdk/cdk.json,AWS CDK,typescript,High,3,1,2,False,0,False,0,Tested CDK Deployments,6,0.294
377611043/cdk.json,AWS CDK,python,High,3,1,2,False,0,False,0,Tested CDK Deployments,6,0.294
254227665/cdk.json,AWS CDK,typescript,High,3,1,2,False,0,False,1,Tested CDK Deployments,6,0.294
495316305/devio/cdk.json,AWS CDK,typescript,High,3,1,14,False,0,False,0,Tested CDK Deployments,6,0.294
498495638/cdk.json,AWS CDK,java,High,3,1,2,False,0,False,0,Tested CDK Deployments,6,0.294
264951200/LiffWithS3AndCloudFront/cdk.json,AWS CDK,typescript,High,3,1,2,False,0,False,0,Tested CDK Deployments,6,0.294
524237157/cdk.json,AWS CDK,typescript,High,3,1,2,False,0,False,0,Tested CDK Deployments,6,0.294
458688865/packages/infra-backend/cdk.json,AWS CDK,typescript,High,3,1,2,False,0,False,0,Tested CDK Deployments,6,0.294
516335098/cdk.json,AWS CDK,python,High,3,1,2,False,0,False,0,Tested CDK Deployments,6,0.294
457540158/source/cdk.json,AWS CDK,typescript,High,3,1,2,False,0,False,0,Tested CDK Deployments,6,0.294
285498790/cdk.json,AWS CDK,typescript,High,3,1,6,False,0,False,0,Tested CDK Deployments,6,0.294
58246818/source/cdk.json,AWS CDK,typescript,High,3,1,3,False,0,False,0,Tested CDK Deployments,6,0.294
345455678/cdk.json,AWS CDK,typescript,High,3,1,2,False,0,False,0,Tested CDK Deployments,6,0.294
330155994/cdk.json,AWS CDK,python,High,3,1,2,False,0,False,0,Tested CDK Deployments,6,0.294
395068438/cdk.json,AWS CDK,typescript,High,3,1,2,False,0,False,0,Tested CDK Deployments,6,0.294
263555288/typescript/cdk.json,AWS CDK,typescript,High,3,1,3,False,0,False,0,Tested CDK Deployments,6,0.294
347466211/cdk.json,AWS CDK,typescript,High,3,1,3,False,0,False,0,Tested CDK Deployments,6,0.294
201102309/source/infrastructure/cdk.json,AWS CDK,typescript,High,3,1,13,False,0,False,0,Tested CDK Deployments,6,0.294
435634403/infra/cdk.json,AWS CDK,typescript,High,3,1,3,False,0,False,0,Tested CDK Deployments,6,0.294
505664161/cdk.json,AWS CDK,python,High,3,1,9,False,0,False,0,Tested CDK Deployments,6,0.294
247317794/cdk-app/cdk.json,AWS CDK,typescript,High,3,1,3,False,0,False,0,Tested CDK Deployments,6,0.294
486383540/cdk.json,AWS CDK,typescript,High,3,1,2,False,0,False,0,Tested CDK Deployments,6,0.294
458414275/infra/cdk.json,AWS CDK,typescript,High,3,1,2,False,0,False,0,Tested CDK Deployments,6,0.294
450722320/cdk.json,AWS CDK,python,High,3,1,2,False,0,False,0,Tested CDK Deployments,6,0.294
272147663/part2/cdk.json,AWS CDK,typescript,High,3,1,2,False,0,False,0,Tested CDK Deployments,6,0.294
404584360/infrastructure/cdk.json,AWS CDK,typescript,High,3,1,2,False,0,False,0,Tested CDK Deployments,6,0.294
281863314/cdk.json,AWS CDK,typescript,High,3,1,3,False,0,False,0,Tested CDK Deployments,6,0.294
507112670/cdk.json,AWS CDK,typescript,High,3,1,2,False,0,False,0,Tested CDK Deployments,6,0.294
400818038/cdk.json,AWS CDK,typescript,High,3,1,2,False,0,False,0,Tested CDK Deployments,6,0.294
273666389/modules/cdk/cdk.json,AWS CDK,typescript,High,3,1,2,False,0,False,0,Tested CDK Deployments,6,0.294
346836468/cdk.json,AWS CDK,typescript,High,3,1,4,False,0,False,0,Tested CDK Deployments,6,0.294
412625967/cdk.json,AWS CDK,typescript,High,3,1,2,False,0,False,0,Tested CDK Deployments,6,0.294
304296576/cdk-app/cdk.json,AWS CDK,typescript,High,3,1,2,False,0,False,0,Tested CDK Deployments,6,0.294
491973222/source/packages/@aws-accelerator/tester/cdk.json,AWS CDK,typescript,High,3,1,2,False,0,False,0,Tested CDK Deployments,6,0.294
378475856/cdk.json,AWS CDK,typescript,High,3,1,4,False,0,False,0,Tested CDK Deployments,6,0.294
456531409/cdk.json,AWS CDK,typescript,High,3,1,2,False,0,False,0,Tested CDK Deployments,6,0.294
321825817/packages/cdk/cdk.json,AWS CDK,typescript,High,3,1,3,False,0,False,0,Tested CDK Deployments,6,0.294
448352772/cdk.json,AWS CDK,typescript,High,3,1,2,False,0,False,0,Tested CDK Deployments,6,0.294
415081752/cdk.json,AWS CDK,typescript,High,3,1,2,False,0,False,0,Tested CDK Deployments,6,0.294
298359533/source/resources/cdk.json,AWS CDK,typescript,High,3,1,4,False,0,False,0,Tested CDK Deployments,6,0.294
343894963/cdk.json,AWS CDK,typescript,High,3,1,2,False,0,False,1,Tested CDK Deployments,6,0.294
279253741/microservice-cdk/cdk.json,AWS CDK,typescript,High,3,1,2,False,0,False,0,Tested CDK Deployments,6,0.294
499793557/cdk.json,AWS CDK,typescript,High,3,1,2,False,0,False,0,Tested CDK Deployments,6,0.294
369565959/sample1/cdk.json,AWS CDK,typescript,High,3,1,2,False,0,False,0,Tested CDK Deployments,6,0.294
484934224/cdk.json,AWS CDK,typescript,High,3,1,2,False,0,False,0,Tested CDK Deployments,6,0.294
405826137/cdk.json,AWS CDK,typescript,High,3,1,3,False,0,False,0,Tested CDK Deployments,6,0.294
468865610/cdk.json,AWS CDK,typescript,High,3,1,10,False,0,False,0,Tested CDK Deployments,6,0.294
496020999/source/constructs/cdk.json,AWS CDK,typescript,High,3,1,9,False,0,False,0,Tested CDK Deployments,6,0.294
510186315/cdk.json,AWS CDK,python,High,3,1,2,False,0,False,0,Tested CDK Deployments,6,0.294
510302307/cdk.json,AWS CDK,typescript,High,3,1,7,False,0,False,0,Tested CDK Deployments,6,0.294
499029858/portal-aws/cdk.json,AWS CDK,typescript,High,3,1,4,False,0,False,0,Tested CDK Deployments,6,0.294
310223328/cdk.json,AWS CDK,typescript,High,3,1,2,False,0,False,0,Tested CDK Deployments,6,0.294
486131535/cdk.json,AWS CDK,typescript,High,3,1,2,False,0,False,0,Tested CDK Deployments,6,0.294
454935467/cdk-workshop/cdk.json,AWS CDK,typescript,High,3,1,2,False,0,False,0,Tested CDK Deployments,6,0.294
239412039/cdk.json,AWS CDK,javascript,High,3,1,6,False,0,False,0,Tested CDK Deployments,6,0.294
425037771/typescript/cdk.json,AWS CDK,typescript,High,3,1,3,False,0,False,0,Tested CDK Deployments,6,0.294
425037771/python/cdk.json,AWS CDK,python,High,3,1,3,False,0,False,0,Tested CDK Deployments,6,0.294
425037771/java/cdk.json,AWS CDK,java,High,3,1,3,False,0,False,0,Tested CDK Deployments,6,0.294
414991357/cdktf.json,CDKTF,typescript,High,3,1,3,False,0,False,0,CDKTF Infrastructure,2,0.861
406376661/cloud/cdk.json,AWS CDK,typescript,High,3,1,4,False,0,False,0,Tested CDK Deployments,6,0.294
327783244/cdk.json,AWS CDK,typescript,High,3,1,4,False,0,False,0,Tested CDK Deployments,6,0.294
309306362/cdk.json,AWS CDK,typescript,High,3,1,2,False,0,False,0,Tested CDK Deployments,6,0.294
404156407/packages/deploy/cdk.json,AWS CDK,typescript,High,3,1,2,False,0,False,0,Tested CDK Deployments,6,0.294
491973222/source/packages/@aws-accelerator/accelerator/cdk.json,AWS CDK,typescript,High,3,1,15,False,0,False,0,Tested CDK Deployments,6,0.294
242195963/cdk.json,AWS CDK,typescript,High,3,1,3,False,0,False,0,Tested CDK Deployments,6,0.294
467466472/cdk.json,AWS CDK,python,High,3,1,6,False,0,False,0,Tested CDK Deployments,6,0.294
403281816/cdk.json,AWS CDK,typescript,High,3,1,2,False,0,False,0,Tested CDK Deployments,6,0.294
484209816/cdk.json,AWS CDK,typescript,High,3,1,3,False,0,False,0,Tested CDK Deployments,6,0.294
409682141/cdk.json,AWS CDK,typescript,High,3,1,2,False,0,False,0,Tested CDK Deployments,6,0.294
177675454/stack/cdk.json,AWS CDK,javascript,High,3,1,2,False,0,False,0,Tested CDK Deployments,6,0.294
288562395/RepositoryStatusMonitor/cdk.json,AWS CDK,python,High,3,1,2,False,0,False,0,Tested CDK Deployments,6,0.294
13386075/cdk/cdk.json,AWS CDK,typescript,High,3,1,2,False,0,False,0,Tested CDK Deployments,6,0.294
144028994/deploy/cdk/cdk.json,AWS CDK,typescript,High,3,1,6,False,0,False,0,Tested CDK Deployments,6,0.294
244751960/infrastructure/cdk.json,AWS CDK,typescript,High,3,1,2,False,0,False,0,Tested CDK Deployments,6,0.294
283269244/cdk/typescript/cdk.json,AWS CDK,typescript,High,3,1,3,False,0,False,0,Tested CDK Deployments,6,0.294
406037663/cdk.json,AWS CDK,typescript,High,3,1,3,False,0,False,0,Tested CDK Deployments,6,0.294
292960706/cdk.json,AWS CDK,typescript,High,3,1,15,False,0,False,0,Tested CDK Deployments,6,0.294
362550984/source/cdk-infrastructure/cdk.json,AWS CDK,typescript,High,3,1,6,False,0,False,0,Tested CDK Deployments,6,0.294
497246220/cdk.json,AWS CDK,go,High,3,1,8,False,0,False,0,Tested CDK Deployments,6,0.294
454941992/cdk/cdk.json,AWS CDK,python,High,3,1,8,False,0,False,0,Tested CDK Deployments,6,0.294
233364188/the-lambda-trilogy/typescript/cdk.json,AWS CDK,typescript,High,3,1,3,False,0,False,1,Tested CDK Deployments,6,0.294
233364188/the-xray-tracer/typescript/cdk.json,AWS CDK,typescript,High,3,1,5,False,0,False,0,Tested CDK Deployments,6,0.294
361012925/cdk.json,AWS CDK,typescript,High,3,1,2,False,0,False,0,Tested CDK Deployments,6,0.294
281029364/deployment/cdk.json,AWS CDK,typescript,High,3,1,2,False,0,False,0,Tested CDK Deployments,6,0.294
265114795/cdk.json,AWS CDK,typescript,High,3,1,3,False,0,False,0,Tested CDK Deployments,6,0.294
211693216/cdk.json,AWS CDK,typescript,High,3,1,2,False,0,False,0,Tested CDK Deployments,6,0.294
182793997/deploy/manifest/cdk.json,AWS CDK,javascript,High,3,1,3,False,0,False,0,Tested CDK Deployments,6,0.294
298261347/cdk.json,AWS CDK,typescript,High,3,1,2,False,0,False,0,Tested CDK Deployments,6,0.294
241383233/infrastructure/cdk/cdk.json,AWS CDK,typescript,High,3,1,5,False,0,False,0,Tested CDK Deployments,6,0.294
278491326/cdk.json,AWS CDK,typescript,High,3,1,2,False,0,False,0,Tested CDK Deployments,6,0.294
367600340/cdk.json,AWS CDK,typescript,High,3,1,5,False,0,False,0,Tested CDK Deployments,6,0.294
437575189/cdk.json,AWS CDK,typescript,High,3,1,2,False,0,False,0,Tested CDK Deployments,6,0.294
244134349/cdk.json,AWS CDK,typescript,High,3,1,2,False,0,False,0,Tested CDK Deployments,6,0.294
246208003/cdk-infra/cdk.json,AWS CDK,typescript,High,3,1,2,False,0,False,0,Tested CDK Deployments,6,0.294
375061024/cdk-workshop/cdk.json,AWS CDK,javascript,High,3,1,2,False,0,False,0,Tested CDK Deployments,6,0.294
439412089/cdk.json,AWS CDK,typescript,High,3,1,2,False,0,False,0,Tested CDK Deployments,6,0.294
365978045/infra/cdk.json,AWS CDK,typescript,High,3,1,4,False,0,False,0,Tested CDK Deployments,6,0.294
278119041/cdk.json,AWS CDK,typescript,High,3,1,2,False,0,False,1,Tested CDK Deployments,6,0.294
320652300/packages/infra/cdk.json,AWS CDK,typescript,High,3,1,2,False,0,False,0,Tested CDK Deployments,6,0.294
254018470/cdk.json,AWS CDK,typescript,High,3,1,2,False,0,False,0,Tested CDK Deployments,6,0.294
227072410/cdk.json,AWS CDK,typescript,High,3,1,2,False,0,False,0,Tested CDK Deployments,6,0.294
378732677/cdk/cdk.json,AWS CDK,typescript,High,3,1,2,False,0,False,0,Tested CDK Deployments,6,0.294
321062703/cdk.json,AWS CDK,typescript,High,3,1,2,False,0,False,0,Tested CDK Deployments,6,0.294
195741141/cdk.json,AWS CDK,typescript,High,3,1,2,False,0,False,1,Tested CDK Deployments,6,0.294
403076418/cdk.json,AWS CDK,typescript,High,3,1,6,False,0,False,0,Tested CDK Deployments,6,0.294
72462327/source/resources/cdk.json,AWS CDK,typescript,High,3,1,2,False,0,False,0,Tested CDK Deployments,6,0.294
466730715/Pulumi.yaml,Pulumi,typescript,High,3,1,5,False,3,False,0,Tested CDK Deployments,6,0.294
422813669/ecs-fargate-cdk/cdk.json,AWS CDK,typescript,High,3,1,2,False,0,False,1,Tested CDK Deployments,6,0.294
275437620/infra/cdk.json,AWS CDK,typescript,High,3,1,2,False,0,False,0,Tested CDK Deployments,6,0.294
416650730/infrastructure/cdk.json,AWS CDK,java,High,3,1,2,False,0,False,0,Tested CDK Deployments,6,0.294
480994630/cdk.json,AWS CDK,typescript,High,3,1,7,False,0,False,0,Tested CDK Deployments,6,0.294
126382074/source/infrastructure/cdk.json,AWS CDK,typescript,High,3,1,7,False,0,False,0,Tested CDK Deployments,6,0.294
459230107/cdk.json,AWS CDK,typescript,High,3,1,9,False,0,False,0,Tested CDK Deployments,6,0.294
521962380/cdk.json,AWS CDK,python,High,3,1,2,False,0,False,0,Tested CDK Deployments,6,0.294
329252784/cdk-autoscaling/cdk.json,AWS CDK,typescript,High,3,1,2,False,0,False,0,Tested CDK Deployments,6,0.294
436465916/cdk.json,AWS CDK,typescript,High,3,1,2,False,0,False,0,Tested CDK Deployments,6,0.294
472585447/cdk.json,AWS CDK,typescript,High,3,1,2,False,0,False,0,Tested CDK Deployments,6,0.294
484979460/cdk.json,AWS CDK,typescript,High,3,1,2,False,0,False,0,Tested CDK Deployments,6,0.294
417093433/cdk.json,AWS CDK,typescript,High,3,1,10,False,0,False,0,Tested CDK Deployments,6,0.294
360516538/usecases/guest-webapp-sample/cdk.json,AWS CDK,typescript,High,3,1,5,False,0,False,0,Tested CDK Deployments,6,0.294
360516538/usecases/guest-apiapp-sample/cdk.json,AWS CDK,typescript,High,3,1,2,False,0,False,0,Tested CDK Deployments,6,0.294
483711473/workshop/cdk.json,AWS CDK,typescript,High,3,1,2,False,0,False,0,Tested CDK Deployments,6,0.294
339703260/cdk/spot-fargate/cdk.json,AWS CDK,typescript,High,3,1,2,False,0,False,1,Tested CDK Deployments,6,0.294
480524614/src/modules/sitewise/cdk/cdk.json,AWS CDK,typescript,High,3,1,2,False,0,False,0,Tested CDK Deployments,6,0.294
339703260/ecs/cdk-samples/spot-fargate/cdk.json,AWS CDK,typescript,High,3,1,2,False,0,False,1,Tested CDK Deployments,6,0.294
339703260/ecs/cdk-samples/base/cdk.json,AWS CDK,typescript,High,3,1,2,False,0,False,0,Tested CDK Deployments,6,0.294
424842039/cdk.json,AWS CDK,typescript,High,3,1,4,False,0,False,0,Tested CDK Deployments,6,0.294
387586444/cdk.json,AWS CDK,typescript,High,3,1,3,False,0,False,0,Tested CDK Deployments,6,0.294
361096326/cdk.json,AWS CDK,typescript,High,3,1,4,False,0,False,0,Tested CDK Deployments,6,0.294
360290310/eks-fargate/cdk.json,AWS CDK,typescript,High,3,1,2,False,0,False,0,Tested CDK Deployments,6,0.294
358041447/cdk.json,AWS CDK,typescript,High,3,1,2,False,0,False,0,Tested CDK Deployments,6,0.294
469047520/ops/cdk.json,AWS CDK,typescript,High,3,1,2,False,0,False,0,Tested CDK Deployments,6,0.294
298707050/cdk.json,AWS CDK,typescript,High,3,1,2,False,0,False,0,Tested CDK Deployments,6,0.294
339703260/cdk/base/cdk.json,AWS CDK,typescript,High,3,1,2,False,0,False,0,Tested CDK Deployments,6,0.294
414811764/cdk.json,AWS CDK,typescript,High,3,1,3,False,0,False,0,Tested CDK Deployments,6,0.294
458635982/cdk.json,AWS CDK,java,High,3,1,3,False,0,False,0,Tested CDK Deployments,6,0.294
503200583/cdk.json,AWS CDK,typescript,High,3,1,4,False,0,False,0,Tested CDK Deployments,6,0.294
269451205/cdk.json,AWS CDK,typescript,High,3,1,2,False,0,False,0,Tested CDK Deployments,6,0.294
443445329/cicd-authorisation/cdk.json,AWS CDK,typescript,High,3,1,5,False,0,False,0,Tested CDK Deployments,6,0.294
102897595/source/infrastructure/cdk.json,AWS CDK,typescript,High,3,1,10,False,0,False,0,Tested CDK Deployments,6,0.294
472615865/cdk.json,AWS CDK,typescript,High,3,1,2,False,0,False,0,Tested CDK Deployments,6,0.294
309259023/loadgen/cdk.json,AWS CDK,typescript,High,3,1,2,False,0,False,0,Tested CDK Deployments,6,0.294
421477924/cdk.json,AWS CDK,typescript,High,3,1,3,False,0,False,0,Tested CDK Deployments,6,0.294
479470473/cdk.json,AWS CDK,python,High,3,1,4,False,0,False,0,Tested CDK Deployments,6,0.294
468083964/cdk.json,AWS CDK,typescript,High,3,1,2,False,0,False,0,Tested CDK Deployments,6,0.294
324695851/cdk.json,AWS CDK,python,High,3,1,2,False,0,False,0,Tested CDK Deployments,6,0.294
372285445/cdk.json,AWS CDK,typescript,High,3,1,2,False,0,False,0,Tested CDK Deployments,6,0.294
510279977/cdk.json,AWS CDK,typescript,High,3,1,2,False,0,False,0,Tested CDK Deployments,6,0.294
480454971/src/modules/sitewise/cdk/cdk.json,AWS CDK,typescript,High,3,1,2,False,0,False,0,Tested CDK Deployments,6,0.294
361471086/typescript/cdk.json,AWS CDK,typescript,High,3,1,2,False,0,False,0,Tested CDK Deployments,6,0.294
368923179/cdk.json,AWS CDK,typescript,High,3,1,2,False,0,False,0,Tested CDK Deployments,6,0.294
455020830/01_cdkworkshop/cdk-workshop/cdk.json,AWS CDK,typescript,High,3,1,2,False,0,False,0,Tested CDK Deployments,6,0.294
122503419/cdk.json,AWS CDK,typescript,High,3,1,3,False,0,False,0,Tested CDK Deployments,6,0.294
308027791/tools/ci-cdk/cdk.json,AWS CDK,typescript,High,3,1,2,False,0,False,0,Tested CDK Deployments,6,0.294
393961237/cdk.json,AWS CDK,typescript,High,3,1,2,False,0,False,0,Tested CDK Deployments,6,0.294
272352306/aws-cdk/cdk-workshop-typescript/cdk.json,AWS CDK,typescript,High,3,1,2,False,0,False,0,Tested CDK Deployments,6,0.294
496918171/cdk.json,AWS CDK,typescript,High,3,1,4,False,0,False,0,Tested CDK Deployments,6,0.294
166138964/aws/cdk.json,AWS CDK,javascript,High,3,1,6,False,0,False,0,Tested CDK Deployments,6,0.294
475723870/src/modules/sitewise/cdk/cdk.json,AWS CDK,typescript,High,3,1,2,False,0,False,0,Tested CDK Deployments,6,0.294
339750918/cdk.json,AWS CDK,typescript,High,3,1,2,False,0,False,0,Tested CDK Deployments,6,0.294
322107561/source/cdk.json,AWS CDK,typescript,High,3,1,2,False,0,False,0,Tested CDK Deployments,6,0.294
501409852/LambdaWithDynamoDB/cdk.json,AWS CDK,csharp,High,3,1,3,False,0,False,0,Tested CDK Deployments,6,0.294
501409852/LambdaWithAPIGateway/cdk.json,AWS CDK,csharp,High,3,1,4,False,0,False,1,Tested CDK Deployments,6,0.294
403766538/cdk.json,AWS CDK,typescript,High,3,1,4,False,0,False,0,Tested CDK Deployments,6,0.294
375001292/packages/cdk/cdk.json,AWS CDK,typescript,High,3,1,6,False,0,False,0,Tested CDK Deployments,6,0.294
263505609/cdk.json,AWS CDK,typescript,High,3,1,2,False,0,False,0,Tested CDK Deployments,6,0.294
346829661/cdknode/cdk.json,AWS CDK,typescript,High,3,1,2,False,0,False,0,Tested CDK Deployments,6,0.294
377172316/cdk.json,AWS CDK,typescript,High,3,1,2,False,0,False,0,Tested CDK Deployments,6,0.294
458621713/cdk.json,AWS CDK,typescript,High,3,1,2,False,0,False,0,Tested CDK Deployments,6,0.294
389621479/cdk.json,AWS CDK,javascript,High,3,1,2,False,0,False,0,Tested CDK Deployments,6,0.294
277655681/cdk.json,AWS CDK,typescript,High,3,1,2,False,0,False,0,Tested CDK Deployments,6,0.294
433075600/cdk.json,AWS CDK,typescript,High,3,1,4,False,0,False,0,Tested CDK Deployments,6,0.294
478716560/aws-crud-ex/cdk.json,AWS CDK,typescript,High,3,1,2,False,0,False,0,Tested CDK Deployments,6,0.294
478716560/aws-xray/cdk.json,AWS CDK,typescript,High,3,1,3,False,0,False,0,Tested CDK Deployments,6,0.294
501409852/LambdaTriggers/cdk.json,AWS CDK,csharp,High,3,1,3,False,0,False,0,Tested CDK Deployments,6,0.294
213823288/data/advnetspec-cdk-sandbox/cdk.json,AWS CDK,typescript,High,3,1,2,False,0,False,0,Tested CDK Deployments,6,0.294
321527643/web-app-cdk/cdk.json,AWS CDK,typescript,High,3,1,2,False,0,False,0,Tested CDK Deployments,6,0.294
474491582/cdk.json,AWS CDK,typescript,High,3,1,2,False,0,False,1,Serverless + Static Hosting,0,0.712
292200952/cdk/cdk-workshop/cdk.json,AWS CDK,typescript,High,3,1,2,False,0,False,0,Tested CDK Deployments,6,0.294
354874239/packages/cdk/cdk.json,AWS CDK,typescript,High,3,1,3,False,0,False,0,Tested CDK Deployments,6,0.294
380936989/cdk.json,AWS CDK,typescript,High,3,1,2,False,0,False,0,Tested CDK Deployments,6,0.294
258697901/packages/cdk/cdk.json,AWS CDK,typescript,High,3,1,2,False,0,False,0,Tested CDK Deployments,6,0.294
407449168/cdk.json,AWS CDK,typescript,High,3,1,6,False,0,False,0,Tested CDK Deployments,6,0.294
507453812/apps/api-public/cdk.json,AWS CDK,typescript,High,3,1,2,False,0,False,0,Tested CDK Deployments,6,0.294
329252784/cdk-apigw-lambda-dynamodb-firehose-s3/cdk.json,AWS CDK,typescript,High,3,1,2,False,0,False,0,Tested CDK Deployments,6,0.294
358407459/cdk.json,AWS CDK,typescript,High,3,1,2,False,0,False,0,Tested CDK Deployments,6,0.294
384655018/packages/db/cdk.json,AWS CDK,typescript,High,3,1,2,False,0,False,0,Tested CDK Deployments,6,0.294
397883979/terraform-cdk/test/typescript/modules/cdktf.json,CDKTF,typescript,High,3,1,2,False,0,False,0,CDKTF Infrastructure,2,0.861
397883979/terraform-cdk/test/typescript/synth-app-error/cdktf.json,CDKTF,typescript,High,3,1,2,False,0,False,0,CDKTF Infrastructure,2,0.861
397883979/terraform-cdk/test/typescript/terraform-cloud/cdktf.json,CDKTF,typescript,High,3,1,2,False,0,False,0,CDKTF Infrastructure,2,0.861
397883979/terraform-cdk/test/typescript/watch/cdktf.json,CDKTF,typescript,High,3,1,2,False,0,False,0,CDKTF Infrastructure,2,0.861
397883979/terraform-cdk/test/typescript/feature-flags/cdktf.json,CDKTF,typescript,High,3,1,2,False,0,False,0,CDKTF Infrastructure,2,0.861
397883979/terraform-cdk/test/typescript/multiple-stacks/cdktf.json,CDKTF,typescript,High,3,1,2,False,0,False,0,CDKTF Infrastructure,2,0.861
456662642/cdk.json,AWS CDK,typescript,High,3,1,6,False,0,False,0,Tested CDK Deployments,6,0.294
507453812/apps/api-admin/cdk.json,AWS CDK,typescript,High,3,1,3,False,0,False,0,Tested CDK Deployments,6,0.294
355029829/release/staging-resources-cdk/cdk.json,AWS CDK,typescript,High,3,1,4,False,0,False,0,Tested CDK Deployments,6,0.294
406741887/cdk.json,AWS CDK,typescript,High,3,1,2,False,0,False,0,Tested CDK Deployments,6,0.294
272214999/part2/cdk.json,AWS CDK,typescript,High,3,1,2,False,0,False,0,Tested CDK Deployments,6,0.294
181561553/src/perf-tests/perftest-stack-airline/cdk.json,AWS CDK,typescript,High,3,1,2,False,0,False,0,Tested CDK Deployments,6,0.294
418794947/cdk.json,AWS CDK,typescript,High,3,1,3,False,0,False,0,Tested CDK Deployments,6,0.294
386179171/packages/tenant-resource-manager/cdk.json,AWS CDK,typescript,High,3,1,4,False,0,False,0,Tested CDK Deployments,6,0.294
375837239/cdk.json,AWS CDK,typescript,High,3,1,9,False,0,False,0,Tested CDK Deployments,6,0.294
419124160/packages/infrastructure/cdk.json,AWS CDK,typescript,High,3,1,5,False,0,False,0,Tested CDK Deployments,6,0.294
496267622/cdk/cdk.json,AWS CDK,python,High,3,1,2,False,0,False,0,Tested CDK Deployments,6,0.294
355691915/cdk.json,AWS CDK,typescript,High,3,1,2,False,0,False,1,Kubernetes Workload,3,0.706
467316620/cdk.json,AWS CDK,typescript,High,3,1,2,False,0,False,0,Tested CDK Deployments,6,0.294
478208007/cdk.json,AWS CDK,typescript,High,3,1,3,False,0,False,0,Tested CDK Deployments,6,0.294
439709622/test-app/cdk/cdk.json,AWS CDK,typescript,High,3,1,2,False,0,False,0,Tested CDK Deployments,6,0.294
412134436/cdk.json,AWS CDK,typescript,High,3,1,2,False,0,False,0,Tested CDK Deployments,6,0.294
396523569/cdk.json,AWS CDK,typescript,High,3,1,7,False,0,False,0,Tested CDK Deployments,6,0.294
394675818/Neptune_cypher_gql/neptune_lambda/cdk.json,AWS CDK,typescript,High,3,1,2,False,0,False,0,Tested CDK Deployments,6,0.294
446457882/cdk.json,AWS CDK,typescript,High,3,1,7,False,0,False,0,Tested CDK Deployments,6,0.294
300600965/source/cdk.json,AWS CDK,typescript,High,3,1,10,False,0,False,0,Tested CDK Deployments,6,0.294
309524625/cdk.json,AWS CDK,typescript,High,3,1,2,False,0,False,0,Tested CDK Deployments,6,0.294
396812604/cdk.json,AWS CDK,typescript,High,3,1,2,False,0,False,0,Tested CDK Deployments,6,0.294
424873291/packages/cloud/cdk.json,AWS CDK,typescript,High,3,1,2,False,0,False,0,Tested CDK Deployments,6,0.294
218010561/infrastructure/cdk.json,AWS CDK,typescript,High,3,1,6,False,0,False,0,Tested CDK Deployments,6,0.294
389159492/cdk.json,AWS CDK,typescript,High,3,1,2,False,0,False,0,Tested CDK Deployments,6,0.294
423285633/cdk.json,AWS CDK,typescript,High,3,1,2,False,0,False,0,Tested CDK Deployments,6,0.294
267396360/cdk.json,AWS CDK,typescript,High,3,1,2,False,0,False,0,Tested CDK Deployments,6,0.294
400078104/Pulumi.yaml,Pulumi,go,High,3,1,2,False,0,False,0,Tested CDK Deployments,6,0.294
370831776/iac/cdk/cdk.json,AWS CDK,java,High,3,1,2,False,0,False,0,Tested CDK Deployments,6,0.294
427427882/cdk.json,AWS CDK,typescript,High,3,1,3,False,0,False,0,Tested CDK Deployments,6,0.294
374014691/cdk.json,AWS CDK,typescript,High,3,1,2,False,0,False,0,Tested CDK Deployments,6,0.294
499520231/cicd-authorisation/cdk.json,AWS CDK,typescript,High,3,1,8,False,0,False,0,Tested CDK Deployments,6,0.294
448236550/ec2-configuration/cdk.json,AWS CDK,typescript,High,3,1,3,False,0,False,0,Tested CDK Deployments,6,0.294
469375074/cdk-code/cdk.json,AWS CDK,python,High,3,1,2,False,0,False,0,Tested CDK Deployments,6,0.294
383621550/cdk.json,AWS CDK,typescript,High,3,1,2,False,0,False,0,Tested CDK Deployments,6,0.294
505500614/infraestructure/cdk.json,AWS CDK,typescript,High,3,1,3,False,0,False,0,Tested CDK Deployments,6,0.294
305501331/layer-publisher/cdk.json,AWS CDK,typescript,High,3,1,2,False,0,False,0,Tested CDK Deployments,6,0.294
498266521/cdk/cdk.json,AWS CDK,python,High,3,1,2,False,0,False,0,Tested CDK Deployments,6,0.294
421462316/CDK/cdk.json,AWS CDK,typescript,High,3,1,2,False,0,False,0,Tested CDK Deployments,6,0.294
327307933/cdk.json,AWS CDK,typescript,High,3,1,2,False,0,False,0,Tested CDK Deployments,6,0.294
491885033/cdk/cdk.json,AWS CDK,java,High,3,1,3,False,0,False,0,Tested CDK Deployments,6,0.294
448236550/ecs-configuration/cdk.json,AWS CDK,typescript,High,3,1,19,False,0,False,0,Tested CDK Deployments,6,0.294
432496320/cdk.json,AWS CDK,typescript,High,3,1,2,False,0,False,0,Tested CDK Deployments,6,0.294
190258543/cdk.json,AWS CDK,typescript,High,3,1,2,False,0,False,0,Tested CDK Deployments,6,0.294
418588137/cdk.json,AWS CDK,typescript,High,3,1,2,False,0,False,0,Tested CDK Deployments,6,0.294
408143810/infrastructure/cdk.json,AWS CDK,typescript,High,3,1,2,False,0,False,0,Tested CDK Deployments,6,0.294
310128186/cdk.json,AWS CDK,typescript,High,3,1,2,False,0,False,0,Tested CDK Deployments,6,0.294
284821817/cdk.json,AWS CDK,typescript,High,3,1,2,False,0,False,0,Tested CDK Deployments,6,0.294
442181093/cdk.json,AWS CDK,python,High,3,1,2,False,0,False,0,Tested CDK Deployments,6,0.294
285782622/cdk.json,AWS CDK,typescript,High,3,1,5,False,0,False,0,Tested CDK Deployments,6,0.294
477216048/cdk.json,AWS CDK,python,High,3,1,2,False,0,False,0,Tested CDK Deployments,6,0.294
255818785/cdk.json,AWS CDK,python,High,3,1,2,False,0,False,0,Tested CDK Deployments,6,0.294
420083833/cdk.json,AWS CDK,typescript,High,3,1,4,False,0,False,0,Tested CDK Deployments,6,0.294
363593218/backend/cdk.json,AWS CDK,typescript,High,3,1,5,False,0,False,0,Tested CDK Deployments,6,0.294
341658981/cognito-backend/cdk.json,AWS CDK,typescript,High,3,1,2,False,0,False,1,Tested CDK Deployments,6,0.294
469551453/source/infrastructure/cdk.json,AWS CDK,typescript,High,3,1,10,False,0,False,0,Tested CDK Deployments,6,0.294
502720827/aws-cdk-examples-master/typescript/s3-kms-cross-account-replication/cdk.json,AWS CDK,typescript,High,3,1,2,False,0,False,0,Tested CDK Deployments,6,0.294
272616813/cdk.json,AWS CDK,typescript,High,3,1,5,False,0,False,0,Tested CDK Deployments,6,0.294
87204582/cdk/cdk.json,AWS CDK,typescript,High,3,1,2,False,0,False,0,Tested CDK Deployments,6,0.294
199653602/cdk.json,AWS CDK,typescript,High,3,1,3,False,0,False,1,Kubernetes Workload,3,0.706
462222282/cdk.json,AWS CDK,typescript,High,3,1,2,False,0,False,1,Tested CDK Deployments,6,0.294
405308192/backend/cdk.json,AWS CDK,typescript,High,3,1,4,False,0,False,0,Tested CDK Deployments,6,0.294
426880512/cdk.json,AWS CDK,typescript,High,3,1,3,False,0,False,0,Tested CDK Deployments,6,0.294
217671625/infrastructure/cdk.json,AWS CDK,typescript,High,3,1,2,False,0,False,0,Tested CDK Deployments,6,0.294
507269470/cdk.json,AWS CDK,typescript,High,3,1,2,False,0,False,0,Tested CDK Deployments,6,0.294
471239096/cdk.json,AWS CDK,typescript,High,3,1,2,False,0,False,0,Tested CDK Deployments,6,0.294
496373041/pattern2/cdk.json,AWS CDK,typescript,High,3,1,3,False,0,False,0,Tested CDK Deployments,6,0.294
496373041/pattern3/cdk.json,AWS CDK,typescript,High,3,1,3,False,0,False,0,Tested CDK Deployments,6,0.294
345340810/cdk.json,AWS CDK,python,High,3,1,2,False,0,False,0,Tested CDK Deployments,6,0.294
310391906/source/cdk.json,AWS CDK,typescript,High,3,1,6,False,0,False,0,Tested CDK Deployments,6,0.294
481297900/src/infrasructure/cdk.json,AWS CDK,typescript,High,3,1,2,False,0,False,0,Tested CDK Deployments,6,0.294
516341443/cdk.json,AWS CDK,typescript,High,3,1,2,False,0,False,0,Tested CDK Deployments,6,0.294
384521523/packages/backend/cdk.json,AWS CDK,typescript,High,3,1,4,False,0,False,0,Tested CDK Deployments,6,0.294
348650280/cdk.json,AWS CDK,typescript,High,3,1,50,False,0,False,0,Tested CDK Deployments,6,0.294
199106514/cdk.json,AWS CDK,typescript,High,3,1,5,False,0,False,0,Tested CDK Deployments,6,0.294
382187360/cdk.json,AWS CDK,typescript,High,3,1,6,False,0,False,0,Tested CDK Deployments,6,0.294
520130416/cdk.json,AWS CDK,typescript,High,3,1,2,False,0,False,0,Tested CDK Deployments,6,0.294
435170636/stack/cdktf.json,CDKTF,typescript,High,3,1,3,False,0,False,0,CDKTF Infrastructure,2,0.861
250333861/cdk.json,AWS CDK,typescript,High,3,1,2,False,0,False,1,Tested CDK Deployments,6,0.294
425144732/cdk.json,AWS CDK,typescript,High,3,1,3,False,0,False,0,Tested CDK Deployments,6,0.294
326797258/cdk.json,AWS CDK,typescript,High,3,1,2,False,0,False,0,Tested CDK Deployments,6,0.294
346630068/serverless-bot-framework/source/infrastructure/cdk.json,AWS CDK,typescript,High,3,1,10,False,0,False,0,Tested CDK Deployments,6,0.294
417857256/cdk.json,AWS CDK,typescript,High,3,1,3,False,0,False,0,Tested CDK Deployments,6,0.294
468963055/cdk.json,AWS CDK,typescript,High,3,1,2,False,0,False,0,Tested CDK Deployments,6,0.294
486002398/cdk.json,AWS CDK,typescript,High,3,1,10,False,0,False,1,Tested CDK Deployments,6,0.294
357795578/cdk.json,AWS CDK,typescript,High,3,1,3,False,0,False,0,Tested CDK Deployments,6,0.294
245198695/cdk.json,AWS CDK,python,High,3,1,2,False,0,False,0,Tested CDK Deployments,6,0.294
500057559/cdk.json,AWS CDK,typescript,High,3,1,2,False,0,False,0,Tested CDK Deployments,6,0.294
437880047/cdk.json,AWS CDK,typescript,High,3,1,2,False,0,False,0,Tested CDK Deployments,6,0.294
522584116/cdk.json,AWS CDK,typescript,High,3,1,2,False,0,False,0,Tested CDK Deployments,6,0.294
314245458/cdk.json,AWS CDK,typescript,High,3,1,2,False,0,False,0,Tested CDK Deployments,6,0.294
354295082/cdk.json,AWS CDK,typescript,High,3,1,2,False,0,False,0,Tested CDK Deployments,6,0.294
338384179/app/cdk.json,AWS CDK,typescript,High,3,1,2,False,0,False,0,Tested CDK Deployments,6,0.294
524683500/cdk.json,AWS CDK,typescript,High,3,1,2,False,0,False,0,Tested CDK Deployments,6,0.294
448094898/packages/infra/cdk.json,AWS CDK,typescript,High,3,1,3,False,0,False,0,Tested CDK Deployments,6,0.294
377841615/cdk.json,AWS CDK,typescript,High,3,1,7,False,0,False,0,Tested CDK Deployments,6,0.294
359898049/cdk/cdk.json,AWS CDK,python,High,3,1,5,False,0,False,0,Tested CDK Deployments,6,0.294
511323968/Workshop/environment/aws-iot-twinmaker-samples/src/modules/sitewise/cdk/cdk.json,AWS CDK,typescript,High,3,1,2,False,0,False,0,Tested CDK Deployments,6,0.294
409130358/cdk.json,AWS CDK,typescript,High,3,1,4,False,0,False,0,Tested CDK Deployments,6,0.294
377542138/cdk.json,AWS CDK,typescript,High,3,1,13,False,0,False,0,Tested CDK Deployments,6,0.294
359625970/source/resources/cdk.json,AWS CDK,typescript,High,3,1,3,False,0,False,0,Tested CDK Deployments,6,0.294
302002706/cdk/cdk.json,AWS CDK,typescript,High,3,1,2,False,0,False,0,Tested CDK Deployments,6,0.294
527216975/cdk.json,AWS CDK,typescript,High,3,1,3,False,0,False,0,Tested CDK Deployments,6,0.294
232603801/test/java/provider-add-command/cdktf.json,CDKTF,java,High,3,1,2,False,0,False,0,CDKTF Infrastructure,2,0.861
232603801/test/java/synth-app/cdktf.json,CDKTF,java,High,3,1,2,False,0,False,0,CDKTF Infrastructure,2,0.861
284053043/cdk.json,AWS CDK,typescript,High,3,1,2,False,0,False,0,Tested CDK Deployments,6,0.294
394425339/cdk.json,AWS CDK,typescript,High,3,1,3,False,0,False,0,Tested CDK Deployments,6,0.294
337891210/cdk.json,AWS CDK,typescript,High,3,1,3,False,0,False,1,Tested CDK Deployments,6,0.294
478545675/sprint6hira/backendhira/cdk.json,AWS CDK,typescript,High,3,1,2,False,0,False,0,Tested CDK Deployments,6,0.294
465204261/hira4sprint/cdk.json,AWS CDK,typescript,High,3,1,2,False,0,False,0,Tested CDK Deployments,6,0.294
465204261/sprint5hira/cdk.json,AWS CDK,typescript,High,3,1,2,False,0,False,0,Tested CDK Deployments,6,0.294
298937341/cdk.json,AWS CDK,typescript,High,3,1,2,False,0,False,0,Tested CDK Deployments,6,0.294
216396790/cdk.json,AWS CDK,javascript,High,3,1,2,False,0,False,0,Tested CDK Deployments,6,0.294
379652549/cdk.json,AWS CDK,typescript,High,3,1,2,False,0,False,0,Tested CDK Deployments,6,0.294
335254116/cdk.json,AWS CDK,typescript,High,3,1,2,False,0,False,0,Tested CDK Deployments,6,0.294
455797861/cdktf.json,CDKTF,typescript,High,3,1,2,False,0,False,0,CDKTF Infrastructure,2,0.861
416535369/src/perf-tests/perftest-stack-airline/cdk.json,AWS CDK,typescript,High,3,1,2,False,0,False,0,Tested CDK Deployments,6,0.294
338967034/cdk.json,AWS CDK,typescript,High,3,1,2,False,0,False,1,Tested CDK Deployments,6,0.294
210459871/cdk.json,AWS CDK,typescript,High,3,1,2,False,0,False,0,Tested CDK Deployments,6,0.294
266104110/src/perf-tests/perftest-stack-airline/cdk.json,AWS CDK,typescript,High,3,1,2,False,0,False,0,Tested CDK Deployments,6,0.294
331600304/backend/cdk.json,AWS CDK,typescript,High,3,1,2,False,0,False,0,Tested CDK Deployments,6,0.294
263463715/eventbridge-integration-solution-aws-api-cdk/cdk.json,AWS CDK,typescript,High,3,1,6,False,0,False,1,Tested CDK Deployments,6,0.294
442077313/cdk.json,AWS CDK,typescript,High,3,1,2,False,0,False,0,Tested CDK Deployments,6,0.294
439606138/cdk.json,AWS CDK,python,High,3,1,2,False,0,False,0,Tested CDK Deployments,6,0.294
505868988/serverless-kafka-iac/cdk.json,AWS CDK,python,High,3,1,2,False,0,False,0,Tested CDK Deployments,6,0.294
240144055/cdk.json,AWS CDK,typescript,High,3,1,5,False,0,False,0,Tested CDK Deployments,6,0.294
456880760/shanawar/sprint3/cdk.json,AWS CDK,python,High,3,1,2,False,0,False,0,Tested CDK Deployments,6,0.294
456880760/shanawar/sprint2/cdk.json,AWS CDK,python,High,3,1,2,False,0,False,0,Tested CDK Deployments,6,0.294
456880760/shanawar/sprint4/cdk.json,AWS CDK,python,High,3,1,2,False,0,False,0,Tested CDK Deployments,6,0.294
456880760/shanawar/sprint5/cdk.json,AWS CDK,python,High,3,1,2,False,0,False,0,Tested CDK Deployments,6,0.294
225460129/cdk.json,AWS CDK,typescript,High,3,1,2,False,0,False,0,Tested CDK Deployments,6,0.294
304115555/cdk.json,AWS CDK,typescript,High,3,1,3,False,0,False,0,Tested CDK Deployments,6,0.294
232603801/test/go/synth-app/cdktf.json,CDKTF,go,High,3,1,2,False,0,False,0,CDKTF Infrastructure,2,0.861
515311612/aws_cdk_serverless_test/integration/cdk.json,AWS CDK,python,High,3,1,4,False,0,False,0,Tested CDK Deployments,6,0.294
232603801/test/typescript/modules/cdktf.json,CDKTF,typescript,High,3,1,2,False,0,False,0,CDKTF Infrastructure,2,0.861
232603801/test/typescript/provider-add-command/cdktf.json,CDKTF,typescript,High,3,1,2,False,0,False,0,CDKTF Infrastructure,2,0.861
232603801/test/typescript/synth-app/cdktf.json,CDKTF,typescript,High,3,1,2,False,0,False,0,CDKTF Infrastructure,2,0.861
232603801/test/typescript/feature-flags/cdktf.json,CDKTF,typescript,High,3,1,2,False,0,False,0,CDKTF Infrastructure,2,0.861
232603801/test/typescript/multiple-stacks/cdktf.json,CDKTF,typescript,High,3,1,2,False,0,False,0,CDKTF Infrastructure,2,0.861
232603801/test/csharp/provider-add-command/cdktf.json,CDKTF,csharp,High,3,1,2,False,0,False,0,CDKTF Infrastructure,2,0.861
232603801/test/csharp/synth-app/cdktf.json,CDKTF,csharp,High,3,1,2,False,0,False,0,CDKTF Infrastructure,2,0.861
232603801/test/python/synth-app/cdktf.json,CDKTF,python,High,3,1,2,False,0,False,0,CDKTF Infrastructure,2,0.861
232603801/test/go/provider-add-command/cdktf.json,CDKTF,go,High,3,1,2,False,0,False,0,CDKTF Infrastructure,2,0.861
333513316/iot-onboarding-infra/cdk.json,AWS CDK,typescript,High,3,1,2,False,0,False,0,Tested CDK Deployments,6,0.294
309065034/step41_Lambda Extensions/Step02_Save_Logs_in_S3/cdk.json,AWS CDK,typescript,High,3,1,2,False,0,False,0,Tested CDK Deployments,6,0.294
309065034/step36_aws-rds/cdk.json,AWS CDK,typescript,High,3,1,2,False,0,False,0,Tested CDK Deployments,6,0.294
309065034/step36_aws-rds/Python/cdk.json,AWS CDK,typescript,High,3,1,2,False,0,False,0,Tested CDK Deployments,6,0.294
294051699/cdk.json,AWS CDK,typescript,High,3,1,2,False,0,False,0,Tested CDK Deployments,6,0.294
405389045/infrastructure/cdk.json,AWS CDK,typescript,High,3,1,3,False,0,False,0,Tested CDK Deployments,6,0.294
452552818/cdk.json,AWS CDK,typescript,High,3,1,3,False,0,False,0,Tested CDK Deployments,6,0.294
262473474/cdk.json,AWS CDK,typescript,High,3,1,2,False,0,False,1,Kubernetes Workload,3,0.706
345107298/source/cdk.json,AWS CDK,typescript,High,3,1,2,False,0,False,0,Tested CDK Deployments,6,0.294
520069783/cdktf.json,CDKTF,typescript,High,3,1,4,False,0,False,0,CDKTF Infrastructure,2,0.861
298621803/cdk.json,AWS CDK,typescript,High,3,1,2,False,0,False,0,Tested CDK Deployments,6,0.294
317452893/cdk.json,AWS CDK,typescript,High,3,1,2,False,0,False,0,Tested CDK Deployments,6,0.294
100162342/cdk.json,AWS CDK,python,High,3,1,3,False,0,False,0,Tested CDK Deployments,6,0.294
340396045/cdk.json,AWS CDK,typescript,High,3,1,3,False,0,False,0,Tested CDK Deployments,6,0.294
271511711/cdk.json,AWS CDK,typescript,High,3,1,2,False,0,False,1,Tested CDK Deployments,6,0.294
159106940/aws/cdk.json,AWS CDK,typescript,High,3,1,2,False,0,False,0,Tested CDK Deployments,6,0.294
366214725/cdk.json,AWS CDK,typescript,High,3,1,2,False,0,False,0,Tested CDK Deployments,6,0.294
438107606/cdk.json,AWS CDK,typescript,High,3,1,2,False,0,False,0,Tested CDK Deployments,6,0.294
277693443/cdk.json,AWS CDK,typescript,High,3,1,12,False,0,False,0,Tested CDK Deployments,6,0.294
362172881/cdk.json,AWS CDK,javascript,High,3,1,2,False,0,False,0,Tested CDK Deployments,6,0.294
276661770/cdk.json,AWS CDK,typescript,High,3,1,2,False,0,False,0,Tested CDK Deployments,6,0.294
301517072/cdk.json,AWS CDK,typescript,High,3,1,16,False,0,False,0,Tested CDK Deployments,6,0.294
323134581/cdk.json,AWS CDK,typescript,High,3,1,2,False,0,False,0,Tested CDK Deployments,6,0.294
321647027/cdk.json,AWS CDK,typescript,High,3,1,2,False,0,False,0,Tested CDK Deployments,6,0.294
487729193/source/cdk.json,AWS CDK,typescript,High,3,1,2,False,0,False,0,Tested CDK Deployments,6,0.294
230506830/infra/cdk.json,AWS CDK,typescript,High,3,1,4,False,0,False,0,Tested CDK Deployments,6,0.294
375079279/cdk.json,AWS CDK,typescript,High,3,1,2,False,0,False,0,Tested CDK Deployments,6,0.294
412902799/announcement-app/cdk.json,AWS CDK,typescript,High,3,1,2,False,0,False,0,Tested CDK Deployments,6,0.294
307405054/LambdaWordpress/cdk.json,AWS CDK,typescript,High,3,1,2,False,0,False,0,Tested CDK Deployments,6,0.294
465935866/cdk.json,AWS CDK,typescript,High,3,1,3,False,0,False,0,Tested CDK Deployments,6,0.294
309065034/step41_Lambda Extensions/Step01_Simple_extension/cdk.json,AWS CDK,typescript,High,3,1,2,False,0,False,0,Tested CDK Deployments,6,0.294
305937356/infrastructure/cdk.json,AWS CDK,typescript,High,3,1,2,False,0,False,0,Tested CDK Deployments,6,0.294
471790227/cdk.json,AWS CDK,typescript,High,3,1,2,False,0,False,0,Tested CDK Deployments,6,0.294
393475514/the-lambda-trilogy/typescript/cdk.json,AWS CDK,typescript,High,3,1,3,False,0,False,1,Tested CDK Deployments,6,0.294
393475514/the-xray-tracer/typescript/cdk.json,AWS CDK,typescript,High,3,1,5,False,0,False,0,Tested CDK Deployments,6,0.294
271773913/part2/cdk.json,AWS CDK,typescript,High,3,1,2,False,0,False,0,Tested CDK Deployments,6,0.294
284863603/pipeline/cdk.json,AWS CDK,typescript,High,3,1,2,False,0,False,0,Tested CDK Deployments,6,0.294
191230981/Lab12-Lambda_EFS_Inference/cdk.json,AWS CDK,typescript,High,3,1,2,False,0,False,0,Tested CDK Deployments,6,0.294
309065034/step16_simple_email_service/python/sending_email_using _ses_lambdaa/cdk.json,AWS CDK,typescript,High,3,1,2,False,0,False,0,Tested CDK Deployments,6,0.294
309065034/step32_elastic_file_storage/efs-with-lambda/cdk.json,AWS CDK,typescript,High,3,1,2,False,0,False,1,Tested CDK Deployments,6,0.294
309065034/step38_aurora_serverless/cdk.json,AWS CDK,typescript,High,3,1,2,False,0,False,0,Tested CDK Deployments,6,0.294
500041647/cdk.json,AWS CDK,typescript,High,3,1,2,False,0,False,0,Tested CDK Deployments,6,0.294
345033028/infra/cdk.json,AWS CDK,typescript,High,3,1,11,False,0,False,0,Tested CDK Deployments,6,0.294
219109618/cdk.json,AWS CDK,typescript,High,3,1,2,False,0,False,0,Tested CDK Deployments,6,0.294
409226614/cdk.json,AWS CDK,typescript,High,3,1,2,False,0,False,0,Tested CDK Deployments,6,0.294
336880783/cdk-stack/cdk.json,AWS CDK,typescript,High,3,1,2,False,0,False,0,Tested CDK Deployments,6,0.294
458095753/cdk.json,AWS CDK,typescript,High,3,1,2,False,0,False,0,Tested CDK Deployments,6,0.294
301510284/cdk.json,AWS CDK,typescript,High,3,1,2,False,0,False,0,Tested CDK Deployments,6,0.294
438186523/cdk.json,AWS CDK,typescript,High,3,1,3,False,0,False,0,Tested CDK Deployments,6,0.294
454776349/cdk.json,AWS CDK,typescript,High,3,1,2,False,0,False,1,Tested CDK Deployments,6,0.294
410984847/cdk.json,AWS CDK,typescript,High,3,1,3,False,0,False,0,Tested CDK Deployments,6,0.294
484108519/cdk.json,AWS CDK,javascript,High,3,1,86,False,0,False,0,Tested CDK Deployments,6,0.294
220897239/infrastructure/cdk.json,AWS CDK,javascript,High,3,1,5,False,0,False,0,Tested CDK Deployments,6,0.294
256614568/cdk.json,AWS CDK,typescript,High,3,1,2,False,0,False,0,Tested CDK Deployments,6,0.294
399559827/nautilus-serverless/cdk.json,AWS CDK,typescript,High,3,1,2,False,0,False,0,Tested CDK Deployments,6,0.294
481453843/cdk.json,AWS CDK,typescript,High,3,1,2,False,0,False,0,Tested CDK Deployments,6,0.294
481857640/cdk.json,AWS CDK,typescript,High,3,1,5,False,0,False,0,Tested CDK Deployments,6,0.294
495186881/packages/cdk/cdk.json,AWS CDK,typescript,High,3,1,6,False,0,False,0,Tested CDK Deployments,6,0.294
302889023/essential-billing-bot/cdk.json,AWS CDK,typescript,High,3,1,2,False,0,False,0,Tested CDK Deployments,6,0.294
324246428/cdk.json,AWS CDK,typescript,High,3,1,2,False,0,False,0,Tested CDK Deployments,6,0.294
274987572/netbench/cdk/cdk.json,AWS CDK,java,High,3,1,4,False,0,False,0,Tested CDK Deployments,6,0.294
236125086/backend/infra/cdk.json,AWS CDK,typescript,High,3,1,3,False,0,False,0,Tested CDK Deployments,6,0.294
486133205/cdk.json,AWS CDK,typescript,High,3,1,4,False,0,False,0,Tested CDK Deployments,6,0.294
316952535/cdk.json,AWS CDK,typescript,High,3,1,2,False,0,False,0,Tested CDK Deployments,6,0.294
337771636/cdk.json,AWS CDK,typescript,High,3,1,2,False,0,False,0,Tested CDK Deployments,6,0.294
443011599/source/cdk.json,AWS CDK,typescript,High,3,1,5,False,0,False,0,Tested CDK Deployments,6,0.294
430434946/cdk.json,AWS CDK,typescript,High,3,1,2,False,0,False,0,Tested CDK Deployments,6,0.294
372396798/cdk.json,AWS CDK,typescript,High,3,1,2,False,0,False,0,Tested CDK Deployments,6,0.294
212437591/cdk.json,AWS CDK,typescript,High,3,1,2,False,0,False,0,Tested CDK Deployments,6,0.294
467259262/aws/aws-static-site/cdk.json,AWS CDK,typescript,High,3,1,2,False,0,False,0,Tested CDK Deployments,6,0.294
371110435/cdk.json,AWS CDK,typescript,High,3,1,2,False,0,False,0,Tested CDK Deployments,6,0.294
439959490/cdk.json,AWS CDK,typescript,High,3,1,2,False,0,False,0,Tested CDK Deployments,6,0.294
443133140/workshop/cdk.json,AWS CDK,typescript,High,3,1,2,False,0,False,0,Tested CDK Deployments,6,0.294
353070632/backend/cdk.json,AWS CDK,typescript,High,3,1,3,False,0,False,0,Tested CDK Deployments,6,0.294
469750975/cdk.json,AWS CDK,typescript,High,3,1,3,False,0,False,1,Tested CDK Deployments,6,0.294
233588948/rest-cdk/cdk.json,AWS CDK,typescript,High,3,1,2,False,0,False,0,Tested CDK Deployments,6,0.294
210972507/patterns/security/cdk.json,AWS CDK,typescript,High,3,1,7,False,0,False,0,Tested CDK Deployments,6,0.294
330747786/cdk.json,AWS CDK,typescript,High,3,1,5,False,0,False,0,Tested CDK Deployments,6,0.294
479755886/SourceCode/aws_cdk_serverless_test/integration/cdk.json,AWS CDK,python,High,3,1,4,False,0,False,0,Tested CDK Deployments,6,0.294
508524351/cdk.json,AWS CDK,javascript,High,3,1,2,False,0,False,0,Tested CDK Deployments,6,0.294
408126854/packages/infrastructure/cdk.json,AWS CDK,typescript,High,3,1,3,False,0,False,0,Tested CDK Deployments,6,0.294
201018306/cdk.json,AWS CDK,typescript,High,3,1,2,False,0,False,0,Tested CDK Deployments,6,0.294
345530600/cdk.json,AWS CDK,typescript,High,3,1,2,False,0,False,0,Tested CDK Deployments,6,0.294
386396868/cdk.json,AWS CDK,typescript,Medium,3,1,1,False,0,True,2,Complex Serverless,9,0.888
263254703/cdk.json,AWS CDK,typescript,Medium,3,1,1,False,0,True,4,Complex Serverless,9,0.888
380228091/cdk.json,AWS CDK,typescript,Medium,3,1,1,False,0,True,2,Complex Serverless,9,0.888
261857860/cdk.json,AWS CDK,typescript,Medium,3,1,1,False,0,True,2,Complex Serverless,9,0.888
399251313/cdk.json,AWS CDK,typescript,Medium,3,1,1,False,0,True,2,Complex Serverless,9,0.888
418348611/cdk.json,AWS CDK,typescript,Medium,3,1,1,False,0,True,2,Complex Serverless,9,0.888
249037797/cdk.json,AWS CDK,typescript,Medium,3,1,1,False,0,True,2,Complex Serverless,9,0.888
363333549/aws-sns-service/cdk.json,AWS CDK,typescript,Medium,2,1,1,False,0,False,1,Complex Serverless,9,0.888
295481358/cdk.json,AWS CDK,typescript,Medium,2,1,1,False,0,False,1,Complex Serverless,9,0.888
381400500/aws-cdk/cdk-sns/cdk.json,AWS CDK,typescript,Medium,2,1,1,False,0,False,1,Complex Serverless,9,0.888
295168556/poly-iac/cdk-sns-ts/cdk.json,AWS CDK,typescript,Medium,2,1,1,False,0,False,1,Complex Serverless,9,0.888
295168556/poly-iac/cdk-sns-go/cdk.json,AWS CDK,go,Medium,2,1,1,False,0,False,1,Complex Serverless,9,0.888
363333721/aws-sns/cdk.json,AWS CDK,typescript,Medium,2,1,1,False,0,False,1,Complex Serverless,9,0.888
408188673/https/cdk.json,AWS CDK,typescript,Medium,2,1,1,False,0,False,1,Complex Serverless,9,0.888
406826613/cdk.json,AWS CDK,typescript,Medium,2,1,1,False,0,False,1,Complex Serverless,9,0.888
322649138/api-sns-webhook/cdk.json,AWS CDK,typescript,Medium,2,1,1,False,0,False,1,Complex Serverless,9,0.888
452230176/cdktf.json,CDKTF,typescript,Medium,2,1,1,False,0,False,0,CDKTF Infrastructure,2,0.861
397883979/terraform-cdk/test/typescript/diff-deploy-destroy/cdktf.json,CDKTF,typescript,Medium,2,1,1,False,0,False,0,CDKTF Infrastructure,2,0.861
397883979/terraform-cdk/test/typescript/init-remote-template/cdktf.json,CDKTF,typescript,Medium,2,1,1,False,0,False,0,CDKTF Infrastructure,2,0.861
397883979/terraform-cdk/test/typescript/asset/cdktf.json,CDKTF,typescript,Medium,2,1,1,False,0,False,0,CDKTF Infrastructure,2,0.861
397883979/terraform-cdk/test/typescript/providers/cdktf.json,CDKTF,typescript,Medium,2,1,1,False,0,False,0,CDKTF Infrastructure,2,0.861
397883979/terraform-cdk/test/typescript/synth-app/cdktf.json,CDKTF,typescript,Medium,2,1,1,False,0,False,0,CDKTF Infrastructure,2,0.861
397883979/terraform-cdk/test/csharp/synth-app/cdktf.json,CDKTF,csharp,Medium,2,1,1,False,0,False,0,CDKTF Infrastructure,2,0.861
397883979/terraform-cdk/test/python/asset/cdktf.json,CDKTF,python,Medium,2,1,1,False,0,False,0,CDKTF Infrastructure,2,0.861
397883979/terraform-cdk/test/python/synth-app/cdktf.json,CDKTF,python,Medium,2,1,1,False,0,False,0,CDKTF Infrastructure,2,0.861
397883979/terraform-cdk/test/python/third-party-provider/cdktf.json,CDKTF,python,Medium,2,1,1,False,0,False,0,CDKTF Infrastructure,2,0.861
397883979/terraform-cdk/test/python/multiple-stacks/cdktf.json,CDKTF,python,Medium,2,1,1,False,0,False,0,CDKTF Infrastructure,2,0.861
397883979/terraform-cdk/test/go/synth-app/cdktf.json,CDKTF,go,Medium,2,1,1,False,0,False,0,CDKTF Infrastructure,2,0.861
397883979/terraform-cdk/test/java/synth-app/cdktf.json,CDKTF,java,Medium,2,1,1,False,0,False,0,CDKTF Infrastructure,2,0.861
285474158/cdktf.json,CDKTF,typescript,Medium,2,1,1,False,0,False,0,CDKTF Infrastructure,2,0.861
482952353/secret_manager/cdktf.json,CDKTF,typescript,Medium,2,1,1,False,0,False,0,CDKTF Infrastructure,2,0.861
489035072/src/cdktf.json,CDKTF,typescript,Medium,2,1,1,False,0,False,0,CDKTF Infrastructure,2,0.861
288243833/test/test-typescript-diff/cdktf.json,CDKTF,typescript,Medium,2,1,1,False,0,False,0,CDKTF Infrastructure,2,0.861
288243833/test/test-typescript-destroy/cdktf.json,CDKTF,typescript,Medium,2,1,1,False,0,False,0,CDKTF Infrastructure,2,0.861
288243833/test/test-terraform-cloud/cdktf.json,CDKTF,typescript,Medium,2,1,1,False,0,False,0,CDKTF Infrastructure,2,0.861
288243833/test/test-typescript-deploy/cdktf.json,CDKTF,typescript,Medium,2,1,1,False,0,False,0,CDKTF Infrastructure,2,0.861
288243833/test/test-python-third-party-provider/cdktf.json,CDKTF,python,Medium,2,1,1,False,0,False,0,CDKTF Infrastructure,2,0.861
288243833/test/test-python-app/cdktf.json,CDKTF,python,Medium,2,1,1,False,0,False,0,CDKTF Infrastructure,2,0.861
288243833/test/test-providers/cdktf.json,CDKTF,typescript,Medium,2,1,1,False,0,False,0,CDKTF Infrastructure,2,0.861
524658009/cdktf.json,CDKTF,go,Medium,2,1,1,False,0,False,0,CDKTF Infrastructure,2,0.861
478308184/ec2-remote-backend/cdktf.json,CDKTF,python,Medium,2,1,1,False,0,False,0,CDKTF Infrastructure,2,0.861
478308184/vpc-module/cdktf.json,CDKTF,python,Medium,2,1,1,False,0,False,0,CDKTF Infrastructure,2,0.861
478308184/vpc-remote-backend/cdktf.json,CDKTF,python,Medium,2,1,1,False,0,False,0,CDKTF Infrastructure,2,0.861
478308184/vpc-ec2-instance/cdktf.json,CDKTF,python,Medium,2,1,1,False,0,False,0,CDKTF Infrastructure,2,0.861
189883733/packages/twilio-function/infrastructure/cdktf/cdktf.json,CDKTF,typescript,Medium,2,1,1,False,0,False,0,CDKTF Infrastructure,2,0.861
189883733/packages/lambda/infrastructure/cdktf/cdktf.json,CDKTF,typescript,Medium,2,1,1,False,0,False,0,CDKTF Infrastructure,2,0.861
430254168/cdktf.json,CDKTF,typescript,Medium,2,1,1,False,0,False,0,CDKTF Infrastructure,2,0.861
472260424/cdktf.json,CDKTF,typescript,Medium,2,1,1,False,0,False,0,CDKTF Infrastructure,2,0.861
232603801/examples/go/google-cloudrun/cdktf.json,CDKTF,go,Medium,2,1,1,False,0,False,0,CDKTF Infrastructure,2,0.861
232603801/test/provider-tests/template/cdktf.json,CDKTF,typescript,Medium,2,1,1,False,0,False,0,CDKTF Infrastructure,2,0.861
232603801/test/typescript/cross-stack-references/cdktf.json,CDKTF,typescript,Medium,2,1,1,False,0,False,0,CDKTF Infrastructure,2,0.861
232603801/test/typescript/asset/cdktf.json,CDKTF,typescript,Medium,2,1,1,False,0,False,0,CDKTF Infrastructure,2,0.861
232603801/test/typescript/providers/cdktf.json,CDKTF,typescript,Medium,2,1,1,False,0,False,0,CDKTF Infrastructure,2,0.861
232603801/test/typescript/synth-app-error/cdktf.json,CDKTF,typescript,Medium,2,1,1,False,0,False,0,CDKTF Infrastructure,2,0.861
232603801/test/typescript/iterators/cdktf.json,CDKTF,typescript,Medium,2,1,1,False,0,False,0,CDKTF Infrastructure,2,0.861
232603801/test/typescript/diff-app-error/cdktf.json,CDKTF,typescript,Medium,2,1,1,False,0,False,0,CDKTF Infrastructure,2,0.861
232603801/test/typescript/terraform-cloud/cdktf.json,CDKTF,typescript,Medium,2,1,1,False,0,False,0,CDKTF Infrastructure,2,0.861
232603801/test/typescript/watch/cdktf.json,CDKTF,typescript,Medium,2,1,1,False,0,False,0,CDKTF Infrastructure,2,0.861
232603801/test/typescript/diff-deploy-output-destroy/cdktf.json,CDKTF,typescript,Medium,2,1,1,False,0,False,0,CDKTF Infrastructure,2,0.861
232603801/test/typescript/synth-error-annotations/cdktf.json,CDKTF,typescript,Medium,2,1,1,False,0,False,0,CDKTF Infrastructure,2,0.861
232603801/test/csharp/testing-matchers/cdktf.json,CDKTF,csharp,Medium,2,1,1,False,0,False,0,CDKTF Infrastructure,2,0.861
232603801/test/python/cross-stack-references/cdktf.json,CDKTF,python,Medium,2,1,1,False,0,False,0,CDKTF Infrastructure,2,0.861
232603801/test/python/provider-add-command/cdktf.json,CDKTF,python,Medium,2,1,1,False,0,False,0,CDKTF Infrastructure,2,0.861
232603801/test/python/asset/cdktf.json,CDKTF,python,Medium,2,1,1,False,0,False,0,CDKTF Infrastructure,2,0.861
232603801/test/python/providers/cdktf.json,CDKTF,python,Medium,2,1,1,False,0,False,0,CDKTF Infrastructure,2,0.861
232603801/test/python/testing-matchers/cdktf.json,CDKTF,python,Medium,2,1,1,False,0,False,0,CDKTF Infrastructure,2,0.861
232603801/test/python/terraform-functions/cdktf.json,CDKTF,python,Medium,2,1,1,False,0,False,0,CDKTF Infrastructure,2,0.861
232603801/test/python/multiple-stacks/cdktf.json,CDKTF,python,Medium,2,1,1,False,0,False,0,CDKTF Infrastructure,2,0.861
232603801/test/go/testing-matchers/cdktf.json,CDKTF,go,Medium,2,1,1,False,0,False,0,CDKTF Infrastructure,2,0.861
232603801/test/go/edge/cdktf.json,CDKTF,go,Medium,2,1,1,False,0,False,0,CDKTF Infrastructure,2,0.861
232603801/test/java/testing-matchers/cdktf.json,CDKTF,java,Medium,2,1,1,False,0,False,0,CDKTF Infrastructure,2,0.861
232603801/test/java/edge/cdktf.json,CDKTF,java,Medium,2,1,1,False,0,False,0,CDKTF Infrastructure,2,0.861
378091466/cdktf.json,CDKTF,typescript,Medium,2,1,1,False,0,False,0,CDKTF Infrastructure,2,0.861
287218453/test/test-typescript-diff/cdktf.json,CDKTF,typescript,Medium,2,1,1,False,0,False,0,CDKTF Infrastructure,2,0.861
287218453/test/test-typescript-destroy/cdktf.json,CDKTF,typescript,Medium,2,1,1,False,0,False,0,CDKTF Infrastructure,2,0.861
287218453/test/test-terraform-cloud/cdktf.json,CDKTF,typescript,Medium,2,1,1,False,0,False,0,CDKTF Infrastructure,2,0.861
287218453/test/test-typescript-deploy/cdktf.json,CDKTF,typescript,Medium,2,1,1,False,0,False,0,CDKTF Infrastructure,2,0.861
287218453/test/test-python-app/cdktf.json,CDKTF,python,Medium,2,1,1,False,0,False,0,CDKTF Infrastructure,2,0.861
287218453/test/test-providers/cdktf.json,CDKTF,typescript,Medium,2,1,1,False,0,False,0,CDKTF Infrastructure,2,0.861
521297081/infrastructure/cdktf.json,CDKTF,go,Medium,2,1,1,False,0,False,0,CDKTF Infrastructure,2,0.861
523137971/cdktf.json,CDKTF,go,Medium,2,1,1,False,0,False,0,CDKTF Infrastructure,2,0.861
491517059/cdktf.json,CDKTF,typescript,Medium,2,1,1,False,0,False,0,CDKTF Infrastructure,2,0.861
522329889/cdktf.json,CDKTF,python,Medium,2,1,1,False,0,False,0,CDKTF Infrastructure,2,0.861
279588064/tf-cdk-ts/cdktf.json,CDKTF,typescript,Medium,2,1,1,False,0,False,0,CDKTF Infrastructure,2,0.861
281453761/cdktf.json,CDKTF,typescript,Medium,2,1,1,False,0,False,0,CDKTF Infrastructure,2,0.861
524589354/cdktf.json,CDKTF,python,Medium,2,1,1,False,0,False,0,CDKTF Infrastructure,2,0.861
428952137/packages/pipeline-cluster-service/test/cdktf.json,CDKTF,typescript,Medium,2,1,1,False,0,False,0,CDKTF Infrastructure,2,0.861
428952137/packages/node-react-cdktf-image/cdktf.json,CDKTF,typescript,Medium,2,1,1,False,0,False,0,CDKTF Infrastructure,2,0.861
434605674/packages/kind-cli/cdktf.json,CDKTF,typescript,Medium,2,1,1,False,0,False,0,CDKTF Infrastructure,2,0.861
522354386/cdktf.json,CDKTF,typescript,Medium,2,1,1,False,0,False,0,CDKTF Infrastructure,2,0.861
479497971/terraform/infra/tf-cdk-ts/cdktf.json,CDKTF,typescript,Medium,2,1,1,False,0,False,0,CDKTF Infrastructure,2,0.861
499029858/portal-azure/cdktf.json,CDKTF,typescript,Medium,2,1,1,False,0,False,0,CDKTF Infrastructure,2,0.861
517546388/modifiedInit/cdktf.json,CDKTF,typescript,Medium,2,1,1,False,0,False,0,CDKTF Infrastructure,2,0.861
453195143/cdktf.json,CDKTF,typescript,Medium,2,1,1,False,0,False,0,CDKTF Infrastructure,2,0.861
414591670/app-final/cdktf.json,CDKTF,typescript,Medium,2,1,1,False,0,False,0,CDKTF Infrastructure,2,0.861
414991357/examples/typescript-cron-lambda/cdktf.json,CDKTF,typescript,Medium,2,1,1,False,0,False,0,CDKTF Infrastructure,2,0.861
414991357/examples/typescript-step-functions-mixed/cdktf.json,CDKTF,typescript,Medium,2,1,1,False,0,False,0,CDKTF Infrastructure,2,0.861
414991357/examples/typescript-step-functions/cdktf.json,CDKTF,typescript,Medium,2,1,1,False,0,False,0,CDKTF Infrastructure,2,0.861
414991357/examples/typescript-manual-mapping/cdktf.json,CDKTF,typescript,Medium,2,1,1,False,0,False,0,CDKTF Infrastructure,2,0.861
521317519/serverless/cdktf.json,CDKTF,go,Medium,2,1,1,False,0,False,0,CDKTF Infrastructure,2,0.861
475926048/src/cdktf.json,CDKTF,typescript,Medium,2,1,1,False,0,False,0,CDKTF Infrastructure,2,0.861
473243041/examples/hybrid-module/src/cdktf.json,CDKTF,typescript,Medium,2,1,1,False,0,False,0,CDKTF Infrastructure,2,0.861
445122799/cdktf.json,CDKTF,typescript,Medium,2,1,1,False,0,False,0,CDKTF Infrastructure,2,0.861
422227931/simple-eks-cluster/cdktf.json,CDKTF,typescript,Medium,2,1,1,False,0,False,0,CDKTF Infrastructure,2,0.861
417522148/typescript/cdktf.json,CDKTF,typescript,Medium,2,1,1,False,0,False,0,CDKTF Infrastructure,2,0.861
524379328/cdk-tf/cdktf.json,CDKTF,typescript,Medium,2,1,1,False,0,False,0,CDKTF Infrastructure,2,0.861
520791152/packages/nw-q1/cdktf.json,CDKTF,typescript,Medium,2,1,1,False,0,False,0,CDKTF Infrastructure,2,0.861
405665623/cdktf.json,CDKTF,typescript,Medium,2,1,1,False,0,False,0,CDKTF Infrastructure,2,0.861
352479401/ecs-ecr-iam-cloudfront-ec2-elasticloadbalancingv2-cloudfront-origins/cdk.json,AWS CDK,typescript,Medium,3,1,1,False,0,True,4,Multi-Cloud High-Complexity,8,0.763
261250723/sagemaker-iam-role/cdk.json,AWS CDK,typescript,Medium,3,1,1,False,0,True,2,Multi-Cloud High-Complexity,8,0.763
314800775/cdk.json,AWS CDK,typescript,Medium,2,1,1,False,0,False,1,Multi-Cloud High-Complexity,8,0.763
392825723/cdk.json,AWS CDK,typescript,Medium,2,1,1,False,0,False,1,Multi-Cloud High-Complexity,8,0.763
349907697/iam-cfn-output/cdk.json,AWS CDK,typescript,Medium,2,1,1,False,0,False,1,Multi-Cloud High-Complexity,8,0.763
232680284/cdk.json,AWS CDK,typescript,Medium,2,1,1,False,0,False,1,Multi-Cloud High-Complexity,8,0.763
275280144/iam/cdk.json,AWS CDK,javascript,Medium,2,1,1,False,0,False,1,Multi-Cloud High-Complexity,8,0.763
422659399/iam-management/cdk.json,AWS CDK,typescript,Medium,2,1,1,False,0,False,1,Multi-Cloud High-Complexity,8,0.763
293005869/kms-iam/cdk.json,AWS CDK,typescript,Medium,2,1,1,False,0,False,1,Multi-Cloud High-Complexity,8,0.763
314734912/cdk.json,AWS CDK,typescript,Medium,2,1,1,False,0,False,1,Multi-Cloud High-Complexity,8,0.763
384029087/cdk.json,AWS CDK,typescript,Medium,2,1,1,False,0,False,1,Multi-Cloud High-Complexity,8,0.763
406656688/cdk.json,AWS CDK,typescript,Medium,2,1,1,False,0,False,1,Multi-Cloud High-Complexity,8,0.763
188689911/v1/iam-user/cdk.json,AWS CDK,typescript,Medium,2,1,1,False,0,False,1,Multi-Cloud High-Complexity,8,0.763
214975348/cloudformation/aws-cdk/aws-cdk-s3-vuejs/stack-lambda-s3/cdk.json,AWS CDK,typescript,Medium,3,1,1,False,0,True,2,Serverless + Static Hosting,0,0.712
316430357/06_route53_cloudfront/cdk-s3-cloudfront/cdk-stack/cdk.json,AWS CDK,typescript,Medium,3,1,1,False,0,True,2,Serverless + Static Hosting,0,0.712
513876836/applications/pulumi-examples/testing-integration-py/Pulumi.yaml,Pulumi,python,Medium,3,1,1,True,36,False,1,Serverless + Static Hosting,0,0.712
242992408/cdk.json,AWS CDK,typescript,Medium,3,1,1,False,0,True,2,Serverless + Static Hosting,0,0.712
301388152/infra/s3-cloudfront/cdk.json,AWS CDK,typescript,Medium,3,1,1,False,0,True,2,Serverless + Static Hosting,0,0.712
512341236/cdk.json,AWS CDK,javascript,Medium,3,1,1,False,0,True,2,Serverless + Static Hosting,0,0.712
475025089/testing-integration-py/Pulumi.yaml,Pulumi,python,Medium,3,1,1,True,36,False,1,Serverless + Static Hosting,0,0.712
446348090/applications/pulumi-examples/testing-integration-py/Pulumi.yaml,Pulumi,python,Medium,3,1,1,True,36,False,1,Serverless + Static Hosting,0,0.712
311249854/s3-lambda/cdk.json,AWS CDK,typescript,Medium,3,1,1,False,0,True,2,Serverless + Static Hosting,0,0.712
276248979/node/s3-sqs/cdk.json,AWS CDK,typescript,Medium,3,1,1,False,0,True,2,Serverless + Static Hosting,0,0.712
327038379/cdk.json,AWS CDK,typescript,Medium,3,1,1,False,0,True,2,Serverless + Static Hosting,0,0.712
364241976/cdk.json,AWS CDK,typescript,Medium,3,1,1,False,0,True,2,Serverless + Static Hosting,0,0.712
441572212/aws-cdk-s3-lambda-api-gateway/cdk.json,AWS CDK,typescript,Medium,3,1,1,False,0,True,3,Serverless + Static Hosting,0,0.712
310858813/rds-s3/cdk.json,AWS CDK,typescript,Medium,3,1,1,False,0,True,2,Serverless + Static Hosting,0,0.712
458826095/cdk.json,AWS CDK,typescript,Medium,3,1,1,False,0,True,3,Serverless + Static Hosting,0,0.712
377480989/cdk.json,AWS CDK,typescript,Medium,3,1,1,False,0,True,2,Serverless + Static Hosting,0,0.712
360543336/cdk.json,AWS CDK,typescript,Medium,3,1,1,False,0,True,2,Serverless + Static Hosting,0,0.712
500661930/testing-integration-py/Pulumi.yaml,Pulumi,python,Medium,3,1,1,True,36,False,1,Serverless + Static Hosting,0,0.712
420867494/cdk.json,AWS CDK,typescript,Medium,3,1,1,False,0,True,2,Serverless + Static Hosting,0,0.712
352479401/s3-cloudfront/cdk.json,AWS CDK,typescript,Medium,3,1,1,False,0,True,2,Serverless + Static Hosting,0,0.712
372360375/cdk.json,AWS CDK,typescript,Medium,3,1,1,False,0,True,2,Serverless + Static Hosting,0,0.712
375792214/cdk.json,AWS CDK,typescript,Medium,3,1,1,False,0,True,2,Serverless + Static Hosting,0,0.712
334997442/cdk.json,AWS CDK,typescript,Medium,3,1,1,False,0,True,2,Serverless + Static Hosting,0,0.712
196420868/aws-solutions-constructs/aws-cloudfront-s3/cdk.json,AWS CDK,javascript,Medium,3,1,1,False,0,True,2,Serverless + Static Hosting,0,0.712
283989089/kinesis-to-s3/cdk.json,AWS CDK,typescript,Medium,3,1,1,False,0,True,2,Serverless + Static Hosting,0,0.712
230984117/cdk.json,AWS CDK,typescript,Medium,3,1,1,False,0,True,2,Serverless + Static Hosting,0,0.712
322649138/s3-sqs-rekognition/cdk.json,AWS CDK,typescript,Medium,3,1,1,False,0,True,2,Serverless + Static Hosting,0,0.712
108589232/testing-integration-py/Pulumi.yaml,Pulumi,python,Medium,3,1,1,True,36,False,1,Serverless + Static Hosting,0,0.712
291118186/rds-ms-sql-s3-backup-and-restore/cdk.json,AWS CDK,typescript,Medium,3,1,1,False,0,True,2,Serverless + Static Hosting,0,0.712
363926689/cdk.json,AWS CDK,typescript,Medium,3,1,1,False,0,True,3,Serverless + Static Hosting,0,0.712
466654438/cdk.json,AWS CDK,typescript,Medium,2,1,1,False,0,False,1,Serverless + Static Hosting,0,0.712
214975348/cloudformation/aws-cdk/aws-cdk-s3/cdk.json,AWS CDK,typescript,Medium,2,1,1,False,0,False,1,Serverless + Static Hosting,0,0.712
282599867/cdk.json,AWS CDK,typescript,Medium,2,1,1,False,0,False,1,Serverless + Static Hosting,0,0.712
400094254/cdk.json,AWS CDK,typescript,Medium,2,1,1,False,0,False,1,Serverless + Static Hosting,0,0.712
427083262/cdk.json,AWS CDK,typescript,Medium,2,1,1,False,0,False,1,Serverless + Static Hosting,0,0.712
311944369/password-protect-s3-static-site/cdk.json,AWS CDK,typescript,Medium,2,1,1,False,0,False,1,Serverless + Static Hosting,0,0.712
446972506/cdk.json,AWS CDK,typescript,Medium,2,1,1,False,0,False,1,Serverless + Static Hosting,0,0.712
242439173/cdk.json,AWS CDK,typescript,Medium,2,1,1,False,0,False,1,Serverless + Static Hosting,0,0.712
289087100/01-simple-stack-s3/cdk.json,AWS CDK,typescript,Medium,2,1,1,False,0,False,1,Serverless + Static Hosting,0,0.712
419936824/cdk.json,AWS CDK,typescript,Medium,2,1,1,False,0,False,1,Serverless + Static Hosting,0,0.712
384882240/cdk.json,AWS CDK,javascript,Medium,2,1,1,False,0,False,1,Serverless + Static Hosting,0,0.712
447328224/cdk.json,AWS CDK,typescript,Medium,2,1,1,False,0,False,1,Serverless + Static Hosting,0,0.712
381400500/aws-cdk/cdk-s3/cdk.json,AWS CDK,javascript,Medium,2,1,1,False,0,False,1,Serverless + Static Hosting,0,0.712
325391608/cdk.json,AWS CDK,typescript,Medium,2,1,1,False,0,False,1,Serverless + Static Hosting,0,0.712
448467257/cdk.json,AWS CDK,typescript,Medium,2,1,1,False,0,False,1,Serverless + Static Hosting,0,0.712
202745571/examples/s3-static-website/cdk.json,AWS CDK,typescript,Medium,2,1,1,False,0,False,1,Serverless + Static Hosting,0,0.712
228946243/amplify-s3-basic-auth/cdk.json,AWS CDK,typescript,Medium,2,1,1,False,0,False,1,Serverless + Static Hosting,0,0.712
288620845/cdk.json,AWS CDK,typescript,Medium,2,1,1,False,0,False,1,Serverless + Static Hosting,0,0.712
446972559/src/cdk-code/cdk.json,AWS CDK,typescript,Medium,2,1,1,False,0,False,1,Serverless + Static Hosting,0,0.712
270510091/cdk.json,AWS CDK,typescript,Medium,2,1,1,False,0,False,1,Serverless + Static Hosting,0,0.712
309065034/step16_simple_email_service/save-received-mails-in-s3/cdk.json,AWS CDK,typescript,Medium,2,1,1,False,0,False,1,Serverless + Static Hosting,0,0.712
465892922/s3-update-objectacl-cdk/cdk.json,AWS CDK,typescript,Medium,2,1,1,False,0,False,1,Serverless + Static Hosting,0,0.712
478820947/cdk.json,AWS CDK,typescript,Medium,2,1,1,False,0,False,1,Serverless + Static Hosting,0,0.712
246433875/cdk.json,AWS CDK,javascript,Medium,2,1,1,False,0,False,1,Serverless + Static Hosting,0,0.712
378780386/cdk.json,AWS CDK,typescript,Medium,2,1,1,False,0,False,1,Serverless + Static Hosting,0,0.712
343852048/save-received-mails-in-s3/cdk.json,AWS CDK,typescript,Medium,2,1,1,False,0,False,1,Serverless + Static Hosting,0,0.712
354955534/cdk.json,AWS CDK,typescript,Medium,2,1,1,False,0,False,1,Serverless + Static Hosting,0,0.712
282672148/resources/s3/cdk.json,AWS CDK,typescript,Medium,2,1,1,False,0,False,1,Serverless + Static Hosting,0,0.712
373727710/cdk.json,AWS CDK,typescript,Medium,2,1,1,False,0,False,1,Serverless + Static Hosting,0,0.712
358997615/cdk.json,AWS CDK,typescript,Medium,2,1,1,False,0,False,1,Serverless + Static Hosting,0,0.712
316782955/cdk.json,AWS CDK,typescript,Medium,2,1,1,False,0,False,1,Serverless + Static Hosting,0,0.712
430429514/s3-angular/cdk.json,AWS CDK,go,Medium,2,1,1,False,0,False,1,Serverless + Static Hosting,0,0.712
326566982/cdk.json,AWS CDK,typescript,Medium,2,1,1,False,0,False,1,Serverless + Static Hosting,0,0.712
396739085/cdk.json,AWS CDK,typescript,Medium,2,1,1,False,0,False,1,Serverless + Static Hosting,0,0.712
219537001/media-s3-buckets/cdk.json,AWS CDK,javascript,Medium,2,1,1,False,0,False,1,Serverless + Static Hosting,0,0.712
427766016/cdk.json,AWS CDK,typescript,Medium,2,1,1,False,0,False,1,Serverless + Static Hosting,0,0.712
248605700/source/use_cases/aws-s3-static-website/cdk.json,AWS CDK,typescript,Medium,2,1,1,False,0,False,1,Serverless + Static Hosting,0,0.712
335121835/source/cdk.json,AWS CDK,typescript,Medium,2,1,1,False,0,False,1,Serverless + Static Hosting,0,0.712
518439058/cdk.json,AWS CDK,typescript,Medium,2,1,1,False,0,False,1,Serverless + Static Hosting,0,0.712
351198717/cdk.json,AWS CDK,typescript,Medium,2,1,1,False,0,False,1,Serverless + Static Hosting,0,0.712
347358602/after/cdk-s3-static-website-app/cdk.json,AWS CDK,typescript,Medium,2,1,1,False,0,False,1,Serverless + Static Hosting,0,0.712
349008486/cdk.json,AWS CDK,typescript,Medium,2,1,1,False,0,False,1,Serverless + Static Hosting,0,0.712
261250723/s3-notification-launch/cdk.json,AWS CDK,typescript,Medium,2,1,1,False,0,False,1,Serverless + Static Hosting,0,0.712
361173588/cdk.json,AWS CDK,typescript,Medium,2,1,1,False,0,False,1,Serverless + Static Hosting,0,0.712
396025410/s3/s3-bucket-with-size-alert/cdk.json,AWS CDK,typescript,Medium,2,1,1,False,0,False,1,Serverless + Static Hosting,0,0.712
185768439/s3-batch/cdk.json,AWS CDK,typescript,Medium,2,1,1,False,0,False,1,Serverless + Static Hosting,0,0.712
185768439/s3-notify/cdk.json,AWS CDK,typescript,Medium,2,1,1,False,0,False,1,Serverless + Static Hosting,0,0.712
319875134/cdk.json,AWS CDK,typescript,Medium,2,1,1,False,0,False,1,Serverless + Static Hosting,0,0.712
312631858/cdk.json,AWS CDK,typescript,Medium,2,1,1,False,0,False,1,Serverless + Static Hosting,0,0.712
286241073/cdk.json,AWS CDK,typescript,Medium,2,1,1,False,0,False,1,Serverless + Static Hosting,0,0.712
278663259/cdk.json,AWS CDK,typescript,Medium,2,1,1,False,0,False,1,Serverless + Static Hosting,0,0.712
344094069/aws-cfcdn-s3/cdk/cdk.json,AWS CDK,typescript,Medium,2,1,1,False,0,False,1,Serverless + Static Hosting,0,0.712
397526587/cdk.json,AWS CDK,typescript,Medium,2,1,1,False,0,False,1,Serverless + Static Hosting,0,0.712
394061529/day01-s3/cdk.json,AWS CDK,typescript,Medium,2,1,1,False,0,False,1,Serverless + Static Hosting,0,0.712
360012712/cdk.json,AWS CDK,typescript,Medium,2,1,1,False,0,False,1,Serverless + Static Hosting,0,0.712
296308774/cdk.json,AWS CDK,typescript,Medium,2,1,1,False,0,False,1,Serverless + Static Hosting,0,0.712
327870227/s3-private-bucket-for-trail/cdk.json,AWS CDK,typescript,Medium,2,1,1,False,0,False,1,Serverless + Static Hosting,0,0.712
286538485/cdk.json,AWS CDK,typescript,Medium,2,1,1,False,0,False,1,Serverless + Static Hosting,0,0.712
493204575/aws-cdk/cdk-s3/cdk.json,AWS CDK,typescript,Medium,2,1,1,False,0,False,1,Serverless + Static Hosting,0,0.712
322132858/cdk.json,AWS CDK,javascript,Medium,3,1,1,False,0,True,2,Kubernetes Workload,3,0.706
484340807/aws-go-eks/Pulumi.yaml,Pulumi,go,Medium,3,1,1,True,66,False,1,Kubernetes Workload,3,0.706
293927304/tests/Pulumi.yaml,Pulumi,typescript,Medium,3,1,1,True,25,False,1,Kubernetes Workload,3,0.706
293927304/workloads/Pulumi.yaml,Pulumi,typescript,Medium,3,1,1,True,40,False,1,Kubernetes Workload,3,0.706
409447834/cdk.json,AWS CDK,typescript,Medium,3,1,1,False,0,True,2,Kubernetes Workload,3,0.706
248926586/cdk.json,AWS CDK,typescript,Medium,3,1,1,False,0,True,2,Kubernetes Workload,3,0.706
359112608/cdk.json,AWS CDK,typescript,Medium,3,1,1,False,0,True,2,Kubernetes Workload,3,0.706
268421606/Pulumi.yaml,Pulumi,typescript,Medium,3,1,1,True,28,False,1,Kubernetes Workload,3,0.706
331872305/cdk.json,AWS CDK,typescript,Medium,3,1,1,False,0,True,2,Kubernetes Workload,3,0.706
291091660/eks/ec2-eks/cdk.json,AWS CDK,typescript,Medium,3,1,1,False,0,True,2,Kubernetes Workload,3,0.706
288326175/core/Pulumi.yaml,Pulumi,typescript,Medium,3,1,1,True,46,False,1,Kubernetes Workload,3,0.706
261250723/eks-sagemaker/cdk.json,AWS CDK,typescript,Medium,3,1,1,False,0,True,2,Kubernetes Workload,3,0.706
230512012/demos/typescript/tsk8s/Pulumi.yaml,Pulumi,typescript,Medium,3,1,1,True,28,False,1,Kubernetes Workload,3,0.706
344695868/cdk-eks-fargate/cdk.json,AWS CDK,typescript,Medium,3,1,1,False,0,True,2,Kubernetes Workload,3,0.706
304022327/cdk.json,AWS CDK,typescript,Medium,2,1,1,False,0,False,1,Kubernetes Workload,3,0.706
323860940/cdk.json,AWS CDK,javascript,Medium,2,1,1,False,0,False,1,Kubernetes Workload,3,0.706
403674234/cdk.json,AWS CDK,typescript,Medium,2,1,1,False,0,False,1,Kubernetes Workload,3,0.706
348085164/cloudformation/k8s-kubeadm-cdk/cdk.json,AWS CDK,javascript,Medium,2,1,1,False,0,False,1,Kubernetes Workload,3,0.706
391788359/cdk-eks/cdk.json,AWS CDK,typescript,Medium,2,1,1,False,0,False,1,Kubernetes Workload,3,0.706
217583944/cdk.json,AWS CDK,typescript,Medium,2,1,1,False,0,False,1,Kubernetes Workload,3,0.706
287287208/container-typescript/cdk-eks/cdk.json,AWS CDK,typescript,Medium,2,1,1,False,0,False,1,Kubernetes Workload,3,0.706
287287208/container-typescript/cdk-eks-fargate/cdk.json,AWS CDK,typescript,Medium,2,1,1,False,0,False,1,Kubernetes Workload,3,0.706
287287208/eks-cluster/cdk.json,AWS CDK,typescript,Medium,2,1,1,False,0,False,1,Kubernetes Workload,3,0.706
208602097/eks/eks-loadbalancer/cdk.json,AWS CDK,typescript,Medium,2,1,1,False,0,False,1,Kubernetes Workload,3,0.706
307863271/cdk.json,AWS CDK,typescript,Medium,2,1,1,False,0,False,1,Kubernetes Workload,3,0.706
305807066/cdk.json,AWS CDK,typescript,Medium,2,1,1,False,0,False,1,Kubernetes Workload,3,0.706
424846395/cdk.json,AWS CDK,typescript,Medium,2,1,1,False,0,False,1,Kubernetes Workload,3,0.706
393327099/cdk.json,AWS CDK,typescript,Medium,2,1,1,False,0,False,1,Kubernetes Workload,3,0.706
376975352/cdk.json,AWS CDK,javascript,Medium,2,1,1,False,0,False,1,Kubernetes Workload,3,0.706
227998524/cdk.json,AWS CDK,typescript,Medium,2,1,1,False,0,False,1,Kubernetes Workload,3,0.706
382984851/cdk.json,AWS CDK,typescript,Medium,2,1,1,False,0,False,1,Kubernetes Workload,3,0.706
223457960/cdk.json,AWS CDK,typescript,Medium,2,1,1,False,0,False,1,Kubernetes Workload,3,0.706
262290766/cdk-eks/cdk.json,AWS CDK,typescript,Medium,2,1,1,False,0,False,1,Kubernetes Workload,3,0.706
403631343/cdk.json,AWS CDK,typescript,Medium,2,1,1,False,0,False,1,Kubernetes Workload,3,0.706
280325028/cdk.json,AWS CDK,typescript,Medium,2,1,1,False,0,False,1,Kubernetes Workload,3,0.706
404828224/resources/templates/eks/cdk.json,AWS CDK,typescript,Medium,2,1,1,False,0,False,1,Kubernetes Workload,3,0.706
307565513/cdk.json,AWS CDK,typescript,Medium,2,1,1,False,0,False,1,Kubernetes Workload,3,0.706
333687207/cdk.json,AWS CDK,typescript,Medium,2,1,1,False,0,False,1,Kubernetes Workload,3,0.706
380836878/eks/cdk/eks-app/cdk.json,AWS CDK,typescript,Medium,2,1,1,False,0,False,1,Kubernetes Workload,3,0.706
380836878/eks/cdk/cdk8s-eks-app/cdk.json,AWS CDK,typescript,Medium,2,1,1,False,0,False,1,Kubernetes Workload,3,0.706
434457000/cdk.json,AWS CDK,typescript,Medium,2,1,1,False,0,False,1,Kubernetes Workload,3,0.706
375482903/cdk.json,AWS CDK,typescript,Medium,2,1,1,False,0,False,1,Kubernetes Workload,3,0.706
285455271/cdk.json,AWS CDK,typescript,Medium,2,1,1,False,0,False,1,Kubernetes Workload,3,0.706
298047754/cdk.json,AWS CDK,typescript,Medium,2,1,1,False,0,False,1,Kubernetes Workload,3,0.706
303434814/cdk.json,AWS CDK,typescript,Medium,2,1,1,False,0,False,1,Kubernetes Workload,3,0.706
309015137/cdk.json,AWS CDK,typescript,Medium,2,1,1,False,0,False,1,Kubernetes Workload,3,0.706
480947179/cdk.json,AWS CDK,typescript,Medium,2,1,1,False,0,False,1,Kubernetes Workload,3,0.706
423263077/cdk.json,AWS CDK,typescript,Medium,2,1,1,False,0,False,1,Kubernetes Workload,3,0.706
519089710/cdk.json,AWS CDK,typescript,Medium,2,1,1,False,0,False,1,Kubernetes Workload,3,0.706
292523430/cdk.json,AWS CDK,typescript,Medium,2,1,1,False,0,False,1,Kubernetes Workload,3,0.706
365909755/eks/cdk.json,AWS CDK,typescript,Medium,2,1,1,False,0,False,1,Kubernetes Workload,3,0.706
302119994/cdk.json,AWS CDK,javascript,Medium,2,1,1,False,0,False,1,Kubernetes Workload,3,0.706
416118163/cdk.json,AWS CDK,typescript,Medium,2,1,1,False,0,False,1,Kubernetes Workload,3,0.706
409234908/cdk/cdk.json,AWS CDK,typescript,Medium,2,1,1,False,0,False,1,Kubernetes Workload,3,0.706
330271579/cdk.json,AWS CDK,typescript,Medium,2,1,1,False,0,False,1,Kubernetes Workload,3,0.706
511786483/eks-cdk/infra/cdk.json,AWS CDK,typescript,Medium,2,1,1,False,0,False,1,Kubernetes Workload,3,0.706
511786483/pipeline-cdk/cdk.json,AWS CDK,typescript,Medium,2,1,1,False,0,False,1,Kubernetes Workload,3,0.706
349292883/typescript/eks-sample/cdk.json,AWS CDK,typescript,Medium,2,1,1,False,0,False,1,Kubernetes Workload,3,0.706
349292883/typescript/eks-simple/cdk.json,AWS CDK,typescript,Medium,2,1,1,False,0,False,1,Kubernetes Workload,3,0.706
313774830/cdk.json,AWS CDK,typescript,Medium,2,1,1,False,0,False,1,Kubernetes Workload,3,0.706
288843467/cdk.json,AWS CDK,typescript,Medium,2,1,1,False,0,False,1,Kubernetes Workload,3,0.706
375905898/cdk.json,AWS CDK,typescript,Medium,2,1,1,False,0,False,1,Kubernetes Workload,3,0.706
409842139/cdk.json,AWS CDK,typescript,Medium,2,1,1,False,0,False,1,Kubernetes Workload,3,0.706
185768439/k8s-state/cdk.json,AWS CDK,typescript,Medium,2,1,1,False,0,False,1,Kubernetes Workload,3,0.706
305947213/cdk.json,AWS CDK,typescript,Medium,2,1,1,False,0,False,1,Kubernetes Workload,3,0.706
288537865/cdk.json,AWS CDK,typescript,Medium,2,1,1,False,0,False,1,Kubernetes Workload,3,0.706
364322341/resources/templates/eks/cdk.json,AWS CDK,typescript,Medium,2,1,1,False,0,False,1,Kubernetes Workload,3,0.706
208686450/cdk.json,AWS CDK,typescript,Medium,2,1,1,False,0,False,1,Kubernetes Workload,3,0.706
419536108/cdk.json,AWS CDK,typescript,Medium,2,1,1,False,0,False,1,Kubernetes Workload,3,0.706
390030831/cdk/nodegroup/cdk.json,AWS CDK,typescript,Medium,2,1,1,False,0,False,1,Kubernetes Workload,3,0.706
392891776/cdk.json,AWS CDK,typescript,Medium,2,1,1,False,0,False,1,Kubernetes Workload,3,0.706
280368006/eks-cluster-asg/cdk.json,AWS CDK,typescript,Medium,2,1,1,False,0,False,1,Kubernetes Workload,3,0.706
280368006/eks-cluster-quick/cdk.json,AWS CDK,typescript,Medium,2,1,1,False,0,False,1,Kubernetes Workload,3,0.706
280368006/eks-cluster-only/cdk.json,AWS CDK,typescript,Medium,2,1,1,False,0,False,1,Kubernetes Workload,3,0.706
361019623/cdk.json,AWS CDK,typescript,Medium,2,1,1,False,0,False,1,Kubernetes Workload,3,0.706
405902480/packages/eks/cdk.json,AWS CDK,typescript,Medium,2,1,1,False,0,False,1,Kubernetes Workload,3,0.706
485062418/Pulumi.yaml,Pulumi,python,Medium,3,1,1,True,33,False,0,Pulumi General Cloud,5,0.497
335092173/Pulumi.yaml,Pulumi,typescript,Medium,3,1,1,True,69,False,0,Pulumi General Cloud,5,0.497
372433827/Lab4/result/Pulumi.yaml,Pulumi,typescript,Medium,3,1,1,True,35,False,0,Pulumi General Cloud,5,0.497
513876836/applications/pulumi-examples/testing-unit-go/Pulumi.yaml,Pulumi,go,Medium,3,1,1,True,61,False,0,Pulumi General Cloud,5,0.497
513876836/applications/pulumi-examples/testing-unit-ts/Pulumi.yaml,Pulumi,typescript,Medium,3,1,1,True,69,False,0,Pulumi General Cloud,5,0.497
513876836/applications/pulumi-examples/testing-unit-py/Pulumi.yaml,Pulumi,python,Medium,3,1,1,True,65,False,0,Pulumi General Cloud,5,0.497
513876836/applications/pulumi-examples/aws-ts-serverless-datawarehouse/Pulumi.yaml,Pulumi,typescript,Medium,3,1,1,True,27,False,0,Pulumi General Cloud,5,0.497
482473388/infra/Pulumi.yaml,Pulumi,typescript,Medium,3,1,1,True,116,False,0,Pulumi General Cloud,5,0.497
524450905/Pulumi.yaml,Pulumi,typescript,Medium,3,1,1,True,39,False,0,Pulumi General Cloud,5,0.497
310173847/pulumi-test/Pulumi.yaml,Pulumi,csharp,Medium,3,1,1,True,33,False,0,Pulumi General Cloud,5,0.497
437900101/Pulumi.yaml,Pulumi,go,Medium,3,1,1,True,27,False,0,Pulumi General Cloud,5,0.497
475025089/testing-unit-go/Pulumi.yaml,Pulumi,go,Medium,3,1,1,True,61,False,0,Pulumi General Cloud,5,0.497
475025089/testing-unit-py/Pulumi.yaml,Pulumi,python,Medium,3,1,1,True,65,False,0,Pulumi General Cloud,5,0.497
475025089/aws-ts-serverless-datawarehouse/Pulumi.yaml,Pulumi,typescript,Medium,3,1,1,True,27,False,0,Pulumi General Cloud,5,0.497
284694470/ec2/Pulumi.yaml,Pulumi,python,Medium,3,1,1,True,31,False,0,Pulumi General Cloud,5,0.497
479004114/Pulumi.yml,Pulumi,typescript,Medium,3,1,1,True,23,False,0,Pulumi General Cloud,5,0.497
424675219/Pulumi.yaml,Pulumi,python,Medium,3,1,1,True,31,False,0,Pulumi General Cloud,5,0.497
446348090/applications/pulumi-examples/testing-unit-go/Pulumi.yaml,Pulumi,go,Medium,3,1,1,True,61,False,0,Pulumi General Cloud,5,0.497
446348090/applications/pulumi-examples/testing-unit-ts/Pulumi.yaml,Pulumi,typescript,Medium,3,1,1,True,69,False,0,Pulumi General Cloud,5,0.497
446348090/applications/pulumi-examples/testing-unit-py/Pulumi.yaml,Pulumi,python,Medium,3,1,1,True,65,False,0,Pulumi General Cloud,5,0.497
446348090/applications/pulumi-examples/aws-ts-serverless-datawarehouse/Pulumi.yaml,Pulumi,typescript,Medium,3,1,1,True,27,False,0,Pulumi General Cloud,5,0.497
311797767/webapp/Pulumi.yaml,Pulumi,csharp,Medium,3,1,1,True,33,False,0,Pulumi General Cloud,5,0.497
242578943/Pulumi.yaml,Pulumi,typescript,Medium,3,1,1,True,38,False,0,Pulumi General Cloud,5,0.497
472624383/systems/infrastructure/Pulumi.yaml,Pulumi,typescript,Medium,3,1,1,True,46,False,0,Pulumi General Cloud,5,0.497
454190645/Pulumi.yaml,Pulumi,python,Medium,3,1,1,True,65,False,0,Pulumi General Cloud,5,0.497
320382666/Pulumi.yaml,Pulumi,typescript,Medium,3,1,1,True,37,False,0,Pulumi General Cloud,5,0.497
503147483/Pulumi.yaml,Pulumi,typescript,Medium,3,1,1,True,39,False,0,Pulumi General Cloud,5,0.497
417586173/py-unittesting-configuration-file/Pulumi.yaml,Pulumi,python,Medium,3,1,1,True,31,False,0,Pulumi General Cloud,5,0.497
473665653/Pulumi.yaml,Pulumi,typescript,Medium,3,1,1,True,39,False,0,Pulumi General Cloud,5,0.497
248899921/modern-infrastructure-wednesday/2020-05-06/gcp-py-functions/Pulumi.yaml,Pulumi,python,Medium,3,1,1,True,61,False,0,Pulumi General Cloud,5,0.497
94647772/aws/Pulumi.yaml,Pulumi,typescript,Medium,3,1,1,True,39,False,0,Pulumi General Cloud,5,0.497
487936749/pulumi/Pulumi.yaml,Pulumi,typescript,Medium,3,1,1,True,41,False,0,Pulumi General Cloud,5,0.497
131489916/_posts/2020/2020-07-30-deploy-create-react-app-aws-pulumi/my-app/pulumi/Pulumi.yaml,Pulumi,typescript,Medium,3,1,1,True,39,False,0,Pulumi General Cloud,5,0.497
191852806/Pulumi.yaml,Pulumi,typescript,Medium,3,1,1,True,89,False,1,Pulumi General Cloud,5,0.497
451523309/tests/examples/testing-unit-java/Pulumi.yaml,Pulumi,java,Medium,3,1,1,True,63,False,0,Pulumi General Cloud,5,0.497
500661930/testing-unit-go/Pulumi.yaml,Pulumi,go,Medium,3,1,1,True,61,False,0,Pulumi General Cloud,5,0.497
500661930/testing-unit-py/Pulumi.yaml,Pulumi,python,Medium,3,1,1,True,65,False,0,Pulumi General Cloud,5,0.497
500661930/azure-java-function-graal-spring/Pulumi.yaml,Pulumi,java,Medium,3,1,1,True,97,False,0,Pulumi General Cloud,5,0.497
500661930/aws-ts-serverless-datawarehouse/Pulumi.yaml,Pulumi,typescript,Medium,3,1,1,True,27,False,0,Pulumi General Cloud,5,0.497
266211129/unit-testing/Pulumi.yaml,Pulumi,python,Medium,3,1,1,True,33,False,1,Pulumi General Cloud,5,0.497
315907396/aws-py-component/Pulumi.yml,Pulumi,python,Medium,3,1,1,True,25,False,0,Pulumi General Cloud,5,0.497
383866767/Pulumi.yaml,Pulumi,typescript,Medium,3,1,1,True,37,False,0,Pulumi General Cloud,5,0.497
293744354/Pulumi.yaml,Pulumi,go,Medium,3,1,1,True,19,False,0,Pulumi General Cloud,5,0.497
452438226/Pulumi.yaml,Pulumi,typescript,Medium,3,1,1,True,48,False,0,Pulumi General Cloud,5,0.497
92832781/aws/ts/aws-ts-serverless-datawarehouse/Pulumi.yaml,Pulumi,typescript,Medium,3,1,1,True,27,False,0,Pulumi General Cloud,5,0.497
425175337/Pulumi.yaml,Pulumi,typescript,Medium,3,1,1,True,48,False,0,Pulumi General Cloud,5,0.497
525315633/ts/aws/lamda/dwh/Pulumi.yaml,Pulumi,typescript,Medium,3,1,1,True,27,False,0,Pulumi General Cloud,5,0.497
515014800/Pulumi.yaml,Pulumi,python,Medium,3,1,1,True,37,False,0,Pulumi General Cloud,5,0.497
451882745/Pulumi.yaml,Pulumi,typescript,Medium,3,1,1,True,47,False,0,Pulumi General Cloud,5,0.497
363914083/Pulumi.yaml,Pulumi,python,Medium,3,1,1,True,44,False,0,Pulumi General Cloud,5,0.497
375002227/aws-classic-ts-acm-awsguard/Pulumi.yaml,Pulumi,typescript,Medium,3,1,1,True,39,False,0,Pulumi General Cloud,5,0.497
197389332/Pulumi.yaml,Pulumi,typescript,Medium,3,1,1,True,28,False,0,Pulumi General Cloud,5,0.497
426970914/Pulumi.yaml,Pulumi,go,Medium,3,1,1,True,40,False,0,Pulumi General Cloud,5,0.497
448685060/Pulumi.yaml,Pulumi,python,Medium,3,1,1,True,35,False,0,Pulumi General Cloud,5,0.497
251422182/demo2/Pulumi.yaml,Pulumi,typescript,Medium,3,1,1,True,41,False,0,Pulumi General Cloud,5,0.497
319726756/azure-go/Pulumi.yaml,Pulumi,go,Medium,3,1,1,True,27,False,0,Pulumi General Cloud,5,0.497
319726756/ec2-go/Pulumi.yaml,Pulumi,go,Medium,3,1,1,True,27,False,1,Pulumi General Cloud,5,0.497
319726756/ec2-py/Pulumi.yaml,Pulumi,python,Medium,3,1,1,True,31,False,1,Pulumi General Cloud,5,0.497
282083829/testing-unit-go/Pulumi.yaml,Pulumi,go,Medium,3,1,1,True,61,False,0,Pulumi General Cloud,5,0.497
282083829/testing-unit-ts/Pulumi.yaml,Pulumi,typescript,Medium,3,1,1,True,69,False,0,Pulumi General Cloud,5,0.497
282083829/testing-unit-py/Pulumi.yaml,Pulumi,python,Medium,3,1,1,True,65,False,0,Pulumi General Cloud,5,0.497
282083829/aws-ts-serverless-datawarehouse/Pulumi.yaml,Pulumi,typescript,Medium,3,1,1,True,27,False,0,Pulumi General Cloud,5,0.497
108589232/testing-unit-go/Pulumi.yaml,Pulumi,go,Medium,3,1,1,True,61,False,0,Pulumi General Cloud,5,0.497
108589232/testing-unit-py/Pulumi.yaml,Pulumi,python,Medium,3,1,1,True,65,False,0,Pulumi General Cloud,5,0.497
108589232/testing-unit-ts-mocks-jest/Pulumi.yaml,Pulumi,typescript,Medium,3,1,1,True,93,False,0,Pulumi General Cloud,5,0.497
108589232/azure-java-function-graal-spring/Pulumi.yaml,Pulumi,java,Medium,3,1,1,True,97,False,0,Pulumi General Cloud,5,0.497
108589232/aws-ts-serverless-datawarehouse/Pulumi.yaml,Pulumi,typescript,Medium,3,1,1,True,27,False,0,Pulumi General Cloud,5,0.497
353381045/Pulumi.yaml,Pulumi,typescript,Medium,3,1,1,True,48,False,0,Pulumi General Cloud,5,0.497
511068994/component-resource/Pulumi.yaml,Pulumi,typescript,Medium,3,1,1,True,46,False,0,Pulumi General Cloud,5,0.497
423193847/Lab4/result/Pulumi.yaml,Pulumi,typescript,Medium,3,1,1,True,35,False,0,Pulumi General Cloud,5,0.497
416843653/example1/Pulumi.yaml,Pulumi,python,Medium,3,1,1,True,23,False,0,Pulumi General Cloud,5,0.497
484460336/Pulumi.yaml,Pulumi,typescript,Medium,3,1,1,True,39,False,0,Pulumi General Cloud,5,0.497
446618756/Pulumi.yaml,Pulumi,python,Medium,3,1,1,True,31,False,0,Pulumi General Cloud,5,0.497
372786576/Pulumi.yaml,Pulumi,go,Medium,3,1,1,True,28,False,0,Pulumi General Cloud,5,0.497
437559123/Pulumi.yaml,Pulumi,typescript,Medium,3,1,1,True,39,False,0,Pulumi General Cloud,5,0.497
222179070/examples/datawarehouse/Pulumi.yaml,Pulumi,typescript,Medium,3,1,1,True,39,False,0,Pulumi General Cloud,5,0.497
95243634/aws/tests/unit/Pulumi.yaml,Pulumi,typescript,Medium,2,1,1,False,0,False,0,Pulumi General Cloud,5,0.497
316646959/ec2-vpc/cdk.json,AWS CDK,typescript,Medium,3,1,1,False,0,True,2,Tested CDK Deployments,6,0.294
231505289/cdk.json,AWS CDK,typescript,Medium,3,1,1,False,0,True,2,Tested CDK Deployments,6,0.294
338294476/cdk.json,AWS CDK,typescript,Medium,3,1,1,False,0,True,2,Tested CDK Deployments,6,0.294
501482485/infra/Pulumi.yaml,Pulumi,typescript,Medium,3,1,1,True,27,False,0,Tested CDK Deployments,6,0.294
407901348/apigw-lambda/cdk.json,AWS CDK,typescript,Medium,3,1,1,False,0,True,2,Tested CDK Deployments,6,0.294
278960055/vpc-nlb-eip/cdk.json,AWS CDK,typescript,Medium,3,1,1,False,0,True,2,Tested CDK Deployments,6,0.294
172386632/examples/cosmosdb/Pulumi.yaml,Pulumi,typescript,Medium,3,1,1,True,20,False,0,Tested CDK Deployments,6,0.294
368612042/cdk.json,AWS CDK,typescript,Medium,3,1,1,False,0,True,2,Tested CDK Deployments,6,0.294
322753970/Pulumi.yaml,Pulumi,typescript,Medium,3,1,1,True,24,False,0,Tested CDK Deployments,6,0.294
355502550/cdk.json,AWS CDK,typescript,Medium,3,1,1,False,0,True,2,Tested CDK Deployments,6,0.294
394437806/cdk.json,AWS CDK,typescript,Medium,3,1,1,False,0,True,2,Tested CDK Deployments,6,0.294
208602097/ec2-launch-template-with-cloudwatch-agent/cdk.json,AWS CDK,typescript,Medium,3,1,1,False,0,True,2,Tested CDK Deployments,6,0.294
424160317/cdk.json,AWS CDK,typescript,Medium,3,1,1,False,0,True,2,Tested CDK Deployments,6,0.294
349695410/cdk.json,AWS CDK,typescript,Medium,3,1,1,False,0,True,2,Tested CDK Deployments,6,0.294
379923380/cdk.json,AWS CDK,typescript,Medium,3,1,1,False,0,True,2,Tested CDK Deployments,6,0.294
317177533/step-07-appsync-lambda-dynamodb/cdk.json,AWS CDK,typescript,Medium,3,1,1,False,0,True,2,Tested CDK Deployments,6,0.294
346124744/infra/cdk.json,AWS CDK,typescript,Medium,3,1,1,False,0,True,2,Tested CDK Deployments,6,0.294
323335267/step-04-Appsync-lambda-dynamodb/cdk.json,AWS CDK,typescript,Medium,3,1,1,False,0,True,2,Tested CDK Deployments,6,0.294
383715175/cdk.json,AWS CDK,typescript,Medium,3,1,1,False,0,True,2,Tested CDK Deployments,6,0.294
259965055/cdk.json,AWS CDK,typescript,Medium,3,1,1,False,0,True,2,Tested CDK Deployments,6,0.294
469540869/cdk.json,AWS CDK,typescript,Medium,3,1,1,False,0,True,2,Tested CDK Deployments,6,0.294
311249854/apiGateway-lambda-auroraServerless/cdk.json,AWS CDK,typescript,Medium,3,1,1,False,0,True,2,Tested CDK Deployments,6,0.294
311249854/cloudwatch-fargate/cdk.json,AWS CDK,typescript,Medium,3,1,1,False,0,True,2,Tested CDK Deployments,6,0.294
311249854/apiGateway-lambda/cdk.json,AWS CDK,typescript,Medium,3,1,1,False,0,True,2,Tested CDK Deployments,6,0.294
311249854/apiGateway-customDomain-lambda/cdk.json,AWS CDK,typescript,Medium,3,1,1,False,0,True,2,Tested CDK Deployments,6,0.294
311249854/apiGateway-lambda-rds-rdsProxy/cdk.json,AWS CDK,typescript,Medium,3,1,1,False,0,True,3,Tested CDK Deployments,6,0.294
311249854/apiGateway-lambda-dynamodb/cdk.json,AWS CDK,typescript,Medium,3,1,1,False,0,True,3,Tested CDK Deployments,6,0.294
311249854/apiGateway-lambda-authorizer/cdk.json,AWS CDK,typescript,Medium,3,1,1,False,0,True,2,Tested CDK Deployments,6,0.294
222661174/cdk.json,AWS CDK,typescript,Medium,3,1,1,False,0,True,2,Tested CDK Deployments,6,0.294
418418685/cdk.json,AWS CDK,typescript,Medium,3,1,1,False,0,True,2,Tested CDK Deployments,6,0.294
300098959/cdk.json,AWS CDK,typescript,Medium,3,1,1,False,0,True,2,Tested CDK Deployments,6,0.294
405485737/cdk.json,AWS CDK,typescript,Medium,3,1,1,False,0,True,2,Tested CDK Deployments,6,0.294
467401909/cdk.json,AWS CDK,typescript,Medium,3,1,1,False,0,True,2,Tested CDK Deployments,6,0.294
339256159/cdk.json,AWS CDK,typescript,Medium,3,1,1,False,0,True,2,Tested CDK Deployments,6,0.294
424148987/apigateway-lambda-api/cdk.json,AWS CDK,typescript,Medium,3,1,1,False,0,True,2,Tested CDK Deployments,6,0.294
283243531/cdk.json,AWS CDK,typescript,Medium,3,1,1,False,0,True,2,Tested CDK Deployments,6,0.294
382190140/cdk.json,AWS CDK,typescript,Medium,3,1,1,False,0,True,2,Tested CDK Deployments,6,0.294
414846798/cdk.json,AWS CDK,typescript,Medium,3,1,1,False,0,True,2,Tested CDK Deployments,6,0.294
441572212/aws-cdk-docker-lambda-api-gateway/cdk.json,AWS CDK,typescript,Medium,3,1,1,False,0,True,2,Tested CDK Deployments,6,0.294
228251667/cdk.json,AWS CDK,typescript,Medium,3,1,1,False,0,True,3,Tested CDK Deployments,6,0.294
298114797/cdk.json,AWS CDK,typescript,Medium,3,1,1,False,0,True,2,Tested CDK Deployments,6,0.294
397294275/cdk.json,AWS CDK,typescript,Medium,3,1,1,False,0,True,2,Tested CDK Deployments,6,0.294
248899921/modern-infrastructure-wednesday/2020-05-13/resource-compare/Pulumi.yaml,Pulumi,typescript,Medium,3,1,1,True,15,False,0,Tested CDK Deployments,6,0.294
372127430/cdk.json,AWS CDK,typescript,Medium,3,1,1,False,0,True,2,Tested CDK Deployments,6,0.294
515763344/cdk.json,AWS CDK,typescript,Medium,3,1,1,False,0,True,2,Tested CDK Deployments,6,0.294
298789214/cdk.json,AWS CDK,typescript,Medium,3,1,1,False,0,True,2,Tested CDK Deployments,6,0.294
311508830/cdk.json,AWS CDK,javascript,Medium,3,1,1,False,0,True,2,Tested CDK Deployments,6,0.294
425846850/cdk.json,AWS CDK,typescript,Medium,3,1,1,False,0,True,2,Tested CDK Deployments,6,0.294
338227641/examples/cloudfront-single-lambda/cdk.json,AWS CDK,typescript,Medium,3,1,1,False,0,True,2,Tested CDK Deployments,6,0.294
402187758/cdk.json,AWS CDK,typescript,Medium,3,1,1,False,0,True,2,Tested CDK Deployments,6,0.294
430429514/httpapi-eventbridge/cdk.json,AWS CDK,go,Medium,3,1,1,False,0,True,2,Tested CDK Deployments,6,0.294
430429514/eventbridge-sqs/cdk.json,AWS CDK,go,Medium,3,1,1,False,0,True,2,Tested CDK Deployments,6,0.294
430429514/sqs-lambda/cdk.json,AWS CDK,go,Medium,3,1,1,False,0,True,2,Tested CDK Deployments,6,0.294
430429514/lambda-dynamodb/cdk.json,AWS CDK,go,Medium,3,1,1,False,0,True,2,Tested CDK Deployments,6,0.294
430429514/restapi-sqs/cdk.json,AWS CDK,go,Medium,3,1,1,False,0,True,2,Tested CDK Deployments,6,0.294
277407493/cdk.json,AWS CDK,typescript,Medium,3,1,1,False,0,True,3,Tested CDK Deployments,6,0.294
386891427/cdk.json,AWS CDK,typescript,Medium,3,1,1,False,0,True,2,Tested CDK Deployments,6,0.294
379490053/cdk/cdk-lang-typescript-apigateway-lambda-nodejs-sample/cdk/cdk.json,AWS CDK,typescript,Medium,3,1,1,False,0,True,2,Tested CDK Deployments,6,0.294
403490486/apigateway-restapi-lambda/cdk.json,AWS CDK,typescript,Medium,3,1,1,False,0,True,2,Tested CDK Deployments,6,0.294
361331987/cdk.json,AWS CDK,typescript,Medium,3,1,1,False,0,True,2,Tested CDK Deployments,6,0.294
412555264/cdk.json,AWS CDK,typescript,Medium,3,1,1,False,0,True,2,Tested CDK Deployments,6,0.294
352479401/apigateway-lambda/cdk.json,AWS CDK,typescript,Medium,3,1,1,False,0,True,2,Tested CDK Deployments,6,0.294
418534875/cdk.json,AWS CDK,typescript,Medium,3,1,1,False,0,True,2,Tested CDK Deployments,6,0.294
421439259/cdk.json,AWS CDK,typescript,Medium,3,1,1,False,0,True,3,Tested CDK Deployments,6,0.294
287548039/cdk.json,AWS CDK,typescript,Medium,3,1,1,False,0,True,2,Tested CDK Deployments,6,0.294
525585850/EC2-VPC/cdk.json,AWS CDK,typescript,Medium,3,1,1,False,0,True,2,Tested CDK Deployments,6,0.294
393639497/cdk.json,AWS CDK,typescript,Medium,3,1,1,False,0,True,2,Tested CDK Deployments,6,0.294
345731777/cdk.json,AWS CDK,typescript,Medium,3,1,1,False,0,True,2,Tested CDK Deployments,6,0.294
343455026/eventbridge-with-lambda/cdk.json,AWS CDK,typescript,Medium,3,1,1,False,0,True,2,Tested CDK Deployments,6,0.294
276633445/cdk.json,AWS CDK,typescript,Medium,3,1,1,False,0,True,2,Tested CDK Deployments,6,0.294
430624338/cdk.json,AWS CDK,typescript,Medium,3,1,1,False,0,True,2,Tested CDK Deployments,6,0.294
261250723/codepipeline-athena-ddl/cdk.json,AWS CDK,typescript,Medium,3,1,1,False,0,True,2,Tested CDK Deployments,6,0.294
261250723/api-gateway-lambda-vpc/cdk.json,AWS CDK,typescript,Medium,3,1,1,False,0,True,3,Tested CDK Deployments,6,0.294
261250723/api-gateway-nlb/cdk.json,AWS CDK,typescript,Medium,3,1,1,False,0,True,2,Tested CDK Deployments,6,0.294
370316838/cdk.json,AWS CDK,typescript,Medium,3,1,1,False,0,True,2,Tested CDK Deployments,6,0.294
370753916/cdk.json,AWS CDK,typescript,Medium,3,1,1,False,0,True,2,Tested CDK Deployments,6,0.294
336844094/cdk.json,AWS CDK,typescript,Medium,3,1,1,False,0,True,2,Tested CDK Deployments,6,0.294
382317864/cdk.json,AWS CDK,typescript,Medium,3,1,1,False,0,True,2,Tested CDK Deployments,6,0.294
373220214/cdk.json,AWS CDK,typescript,Medium,3,1,1,False,0,True,2,Tested CDK Deployments,6,0.294
402585746/cdk.json,AWS CDK,typescript,Medium,3,1,1,False,0,True,2,Tested CDK Deployments,6,0.294
234908261/lambda-apigateway-stack/cdk.json,AWS CDK,typescript,Medium,3,1,1,False,0,True,2,Tested CDK Deployments,6,0.294
292222567/cdk.json,AWS CDK,typescript,Medium,3,1,1,False,0,True,2,Tested CDK Deployments,6,0.294
185768439/kinesis-analytics-lambda/cdk.json,AWS CDK,typescript,Medium,3,1,1,False,0,True,2,Tested CDK Deployments,6,0.294
273637841/cdk.json,AWS CDK,typescript,Medium,3,1,1,False,0,True,2,Tested CDK Deployments,6,0.294
500881008/cdk.json,AWS CDK,typescript,Medium,3,1,1,False,0,True,2,Tested CDK Deployments,6,0.294
376330540/cdk.json,AWS CDK,typescript,Medium,3,1,1,False,0,True,2,Tested CDK Deployments,6,0.294
399283238/ecs-vpc-endpoints/cdk.json,AWS CDK,javascript,Medium,3,1,1,False,0,True,2,Tested CDK Deployments,6,0.294
399283238/ecs-fargate-elb-cloudfront/cdk.json,AWS CDK,javascript,Medium,3,1,1,False,0,True,3,Tested CDK Deployments,6,0.294
435223093/Serverless:CDK/serverless-patterns/lambda-cloudwatch-cdk/cdk.json,AWS CDK,javascript,Medium,3,1,1,False,0,True,2,Tested CDK Deployments,6,0.294
435223093/Serverless:CDK/serverless-patterns/dynamodb-kinesis-cdk/cdk/cdk.json,AWS CDK,typescript,Medium,3,1,1,False,0,True,2,Tested CDK Deployments,6,0.294
338322585/lambda-cloudwatch-cdk/cdk.json,AWS CDK,javascript,Medium,3,1,1,False,0,True,2,Tested CDK Deployments,6,0.294
338322585/dynamodb-kinesis-cdk/cdk/cdk.json,AWS CDK,typescript,Medium,3,1,1,False,0,True,2,Tested CDK Deployments,6,0.294
511370578/cdk.json,AWS CDK,typescript,Medium,3,1,1,False,0,True,2,Tested CDK Deployments,6,0.294
302432840/cdk.json,AWS CDK,typescript,Medium,3,1,1,False,0,True,3,Tested CDK Deployments,6,0.294
386036389/cdk.json,AWS CDK,typescript,Medium,3,1,1,False,0,True,2,Tested CDK Deployments,6,0.294
188689911/typescript/alb_ec2/cdk.json,AWS CDK,typescript,Medium,3,1,1,False,0,True,2,Tested CDK Deployments,6,0.294
360158487/cdk.json,AWS CDK,typescript,Medium,3,1,1,False,0,True,2,Tested CDK Deployments,6,0.294
329939505/cdk.json,AWS CDK,typescript,Medium,3,1,1,False,0,True,3,Tested CDK Deployments,6,0.294
513348272/cdk.json,AWS CDK,javascript,Medium,3,1,1,False,0,True,3,Tested CDK Deployments,6,0.294
413061530/typescript/lambda-with-api-gateway/cdk.json,AWS CDK,typescript,Medium,3,1,1,False,0,True,2,Tested CDK Deployments,6,0.294
264573357/cdk.json,AWS CDK,typescript,Medium,3,1,1,False,0,True,2,Tested CDK Deployments,6,0.294
424290295/cdk.json,AWS CDK,typescript,Medium,2,1,1,False,0,False,0,Tested CDK Deployments,6,0.294
464359643/cdk.json,AWS CDK,typescript,Medium,2,1,1,False,0,False,1,Tested CDK Deployments,6,0.294
427332868/cdk.json,AWS CDK,typescript,Medium,2,1,1,False,0,False,0,Tested CDK Deployments,6,0.294
214975348/cloudformation/aws-cdk/aws-cdk-cloudformation-dasm-sample/cdk.json,AWS CDK,typescript,Medium,2,1,1,False,0,False,0,Tested CDK Deployments,6,0.294
214975348/cloudformation/aws-cdk/aws-cdk-video-recognition/cdk.json,AWS CDK,typescript,Medium,2,1,1,False,0,False,0,Tested CDK Deployments,6,0.294
214975348/cloudformation/aws-cdk/aws-cdk-iot-greengrass/cdk.json,AWS CDK,typescript,Medium,2,1,1,False,0,False,0,Tested CDK Deployments,6,0.294
214975348/cloudformation/aws-cdk/aws-cdk-sagemaker/cdk.json,AWS CDK,typescript,Medium,2,1,1,False,0,False,1,Tested CDK Deployments,6,0.294
214975348/cloudformation/aws-cdk/aws-cdk-simplestack/cdk.json,AWS CDK,javascript,Medium,2,1,1,False,0,False,0,Tested CDK Deployments,6,0.294
214975348/cloudformation/aws-cdk/aws-cdk-alb/cdk.json,AWS CDK,typescript,Medium,2,1,1,False,0,False,1,Tested CDK Deployments,6,0.294
214975348/cloudformation/aws-cdk/aws-cdk-speech-synthesis/cdk.json,AWS CDK,typescript,Medium,2,1,1,False,0,False,0,Tested CDK Deployments,6,0.294
214975348/cloudformation/aws-cdk/aws-cdk-config/cdk.json,AWS CDK,typescript,Medium,2,1,1,False,0,False,0,Tested CDK Deployments,6,0.294
214975348/cloudformation/aws-cdk/aws-cdk-appsync-graphql-dynamodb/cdk.json,AWS CDK,typescript,Medium,2,1,1,False,0,False,0,Tested CDK Deployments,6,0.294
214975348/cloudformation/aws-cdk/aws-cdk-iot/aws-iot-sample/cdk.json,AWS CDK,typescript,Medium,2,1,1,False,0,False,0,Tested CDK Deployments,6,0.294
214975348/cloudformation/aws-cdk/aws-cdk-ec2-from-custom-ami/cdk.json,AWS CDK,typescript,Medium,2,1,1,False,0,False,0,Tested CDK Deployments,6,0.294
214975348/cloudformation/aws-cdk/simplified-init-template/cdk.json,AWS CDK,typescript,Medium,2,1,1,False,0,False,0,Tested CDK Deployments,6,0.294
214975348/cloudformation/aws-cdk/aws-cdk-dynamodb/aws-dynamodb-stack/cdk.json,AWS CDK,typescript,Medium,2,1,1,False,0,False,1,Tested CDK Deployments,6,0.294
214975348/cloudformation/aws-cdk/aws-cdk-dynamodb/tableviewer-in-10-minutes/cdk.json,AWS CDK,typescript,Medium,2,1,1,False,0,False,0,Tested CDK Deployments,6,0.294
214975348/cloudformation/aws-cdk/aws-cdk-spa-deploy-construct-sample/cdk.json,AWS CDK,typescript,Medium,2,1,1,False,0,False,0,Tested CDK Deployments,6,0.294
394180807/cdk.json,AWS CDK,typescript,Medium,2,1,1,False,0,False,0,Tested CDK Deployments,6,0.294
481912686/cdk.json,AWS CDK,java,Medium,2,1,1,False,0,False,0,Tested CDK Deployments,6,0.294
405194555/infra/cdk.json,AWS CDK,typescript,Medium,2,1,1,False,0,False,0,Tested CDK Deployments,6,0.294
406073718/IotCoreChatBackend/cdk.json,AWS CDK,typescript,Medium,2,1,1,False,0,False,0,Tested CDK Deployments,6,0.294
412518051/s3-batch-operations/python3.8/cdk.json,AWS CDK,typescript,Medium,2,1,1,False,0,False,0,Tested CDK Deployments,6,0.294
412771870/packages/cloud/cdk.json,AWS CDK,typescript,Medium,2,1,1,False,0,False,0,Tested CDK Deployments,6,0.294
228891938/payment-3p/cdk.json,AWS CDK,typescript,Medium,2,1,1,False,0,False,0,Tested CDK Deployments,6,0.294
255077593/cdk.json,AWS CDK,typescript,Medium,2,1,1,False,0,False,0,Tested CDK Deployments,6,0.294
395219797/cdk.json,AWS CDK,typescript,Medium,2,1,1,False,0,False,0,Tested CDK Deployments,6,0.294
235371212/cdk/cdk.json,AWS CDK,typescript,Medium,2,1,1,False,0,False,0,Tested CDK Deployments,6,0.294
441081067/cdk.json,AWS CDK,typescript,Medium,2,1,1,False,0,False,0,Tested CDK Deployments,6,0.294
395377335/cdk.json,AWS CDK,javascript,Medium,2,1,1,False,0,False,0,Tested CDK Deployments,6,0.294
435244265/cdk.json,AWS CDK,java,Medium,2,1,1,False,0,False,0,Tested CDK Deployments,6,0.294
422976622/cdk.json,AWS CDK,typescript,Medium,2,1,1,False,0,False,0,Tested CDK Deployments,6,0.294
259667860/cdk.json,AWS CDK,typescript,Medium,2,1,1,False,0,False,0,Tested CDK Deployments,6,0.294
301082475/aws-community-day-2020-korea/ws-api-layers/cdk.json,AWS CDK,typescript,Medium,2,1,1,False,0,False,0,Tested CDK Deployments,6,0.294
301082475/aws-community-day-2020-korea/rest-api-custom-token-auth-old/cdk.json,AWS CDK,typescript,Medium,2,1,1,False,0,False,1,Tested CDK Deployments,6,0.294
301082475/aws-community-day-2020-korea/rest-api-custom-request-auth/cdk.json,AWS CDK,typescript,Medium,2,1,1,False,0,False,1,Tested CDK Deployments,6,0.294
301082475/aws-community-day-2020-korea/rest-api-custom-token-auth/cdk.json,AWS CDK,typescript,Medium,2,1,1,False,0,False,1,Tested CDK Deployments,6,0.294
301082475/aws-community-day-2020-korea/cf-quotas/cdk.json,AWS CDK,typescript,Medium,2,1,1,False,0,False,0,Tested CDK Deployments,6,0.294
301082475/aws-community-day-2020-korea/stack-dependency/cdk.json,AWS CDK,typescript,Medium,2,1,1,False,0,False,0,Tested CDK Deployments,6,0.294
301082475/aws-community-day-2020-korea/ws-api-custom-request-auth-old/cdk.json,AWS CDK,typescript,Medium,2,1,1,False,0,False,0,Tested CDK Deployments,6,0.294
509563514/cdk.json,AWS CDK,python,Medium,2,1,1,False,0,False,0,Tested CDK Deployments,6,0.294
236563930/cdk/cdk.json,AWS CDK,typescript,Medium,2,1,1,False,0,False,0,Tested CDK Deployments,6,0.294
125131115/aws/cdk.json,AWS CDK,typescript,Medium,2,1,1,False,0,False,0,Tested CDK Deployments,6,0.294
424083726/cdk.json,AWS CDK,typescript,Medium,2,1,1,False,0,False,0,Tested CDK Deployments,6,0.294
348501784/cdk.json,AWS CDK,typescript,Medium,2,1,1,False,0,False,1,Tested CDK Deployments,6,0.294
385911717/cdk/cdk.json,AWS CDK,typescript,Medium,2,1,1,False,0,False,0,Tested CDK Deployments,6,0.294
304200103/cdk.json,AWS CDK,python,Medium,2,1,1,False,0,False,0,Tested CDK Deployments,6,0.294
271512538/cdk.json,AWS CDK,typescript,Medium,2,1,1,False,0,False,0,Tested CDK Deployments,6,0.294
265778122/cdk.json,AWS CDK,typescript,Medium,2,1,1,False,0,False,0,Tested CDK Deployments,6,0.294
446170867/cdk.json,AWS CDK,typescript,Medium,2,1,1,False,0,False,0,Tested CDK Deployments,6,0.294
445311983/aws/cdk.json,AWS CDK,typescript,Medium,2,1,1,False,0,False,0,Tested CDK Deployments,6,0.294
422662418/cdk.json,AWS CDK,typescript,Medium,2,1,1,False,0,False,0,Tested CDK Deployments,6,0.294
486072834/cdk.json,AWS CDK,python,Medium,2,1,1,False,0,False,0,Tested CDK Deployments,6,0.294
288269587/infra/cdk.json,AWS CDK,typescript,Medium,2,1,1,False,0,False,0,Tested CDK Deployments,6,0.294
524844965/cdk.json,AWS CDK,python,Medium,2,1,1,False,0,False,0,Tested CDK Deployments,6,0.294
303243622/cdk.json,AWS CDK,typescript,Medium,2,1,1,False,0,False,0,Tested CDK Deployments,6,0.294
386789190/cdk.json,AWS CDK,typescript,Medium,2,1,1,False,0,False,0,Tested CDK Deployments,6,0.294
486185420/cdk.json,AWS CDK,typescript,Medium,2,1,1,False,0,False,0,Tested CDK Deployments,6,0.294
406284316/cdk.json,AWS CDK,typescript,Medium,2,1,1,False,0,False,0,Tested CDK Deployments,6,0.294
272214999/part1/cdk.json,AWS CDK,typescript,Medium,2,1,1,False,0,False,0,Tested CDK Deployments,6,0.294
428596766/cdk.json,AWS CDK,python,Medium,2,1,1,False,0,False,0,Tested CDK Deployments,6,0.294
328901168/cdk/cdk.json,AWS CDK,typescript,Medium,2,1,1,False,0,False,0,Tested CDK Deployments,6,0.294
337144998/cdk.json,AWS CDK,typescript,Medium,2,1,1,False,0,False,0,Tested CDK Deployments,6,0.294
432001041/cdk.json,AWS CDK,typescript,Medium,2,1,1,False,0,False,1,Tested CDK Deployments,6,0.294
526646378/cdk.json,AWS CDK,typescript,Medium,2,1,1,False,0,False,0,Tested CDK Deployments,6,0.294
436641919/cdk.json,AWS CDK,typescript,Medium,2,1,1,False,0,False,0,Tested CDK Deployments,6,0.294
361528388/TScdk/cdk.json,AWS CDK,typescript,Medium,2,1,1,False,0,False,0,Tested CDK Deployments,6,0.294
361528388/Pycdk/cdk.json,AWS CDK,python,Medium,2,1,1,False,0,False,0,Tested CDK Deployments,6,0.294
526633703/repository/csv-to-dynamodb/cdk.json,AWS CDK,typescript,Medium,2,1,1,False,0,False,1,Tested CDK Deployments,6,0.294
336852090/cdk-workshop/cdk.json,AWS CDK,typescript,Medium,2,1,1,False,0,False,0,Tested CDK Deployments,6,0.294
521813878/cdk.json,AWS CDK,typescript,Medium,2,1,1,False,0,False,0,Tested CDK Deployments,6,0.294
423795671/cdk.json,AWS CDK,typescript,Medium,2,1,1,False,0,False,0,Tested CDK Deployments,6,0.294
440866944/init/cdk.json,AWS CDK,typescript,Medium,2,1,1,False,0,False,0,Tested CDK Deployments,6,0.294
440831709/cdk.json,AWS CDK,typescript,Medium,2,1,1,False,0,False,0,Tested CDK Deployments,6,0.294
373495631/cdk.json,AWS CDK,typescript,Medium,2,1,1,False,0,False,0,Tested CDK Deployments,6,0.294
431703492/cdk.json,AWS CDK,typescript,Medium,2,1,1,False,0,False,0,Tested CDK Deployments,6,0.294
218483339/examples/multi-profile-example/cdk.json,AWS CDK,typescript,Medium,2,1,1,False,0,False,0,Tested CDK Deployments,6,0.294
279105084/cdk/cdk.json,AWS CDK,typescript,Medium,2,1,1,False,0,False,0,Tested CDK Deployments,6,0.294
408226643/v2/test-stack-ts/cdk.json,AWS CDK,typescript,Medium,2,1,1,False,0,False,0,Tested CDK Deployments,6,0.294
387150312/aws-resources-cdk/cdk.json,AWS CDK,javascript,Medium,2,1,1,False,0,False,0,Tested CDK Deployments,6,0.294
438024474/cdk.json,AWS CDK,python,Medium,2,1,1,False,0,False,0,Tested CDK Deployments,6,0.294
425998118/reviews-api/cdk.json,AWS CDK,typescript,Medium,2,1,1,False,0,False,0,Tested CDK Deployments,6,0.294
525860798/cdk_workshop/cdk.json,AWS CDK,python,Medium,2,1,1,False,0,False,0,Tested CDK Deployments,6,0.294
487084025/cdk.json,AWS CDK,python,Medium,2,1,1,False,0,False,0,Tested CDK Deployments,6,0.294
279529171/aws-cdk/cdk.json,AWS CDK,python,Medium,2,1,1,False,0,False,0,Tested CDK Deployments,6,0.294
457576868/cdk.json,AWS CDK,python,Medium,2,1,1,False,0,False,0,Tested CDK Deployments,6,0.294
378667984/cdk.json,AWS CDK,typescript,Medium,2,1,1,False,0,False,0,Tested CDK Deployments,6,0.294
480832515/cdk.json,AWS CDK,python,Medium,2,1,1,False,0,False,0,Tested CDK Deployments,6,0.294
349690331/cdk.json,AWS CDK,typescript,Medium,2,1,1,False,0,False,0,Tested CDK Deployments,6,0.294
222438986/typescript/l1-and-overrides/cdk.json,AWS CDK,typescript,Medium,2,1,1,False,0,False,0,Tested CDK Deployments,6,0.294
222438986/typescript/return-struct-from-callbacks/cdk.json,AWS CDK,typescript,Medium,2,1,1,False,0,False,0,Tested CDK Deployments,6,0.294
222438986/typescript/aspects/cdk.json,AWS CDK,typescript,Medium,2,1,1,False,0,False,0,Tested CDK Deployments,6,0.294
222438986/typescript/abstract-class/cdk.json,AWS CDK,typescript,Medium,2,1,1,False,0,False,0,Tested CDK Deployments,6,0.294
368945637/cdk.json,AWS CDK,go,Medium,2,1,1,False,0,False,0,Tested CDK Deployments,6,0.294
266683460/cdk.json,AWS CDK,typescript,Medium,2,1,1,False,0,False,0,Tested CDK Deployments,6,0.294
321520906/cdk.json,AWS CDK,typescript,Medium,2,1,1,False,0,False,0,Tested CDK Deployments,6,0.294
394273464/cdk.json,AWS CDK,typescript,Medium,2,1,1,False,0,False,0,Tested CDK Deployments,6,0.294
294493383/cdk.json,AWS CDK,typescript,Medium,2,1,1,False,0,False,0,Tested CDK Deployments,6,0.294
347532516/cdk-pipeline/cdk.json,AWS CDK,typescript,Medium,2,1,1,False,0,False,0,Tested CDK Deployments,6,0.294
525399703/cdk/cdk.json,AWS CDK,typescript,Medium,2,1,1,False,0,False,0,Tested CDK Deployments,6,0.294
370994416/backend/cdk.json,AWS CDK,typescript,Medium,2,1,1,False,0,False,0,Tested CDK Deployments,6,0.294
514761508/cdk.json,AWS CDK,typescript,Medium,2,1,1,False,0,False,1,Tested CDK Deployments,6,0.294
487259763/cdk.json,AWS CDK,python,Medium,2,1,1,False,0,False,0,Tested CDK Deployments,6,0.294
348598172/cdk.json,AWS CDK,python,Medium,2,1,1,False,0,False,0,Tested CDK Deployments,6,0.294
369641800/cdk.json,AWS CDK,typescript,Medium,2,1,1,False,0,False,0,Tested CDK Deployments,6,0.294
365973263/infrastructure/cdk.json,AWS CDK,typescript,Medium,2,1,1,False,0,False,0,Tested CDK Deployments,6,0.294
399053167/step02_hello_website/cdk.json,AWS CDK,typescript,Medium,2,1,1,False,0,False,0,Tested CDK Deployments,6,0.294
339388730/cdk.json,AWS CDK,typescript,Medium,2,1,1,False,0,False,1,Tested CDK Deployments,6,0.294
355922309/cdk.json,AWS CDK,javascript,Medium,2,1,1,False,0,False,0,Tested CDK Deployments,6,0.294
313107934/tachyon-cms-datastore/cdk.json,AWS CDK,javascript,Medium,2,1,1,False,0,False,0,Tested CDK Deployments,6,0.294
367205778/cdk.json,AWS CDK,typescript,Medium,2,1,1,False,0,False,0,Tested CDK Deployments,6,0.294
418339901/cdk_infra/cdk.json,AWS CDK,typescript,Medium,2,1,1,False,0,False,0,Tested CDK Deployments,6,0.294
410665825/infrastructure/cdk.json,AWS CDK,typescript,Medium,2,1,1,False,0,False,0,Tested CDK Deployments,6,0.294
413578927/cdk.json,AWS CDK,typescript,Medium,2,1,1,False,0,False,0,Tested CDK Deployments,6,0.294
421080667/cdk.json,AWS CDK,typescript,Medium,2,1,1,False,0,False,0,Tested CDK Deployments,6,0.294
402779207/http-sniff/cdk.json,AWS CDK,typescript,Medium,2,1,1,False,0,False,0,Tested CDK Deployments,6,0.294
402779207/vpc-creator/cdk.json,AWS CDK,typescript,Medium,2,1,1,False,0,False,1,Tested CDK Deployments,6,0.294
402779207/lambda-layer-creator/cdk.json,AWS CDK,typescript,Medium,2,1,1,False,0,False,1,Tested CDK Deployments,6,0.294
448467222/cdk.json,AWS CDK,typescript,Medium,2,1,1,False,0,False,0,Tested CDK Deployments,6,0.294
392988194/cdk.json,AWS CDK,typescript,Medium,2,1,1,False,0,False,0,Tested CDK Deployments,6,0.294
365730229/cdk.json,AWS CDK,typescript,Medium,2,1,1,False,0,False,0,Tested CDK Deployments,6,0.294
337167477/cdk.json,AWS CDK,typescript,Medium,2,1,1,False,0,False,0,Tested CDK Deployments,6,0.294
411427565/cdk.json,AWS CDK,typescript,Medium,2,1,1,False,0,False,0,Tested CDK Deployments,6,0.294
420566513/cdk/cdk.json,AWS CDK,typescript,Medium,2,1,1,False,0,False,0,Tested CDK Deployments,6,0.294
375606750/backend/cdk.json,AWS CDK,typescript,Medium,2,1,1,False,0,False,0,Tested CDK Deployments,6,0.294
338743277/cdk.json,AWS CDK,typescript,Medium,2,1,1,False,0,False,0,Tested CDK Deployments,6,0.294
460019985/cdk.json,AWS CDK,typescript,Medium,2,1,1,False,0,False,0,Tested CDK Deployments,6,0.294
509436666/cdk.json,AWS CDK,python,Medium,2,1,1,False,0,False,0,Tested CDK Deployments,6,0.294
390754312/s3-angular-website/cdk/cdk.json,AWS CDK,typescript,Medium,2,1,1,False,0,False,0,Tested CDK Deployments,6,0.294
468211674/cdk.json,AWS CDK,javascript,Medium,2,1,1,False,0,False,1,Tested CDK Deployments,6,0.294
507458290/cdk.json,AWS CDK,javascript,Medium,2,1,1,False,0,False,1,Tested CDK Deployments,6,0.294
448345886/cdk.json,AWS CDK,typescript,Medium,2,1,1,False,0,False,0,Tested CDK Deployments,6,0.294
246942077/sample-app/cdk.json,AWS CDK,typescript,Medium,2,1,1,False,0,False,0,Tested CDK Deployments,6,0.294
246942077/S3create/cdk.json,AWS CDK,typescript,Medium,2,1,1,False,0,False,0,Tested CDK Deployments,6,0.294
246942077/test1/cdk.json,AWS CDK,typescript,Medium,2,1,1,False,0,False,0,Tested CDK Deployments,6,0.294
418138360/cdk.json,AWS CDK,typescript,Medium,2,1,1,False,0,False,0,Tested CDK Deployments,6,0.294
229427616/cdk.json,AWS CDK,typescript,Medium,2,1,1,False,0,False,0,Tested CDK Deployments,6,0.294
286864204/cdk.json,AWS CDK,typescript,Medium,2,1,1,False,0,False,0,Tested CDK Deployments,6,0.294
316430357/04_eventbridge_circuitbreaker/cdk.json,AWS CDK,typescript,Medium,2,1,1,False,0,False,0,Tested CDK Deployments,6,0.294
316430357/00_hello_constructs/cdk.json,AWS CDK,typescript,Medium,2,1,1,False,0,False,0,Tested CDK Deployments,6,0.294
316430357/09_scalable_webhook/cdk.json,AWS CDK,typescript,Medium,2,1,1,False,0,False,0,Tested CDK Deployments,6,0.294
316430357/08_saga_step_function/cdk.json,AWS CDK,typescript,Medium,2,1,1,False,0,False,0,Tested CDK Deployments,6,0.294
316430357/07_dynamo_streamer/cdk.json,AWS CDK,typescript,Medium,2,1,1,False,0,False,0,Tested CDK Deployments,6,0.294
316430357/05_eventbridge_etl/cdk.json,AWS CDK,typescript,Medium,2,1,1,False,0,False,0,Tested CDK Deployments,6,0.294
316430357/03_eventbridge_atm/cdk.json,AWS CDK,typescript,Medium,2,1,1,False,0,False,0,Tested CDK Deployments,6,0.294
316430357/02_big_fan/cdk.json,AWS CDK,typescript,Medium,2,1,1,False,0,False,0,Tested CDK Deployments,6,0.294
316430357/01_destined_lambda/cdk.json,AWS CDK,typescript,Medium,2,1,1,False,0,False,0,Tested CDK Deployments,6,0.294
395722162/s3-angular-website/cdk/cdk.json,AWS CDK,typescript,Medium,2,1,1,False,0,False,0,Tested CDK Deployments,6,0.294
352743366/cdk.json,AWS CDK,python,Medium,2,1,1,False,0,False,0,Tested CDK Deployments,6,0.294
307590489/cdk.json,AWS CDK,javascript,Medium,2,1,1,False,0,False,0,Tested CDK Deployments,6,0.294
338773882/first-app/cdk.json,AWS CDK,typescript,Medium,2,1,1,False,0,False,0,Tested CDK Deployments,6,0.294
498483331/cdk.json,AWS CDK,typescript,Medium,2,1,1,False,0,False,0,Tested CDK Deployments,6,0.294
314680424/cdk.json,AWS CDK,typescript,Medium,2,1,1,False,0,False,0,Tested CDK Deployments,6,0.294
309303731/cdk.json,AWS CDK,typescript,Medium,2,1,1,False,0,False,0,Tested CDK Deployments,6,0.294
338992541/cdk-ec2/cdk.json,AWS CDK,typescript,Medium,2,1,1,False,0,False,1,Tested CDK Deployments,6,0.294
250503809/cdk.json,AWS CDK,typescript,Medium,2,1,1,False,0,False,0,Tested CDK Deployments,6,0.294
318406328/InfrastructureApp/cdk.json,AWS CDK,typescript,Medium,2,1,1,False,0,False,0,Tested CDK Deployments,6,0.294
416036339/cdk.json,AWS CDK,typescript,Medium,2,1,1,False,0,False,0,Tested CDK Deployments,6,0.294
330845916/cdk.json,AWS CDK,typescript,Medium,2,1,1,False,0,False,1,Tested CDK Deployments,6,0.294
344476972/cdk.json,AWS CDK,typescript,Medium,2,1,1,False,0,False,0,Tested CDK Deployments,6,0.294
433561443/cdk.json,AWS CDK,python,Medium,2,1,1,False,0,False,0,Tested CDK Deployments,6,0.294
500192618/cdk.json,AWS CDK,typescript,Medium,2,1,1,False,0,False,0,Tested CDK Deployments,6,0.294
404714913/infrastructure/cdk.json,AWS CDK,typescript,Medium,2,1,1,False,0,False,0,Tested CDK Deployments,6,0.294
320319381/back/cdk.json,AWS CDK,typescript,Medium,2,1,1,False,0,False,0,Tested CDK Deployments,6,0.294
276458607/cdk.json,AWS CDK,typescript,Medium,2,1,1,False,0,False,1,Tested CDK Deployments,6,0.294
425129504/cdk.json,AWS CDK,go,Medium,2,1,1,False,0,False,0,Tested CDK Deployments,6,0.294
523913312/cdk/cdk.json,AWS CDK,typescript,Medium,2,1,1,False,0,False,0,Tested CDK Deployments,6,0.294
463370381/cdk.json,AWS CDK,python,Medium,2,1,1,False,0,False,0,Tested CDK Deployments,6,0.294
254967593/cdk.json,AWS CDK,typescript,Medium,2,1,1,False,0,False,0,Tested CDK Deployments,6,0.294
395024121/cdk.json,AWS CDK,python,Medium,2,1,1,False,0,False,0,Tested CDK Deployments,6,0.294
292526635/cdk/cdk.json,AWS CDK,typescript,Medium,2,1,1,False,0,False,0,Tested CDK Deployments,6,0.294
305165652/cdk.json,AWS CDK,typescript,Medium,2,1,1,False,0,False,0,Tested CDK Deployments,6,0.294
403124467/cdk.json,AWS CDK,java,Medium,2,1,1,False,0,False,0,Tested CDK Deployments,6,0.294
496672333/cdk.json,AWS CDK,typescript,Medium,2,1,1,False,0,False,0,Tested CDK Deployments,6,0.294
386295901/cdk.json,AWS CDK,typescript,Medium,2,1,1,False,0,False,0,Tested CDK Deployments,6,0.294
282025141/aws-cdk-fargate-service/cdk.json,AWS CDK,typescript,Medium,2,1,1,False,0,False,0,Tested CDK Deployments,6,0.294
518203354/cdk.json,AWS CDK,typescript,Medium,2,1,1,False,0,False,0,Tested CDK Deployments,6,0.294
273500673/infra/cdk.json,AWS CDK,javascript,Medium,2,1,1,False,0,False,0,Tested CDK Deployments,6,0.294
403471387/cdk.json,AWS CDK,typescript,Medium,2,1,1,False,0,False,0,Tested CDK Deployments,6,0.294
391915234/cdk.json,AWS CDK,typescript,Medium,2,1,1,False,0,False,0,Tested CDK Deployments,6,0.294
402887450/src/cdk.json,AWS CDK,typescript,Medium,2,1,1,False,0,False,0,Tested CDK Deployments,6,0.294
386247914/cdk.json,AWS CDK,typescript,Medium,2,1,1,False,0,False,0,Tested CDK Deployments,6,0.294
338898690/cdk.json,AWS CDK,javascript,Medium,2,1,1,False,0,False,0,Tested CDK Deployments,6,0.294
272268016/cdk.json,AWS CDK,typescript,Medium,2,1,1,False,0,False,0,Tested CDK Deployments,6,0.294
237515669/wip/stack-builder/test/app/cdk.json,AWS CDK,typescript,Medium,2,1,1,False,0,False,0,Tested CDK Deployments,6,0.294
237515669/wip/account-base/test/app/cdk.json,AWS CDK,typescript,Medium,2,1,1,False,0,False,0,Tested CDK Deployments,6,0.294
336861247/cdk.json,AWS CDK,typescript,Medium,2,1,1,False,0,False,1,Tested CDK Deployments,6,0.294
344900766/aws/cdk.json,AWS CDK,typescript,Medium,2,1,1,False,0,False,0,Tested CDK Deployments,6,0.294
494217136/cdk.json,AWS CDK,python,Medium,2,1,1,False,0,False,0,Tested CDK Deployments,6,0.294
380230476/cdk/cdk.json,AWS CDK,typescript,Medium,2,1,1,False,0,False,0,Tested CDK Deployments,6,0.294
210887381/cdk.json,AWS CDK,typescript,Medium,2,1,1,False,0,False,0,Tested CDK Deployments,6,0.294
370790252/s3-angular-website/cdk/cdk.json,AWS CDK,typescript,Medium,2,1,1,False,0,False,0,Tested CDK Deployments,6,0.294
324449458/cdk.json,AWS CDK,typescript,Medium,2,1,1,False,0,False,0,Tested CDK Deployments,6,0.294
468497918/cdk.json,AWS CDK,typescript,Medium,2,1,1,False,0,False,0,Tested CDK Deployments,6,0.294
305618054/cdk.json,AWS CDK,typescript,Medium,2,1,1,False,0,False,0,Tested CDK Deployments,6,0.294
514041745/cdk.json,AWS CDK,typescript,Medium,2,1,1,False,0,False,0,Tested CDK Deployments,6,0.294
347081254/cdk.json,AWS CDK,typescript,Medium,2,1,1,False,0,False,1,Tested CDK Deployments,6,0.294
520434834/cdk.json,AWS CDK,typescript,Medium,2,1,1,False,0,False,0,Tested CDK Deployments,6,0.294
260161953/infra/cdk.json,AWS CDK,typescript,Medium,2,1,1,False,0,False,0,Tested CDK Deployments,6,0.294
44911643/cdk.json,AWS CDK,typescript,Medium,2,1,1,False,0,False,0,Tested CDK Deployments,6,0.294
289104281/cdk.json,AWS CDK,typescript,Medium,2,1,1,False,0,False,1,Tested CDK Deployments,6,0.294
336530887/cdk.json,AWS CDK,typescript,Medium,2,1,1,False,0,False,0,Tested CDK Deployments,6,0.294
437851990/cdk.json,AWS CDK,typescript,Medium,2,1,1,False,0,False,0,Tested CDK Deployments,6,0.294
483958597/cdk.json,AWS CDK,python,Medium,2,1,1,False,0,False,0,Tested CDK Deployments,6,0.294
486012813/cdk.json,AWS CDK,typescript,Medium,2,1,1,False,0,False,0,Tested CDK Deployments,6,0.294
280267884/cdk.json,AWS CDK,typescript,Medium,2,1,1,False,0,False,1,Tested CDK Deployments,6,0.294
312472551/cdk.json,AWS CDK,typescript,Medium,2,1,1,False,0,False,0,Tested CDK Deployments,6,0.294
372244093/.architecture/cdk.json,AWS CDK,typescript,Medium,2,1,1,False,0,False,0,Tested CDK Deployments,6,0.294
276456062/simple-web-service/cdk/cdk.json,AWS CDK,typescript,Medium,2,1,1,False,0,False,0,Tested CDK Deployments,6,0.294
394286519/infra/cdk.json,AWS CDK,typescript,Medium,2,1,1,False,0,False,0,Tested CDK Deployments,6,0.294
317435968/cdk.json,AWS CDK,java,Medium,2,1,1,False,0,False,0,Tested CDK Deployments,6,0.294
265954107/code/cloudwatch-cdk/cdk.json,AWS CDK,typescript,Medium,2,1,1,False,0,False,1,Tested CDK Deployments,6,0.294
418793628/cdk.json,AWS CDK,typescript,Medium,2,1,1,False,0,False,0,Tested CDK Deployments,6,0.294
403680035/cdk.json,AWS CDK,typescript,Medium,2,1,1,False,0,False,0,Tested CDK Deployments,6,0.294
377499859/cdk.json,AWS CDK,typescript,Medium,2,1,1,False,0,False,0,Tested CDK Deployments,6,0.294
339932014/cdk.json,AWS CDK,python,Medium,2,1,1,False,0,False,0,Tested CDK Deployments,6,0.294
323740201/cdk.json,AWS CDK,typescript,Medium,2,1,1,False,0,False,0,Tested CDK Deployments,6,0.294
491256153/cdk.json,AWS CDK,python,Medium,2,1,1,False,0,False,0,Tested CDK Deployments,6,0.294
503825744/cdk.json,AWS CDK,python,Medium,2,1,1,False,0,False,0,Tested CDK Deployments,6,0.294
433087033/infrastructure/cdk.json,AWS CDK,python,Medium,2,1,1,False,0,False,0,Tested CDK Deployments,6,0.294
394857019/cdk.json,AWS CDK,typescript,Medium,2,1,1,False,0,False,1,Tested CDK Deployments,6,0.294
393750230/deployments/platformdeployment/AWS/ECS/cdk/cdk.json,AWS CDK,typescript,Medium,2,1,1,False,0,False,1,Tested CDK Deployments,6,0.294
418000062/cdk.json,AWS CDK,typescript,Medium,2,1,1,False,0,False,0,Tested CDK Deployments,6,0.294
457615235/cdk.json,AWS CDK,python,Medium,2,1,1,False,0,False,0,Tested CDK Deployments,6,0.294
406905246/cdk.json,AWS CDK,typescript,Medium,2,1,1,False,0,False,0,Tested CDK Deployments,6,0.294
316933288/cdk.json,AWS CDK,typescript,Medium,2,1,1,False,0,False,0,Tested CDK Deployments,6,0.294
378568946/cdk.json,AWS CDK,typescript,Medium,2,1,1,False,0,False,0,Tested CDK Deployments,6,0.294
233275842/federation-gql/cdk.json,AWS CDK,typescript,Medium,2,1,1,False,0,False,0,Tested CDK Deployments,6,0.294
310322737/cdk.json,AWS CDK,typescript,Medium,2,1,1,False,0,False,0,Tested CDK Deployments,6,0.294
207719292/cdk.json,AWS CDK,typescript,Medium,2,1,1,False,0,False,1,Tested CDK Deployments,6,0.294
291978042/cdk/cdk.json,AWS CDK,typescript,Medium,2,1,1,False,0,False,0,Tested CDK Deployments,6,0.294
335182141/cdk.json,AWS CDK,typescript,Medium,2,1,1,False,0,False,0,Tested CDK Deployments,6,0.294
477343531/cdk.json,AWS CDK,python,Medium,2,1,1,False,0,False,0,Tested CDK Deployments,6,0.294
344600038/deployment/cdk.json,AWS CDK,typescript,Medium,2,1,1,False,0,False,0,Tested CDK Deployments,6,0.294
452604464/gov2/cross_service/wordfreq/cdk.json,AWS CDK,go,Medium,2,1,1,False,0,False,0,Tested CDK Deployments,6,0.294
290857604/cdk.json,AWS CDK,typescript,Medium,2,1,1,False,0,False,0,Tested CDK Deployments,6,0.294
232479934/cdk.json,AWS CDK,typescript,Medium,2,1,1,False,0,False,1,Tested CDK Deployments,6,0.294
404874447/cdk.json,AWS CDK,typescript,Medium,2,1,1,False,0,False,0,Tested CDK Deployments,6,0.294
329932967/iac-aws-cdk/basic/cdk.json,AWS CDK,python,Medium,2,1,1,False,0,False,0,Tested CDK Deployments,6,0.294
329932967/iac-aws-cdk/machine-learning/cdk.json,AWS CDK,python,Medium,2,1,1,False,0,False,0,Tested CDK Deployments,6,0.294
329932967/iac-aws-cdk/sagemaker/cdk.json,AWS CDK,python,Medium,2,1,1,False,0,False,0,Tested CDK Deployments,6,0.294
352088724/cdk.json,AWS CDK,typescript,Medium,2,1,1,False,0,False,0,Tested CDK Deployments,6,0.294
489431335/cdk.json,AWS CDK,typescript,Medium,2,1,1,False,0,False,0,Tested CDK Deployments,6,0.294
236514693/cdk.json,AWS CDK,typescript,Medium,2,1,1,False,0,False,1,Tested CDK Deployments,6,0.294
306694212/cdk.json,AWS CDK,typescript,Medium,2,1,1,False,0,False,1,Tested CDK Deployments,6,0.294
239437209/cdk.json,AWS CDK,typescript,Medium,2,1,1,False,0,False,0,Tested CDK Deployments,6,0.294
337383683/cdk.json,AWS CDK,python,Medium,2,1,1,False,0,False,0,Tested CDK Deployments,6,0.294
337383683/chapter6/producer-cdk/cdk.json,AWS CDK,python,Medium,2,1,1,False,0,False,0,Tested CDK Deployments,6,0.294
395413078/cdk.json,AWS CDK,typescript,Medium,2,1,1,False,0,False,0,Tested CDK Deployments,6,0.294
205229120/v2/etl_simple/cdk/cdk.json,AWS CDK,typescript,Medium,2,1,1,False,0,False,0,Tested CDK Deployments,6,0.294
205229120/v2/base/cdk/cdk.json,AWS CDK,typescript,Medium,2,1,1,False,0,False,0,Tested CDK Deployments,6,0.294
205229120/v2/os_cmd/cdk/cdk.json,AWS CDK,typescript,Medium,2,1,1,False,0,False,0,Tested CDK Deployments,6,0.294
316242945/cdk.json,AWS CDK,typescript,Medium,2,1,1,False,0,False,0,Tested CDK Deployments,6,0.294
481759059/workbench-core/example/infrastructure/cdk.json,AWS CDK,javascript,Medium,2,1,1,False,0,False,0,Tested CDK Deployments,6,0.294
252027992/cdk.json,AWS CDK,typescript,Medium,2,1,1,False,0,False,0,Tested CDK Deployments,6,0.294
317229254/cdk.json,AWS CDK,typescript,Medium,2,1,1,False,0,False,0,Tested CDK Deployments,6,0.294
430513788/cdk/cdk.json,AWS CDK,typescript,Medium,2,1,1,False,0,False,0,Tested CDK Deployments,6,0.294
303084687/cdk.json,AWS CDK,typescript,Medium,2,1,1,False,0,False,0,Tested CDK Deployments,6,0.294
475024382/cdk.json,AWS CDK,python,Medium,2,1,1,False,0,False,0,Tested CDK Deployments,6,0.294
406058166/cdk.json,AWS CDK,typescript,Medium,2,1,1,False,0,False,0,Tested CDK Deployments,6,0.294
454374064/cdk.json,AWS CDK,typescript,Medium,2,1,1,False,0,False,0,Tested CDK Deployments,6,0.294
359075535/step-functions-cdk-diagram/cdk.json,AWS CDK,typescript,Medium,2,1,1,False,0,False,0,Tested CDK Deployments,6,0.294
359075535/api-design-part-2/cdk.json,AWS CDK,typescript,Medium,2,1,1,False,0,False,0,Tested CDK Deployments,6,0.294
359075535/api-design-part-1/cdk.json,AWS CDK,typescript,Medium,2,1,1,False,0,False,0,Tested CDK Deployments,6,0.294
288447762/cdk.json,AWS CDK,typescript,Medium,2,1,1,False,0,False,0,Tested CDK Deployments,6,0.294
466371191/cdk.json,AWS CDK,typescript,Medium,2,1,1,False,0,False,0,Tested CDK Deployments,6,0.294
296633640/cdk.json,AWS CDK,typescript,Medium,2,1,1,False,0,False,0,Tested CDK Deployments,6,0.294
437101564/cdk/emr-serverless-with-mwaa/cdk.json,AWS CDK,python,Medium,2,1,1,False,0,False,0,Tested CDK Deployments,6,0.294
472950345/cdk.json,AWS CDK,typescript,Medium,2,1,1,False,0,False,0,Tested CDK Deployments,6,0.294
370643768/templates/workshop-demo/cdk.json,AWS CDK,typescript,Medium,2,1,1,False,0,False,0,Tested CDK Deployments,6,0.294
370643768/templates/aws-cloudfront-waf/cdk.json,AWS CDK,typescript,Medium,2,1,1,False,0,False,1,Tested CDK Deployments,6,0.294
305029265/cdk.json,AWS CDK,typescript,Medium,2,1,1,False,0,False,0,Tested CDK Deployments,6,0.294
391680641/step01_hello_lambda/cdk.json,AWS CDK,typescript,Medium,2,1,1,False,0,False,0,Tested CDK Deployments,6,0.294
391680641/step02_hello_website/cdk.json,AWS CDK,typescript,Medium,2,1,1,False,0,False,0,Tested CDK Deployments,6,0.294
309990266/cdk.json,AWS CDK,typescript,Medium,2,1,1,False,0,False,0,Tested CDK Deployments,6,0.294
394675818/Neptune_cypher_gql/neptune_appsync/cdk.json,AWS CDK,typescript,Medium,2,1,1,False,0,False,0,Tested CDK Deployments,6,0.294
394675818/class9/step01_hello_lambda/python/helloLambdaWithPython/cdk.json,AWS CDK,typescript,Medium,2,1,1,False,0,False,0,Tested CDK Deployments,6,0.294
394675818/class9/step02_hello_website/cdk.json,AWS CDK,typescript,Medium,2,1,1,False,0,False,0,Tested CDK Deployments,6,0.294
394675818/class-8/cdk1/cdk.json,AWS CDK,typescript,Medium,2,1,1,False,0,False,0,Tested CDK Deployments,6,0.294
394675818/class10/step03_appsync_lambda_as_datasource/Python/step3_lambda_with_switch_case/cdk.json,AWS CDK,typescript,Medium,2,1,1,False,0,False,0,Tested CDK Deployments,6,0.294
315660674/cdk/cdk.json,AWS CDK,typescript,Medium,2,1,1,False,0,False,0,Tested CDK Deployments,6,0.294
386600683/cdk.json,AWS CDK,javascript,Medium,2,1,1,False,0,False,0,Tested CDK Deployments,6,0.294
311911468/cdk.json,AWS CDK,typescript,Medium,2,1,1,False,0,False,1,Tested CDK Deployments,6,0.294
288242677/cdk.json,AWS CDK,typescript,Medium,2,1,1,False,0,False,0,Tested CDK Deployments,6,0.294
322260861/cdk.json,AWS CDK,typescript,Medium,2,1,1,False,0,False,0,Tested CDK Deployments,6,0.294
368147753/MagentoEcsFargate/cdk.json,AWS CDK,python,Medium,2,1,1,False,0,False,0,Tested CDK Deployments,6,0.294
368147753/DeliveryApi/cdk/cdk.json,AWS CDK,java,Medium,2,1,1,False,0,False,0,Tested CDK Deployments,6,0.294
368147753/WorkingFromHome/ClientConnection/cdk.json,AWS CDK,java,Medium,2,1,1,False,0,False,0,Tested CDK Deployments,6,0.294
368147753/WorkingFromHome/SiteToSiteConnection/cdk.json,AWS CDK,java,Medium,2,1,1,False,0,False,0,Tested CDK Deployments,6,0.294
368147753/JavaSpringMigration/cdk/cdk.json,AWS CDK,java,Medium,2,1,1,False,0,False,0,Tested CDK Deployments,6,0.294
380022774/cdk.json,AWS CDK,typescript,Medium,2,1,1,False,0,False,0,Tested CDK Deployments,6,0.294
530119081/cdk.json,AWS CDK,python,Medium,2,1,1,False,0,False,0,Tested CDK Deployments,6,0.294
404705683/cdk/cdk.json,AWS CDK,typescript,Medium,2,1,1,False,0,False,0,Tested CDK Deployments,6,0.294
265950526/infra/cdk.json,AWS CDK,typescript,Medium,2,1,1,False,0,False,0,Tested CDK Deployments,6,0.294
422025186/cdk.json,AWS CDK,typescript,Medium,2,1,1,False,0,False,0,Tested CDK Deployments,6,0.294
382468778/cdk.json,AWS CDK,typescript,Medium,2,1,1,False,0,False,0,Tested CDK Deployments,6,0.294
220740876/aws-cli/src/cdk/cdk.json,AWS CDK,typescript,Medium,2,1,1,False,0,False,0,Tested CDK Deployments,6,0.294
417994944/cdk.json,AWS CDK,typescript,Medium,2,1,1,False,0,False,0,Tested CDK Deployments,6,0.294
445212215/cdk.json,AWS CDK,python,Medium,2,1,1,False,0,False,0,Tested CDK Deployments,6,0.294
465337173/CDK_code/cdk.json,AWS CDK,python,Medium,2,1,1,False,0,False,0,Tested CDK Deployments,6,0.294
365713917/app/cdk.json,AWS CDK,typescript,Medium,2,1,1,False,0,False,0,Tested CDK Deployments,6,0.294
362041896/cdk/cdk.json,AWS CDK,typescript,Medium,2,1,1,False,0,False,0,Tested CDK Deployments,6,0.294
361138962/infrastructure/cdk.json,AWS CDK,typescript,Medium,2,1,1,False,0,False,0,Tested CDK Deployments,6,0.294
445966942/resources/cdk/cdk.json,AWS CDK,typescript,Medium,2,1,1,False,0,False,0,Tested CDK Deployments,6,0.294
404656303/cdk.json,AWS CDK,typescript,Medium,2,1,1,False,0,False,0,Tested CDK Deployments,6,0.294
365653532/app/cdk.json,AWS CDK,typescript,Medium,2,1,1,False,0,False,0,Tested CDK Deployments,6,0.294
385661757/go/lambda-cron/cdk.json,AWS CDK,go,Medium,2,1,1,False,0,False,1,Tested CDK Deployments,6,0.294
385661757/go/eks/cluster/cdk.json,AWS CDK,go,Medium,2,1,1,False,0,False,0,Tested CDK Deployments,6,0.294
385661757/go/ecs/cluster/cdk.json,AWS CDK,go,Medium,2,1,1,False,0,False,0,Tested CDK Deployments,6,0.294
385661757/go/classic-load-balancer/cdk.json,AWS CDK,go,Medium,2,1,1,False,0,False,1,Tested CDK Deployments,6,0.294
385661757/java/my-widget-service/cdk.json,AWS CDK,java,Medium,2,1,1,False,0,False,0,Tested CDK Deployments,6,0.294
385661757/java/lambda-cron/cdk.json,AWS CDK,java,Medium,2,1,1,False,0,False,0,Tested CDK Deployments,6,0.294
385661757/java/ecs/fargate-load-balanced-service/cdk.json,AWS CDK,java,Medium,2,1,1,False,0,False,0,Tested CDK Deployments,6,0.294
385661757/java/hello-world/cdk.json,AWS CDK,java,Medium,2,1,1,False,0,False,0,Tested CDK Deployments,6,0.294
385661757/java/resource-overrides/cdk.json,AWS CDK,java,Medium,2,1,1,False,0,False,0,Tested CDK Deployments,6,0.294
441874451/cdk.json,AWS CDK,python,Medium,2,1,1,False,0,False,0,Tested CDK Deployments,6,0.294
428063790/core/cdk.json,AWS CDK,typescript,Medium,2,1,1,False,0,False,0,Tested CDK Deployments,6,0.294
428063790/fargate-to-efs/cdk.json,AWS CDK,typescript,Medium,2,1,1,False,0,False,1,Tested CDK Deployments,6,0.294
480077157/cdk.json,AWS CDK,python,Medium,2,1,1,False,0,False,0,Tested CDK Deployments,6,0.294
284685161/cdk.json,AWS CDK,typescript,Medium,2,1,1,False,0,False,0,Tested CDK Deployments,6,0.294
507547073/cdk.json,AWS CDK,typescript,Medium,2,1,1,False,0,False,0,Tested CDK Deployments,6,0.294
460574775/cdk.json,AWS CDK,typescript,Medium,2,1,1,False,0,False,0,Tested CDK Deployments,6,0.294
273207502/cdk.json,AWS CDK,typescript,Medium,2,1,1,False,0,False,0,Tested CDK Deployments,6,0.294
275092003/cdk.json,AWS CDK,typescript,Medium,2,1,1,False,0,False,0,Tested CDK Deployments,6,0.294
393934398/cdk.json,AWS CDK,typescript,Medium,2,1,1,False,0,False,0,Tested CDK Deployments,6,0.294
372057606/cdk.json,AWS CDK,typescript,Medium,2,1,1,False,0,False,0,Tested CDK Deployments,6,0.294
503321541/infra/cdk.json,AWS CDK,python,Medium,2,1,1,False,0,False,0,Tested CDK Deployments,6,0.294
375953325/cdk/cdk.json,AWS CDK,typescript,Medium,2,1,1,False,0,False,0,Tested CDK Deployments,6,0.294
363193713/cdk.json,AWS CDK,typescript,Medium,2,1,1,False,0,False,0,Tested CDK Deployments,6,0.294
236888131/cdk.json,AWS CDK,typescript,Medium,2,1,1,False,0,False,0,Tested CDK Deployments,6,0.294
471486780/main-project/cdk.json,AWS CDK,typescript,Medium,2,1,1,False,0,False,0,Tested CDK Deployments,6,0.294
489548459/cdk.json,AWS CDK,python,Medium,2,1,1,False,0,False,0,Tested CDK Deployments,6,0.294
439649954/cdk.json,AWS CDK,typescript,Medium,2,1,1,False,0,False,0,Tested CDK Deployments,6,0.294
370330611/cdk.json,AWS CDK,typescript,Medium,2,1,1,False,0,False,0,Tested CDK Deployments,6,0.294
325416961/cdkworkshop/cdk.json,AWS CDK,python,Medium,2,1,1,False,0,False,0,Tested CDK Deployments,6,0.294
312792072/cdk.json,AWS CDK,typescript,Medium,2,1,1,False,0,False,0,Tested CDK Deployments,6,0.294
300967812/hello/cdk.json,AWS CDK,python,Medium,2,1,1,False,0,False,0,Tested CDK Deployments,6,0.294
422826958/cdk.json,AWS CDK,typescript,Medium,2,1,1,False,0,False,0,Tested CDK Deployments,6,0.294
508321980/dynamic-rest-api/cdk.json,AWS CDK,python,Medium,2,1,1,False,0,False,0,Tested CDK Deployments,6,0.294
492406995/cdk.json,AWS CDK,typescript,Medium,2,1,1,False,0,False,0,Tested CDK Deployments,6,0.294
292200952/cdk/hello-cdk-typescript/cdk.json,AWS CDK,typescript,Medium,2,1,1,False,0,False,0,Tested CDK Deployments,6,0.294
292200952/cdk/my-project-typescript/cdk.json,AWS CDK,typescript,Medium,2,1,1,False,0,False,0,Tested CDK Deployments,6,0.294
292200952/cdk/hello-cdk-java/cdk.json,AWS CDK,java,Medium,2,1,1,False,0,False,0,Tested CDK Deployments,6,0.294
292200952/cdk/ec2-with-aws-cdk/cdk.json,AWS CDK,typescript,Medium,2,1,1,False,0,False,1,Tested CDK Deployments,6,0.294
271809012/cdk.json,AWS CDK,python,Medium,2,1,1,False,0,False,0,Tested CDK Deployments,6,0.294
460772778/cdk.json,AWS CDK,typescript,Medium,2,1,1,False,0,False,1,Tested CDK Deployments,6,0.294
380673604/src/main/g8/cdk.json,AWS CDK,java,Medium,2,1,1,False,0,False,0,Tested CDK Deployments,6,0.294
318901314/effective-devops-with-aws/03-treating-your-infrastructure-as-code/hello-world-cdk/cdk.json,AWS CDK,typescript,Medium,2,1,1,False,0,False,0,Tested CDK Deployments,6,0.294
318901314/effective-devops-with-aws/05-ci-cd/cicd-demo-cdk/cdk.json,AWS CDK,typescript,Medium,2,1,1,False,0,False,0,Tested CDK Deployments,6,0.294
340648644/cdk.json,AWS CDK,typescript,Medium,2,1,1,False,0,False,0,Tested CDK Deployments,6,0.294
422536387/deploy/cdk.json,AWS CDK,typescript,Medium,2,1,1,False,0,False,0,Tested CDK Deployments,6,0.294
314202017/tools/integration-test/cdk.json,AWS CDK,typescript,Medium,2,1,1,False,0,False,0,Tested CDK Deployments,6,0.294
348509669/cdk.json,AWS CDK,typescript,Medium,2,1,1,False,0,False,1,Tested CDK Deployments,6,0.294
409711941/infrustructure/AWS-Fargate/cdk.json,AWS CDK,typescript,Medium,2,1,1,False,0,False,0,Tested CDK Deployments,6,0.294
409711941/infrustructure/AWS-CICD/cdk.json,AWS CDK,typescript,Medium,2,1,1,False,0,False,0,Tested CDK Deployments,6,0.294
305133199/cdk.json,AWS CDK,typescript,Medium,2,1,1,False,0,False,0,Tested CDK Deployments,6,0.294
334757839/cdk.json,AWS CDK,typescript,Medium,2,1,1,False,0,False,0,Tested CDK Deployments,6,0.294
442508726/cdk.json,AWS CDK,python,Medium,2,1,1,False,0,False,0,Tested CDK Deployments,6,0.294
388671648/cdk.json,AWS CDK,java,Medium,2,1,1,False,0,False,0,Tested CDK Deployments,6,0.294
415077463/infra/cdk.json,AWS CDK,typescript,Medium,2,1,1,False,0,False,0,Tested CDK Deployments,6,0.294
320674714/cdk.json,AWS CDK,typescript,Medium,2,1,1,False,0,False,1,Tested CDK Deployments,6,0.294
467766791/cdk.json,AWS CDK,typescript,Medium,2,1,1,False,0,False,0,Tested CDK Deployments,6,0.294
513774460/cdk.json,AWS CDK,python,Medium,2,1,1,False,0,False,0,Tested CDK Deployments,6,0.294
409359282/serverless-react-app/surveys-backend-cdk/cdk.json,AWS CDK,typescript,Medium,2,1,1,False,0,False,0,Tested CDK Deployments,6,0.294
409359282/serverless-react-app/surveys-frontend-cdk/cdk.json,AWS CDK,typescript,Medium,2,1,1,False,0,False,0,Tested CDK Deployments,6,0.294
408226122/v2/example-test/cdk.json,AWS CDK,python,Medium,2,1,1,False,0,False,0,Tested CDK Deployments,6,0.294
475959575/cdk.json,AWS CDK,typescript,Medium,2,1,1,False,0,False,0,Tested CDK Deployments,6,0.294
376154528/elo-tracker/cdk.json,AWS CDK,typescript,Medium,2,1,1,False,0,False,0,Tested CDK Deployments,6,0.294
495274968/cdk.json,AWS CDK,python,Medium,2,1,1,False,0,False,0,Tested CDK Deployments,6,0.294
447073944/cdk.json,AWS CDK,python,Medium,2,1,1,False,0,False,0,Tested CDK Deployments,6,0.294
294490185/cdk.json,AWS CDK,typescript,Medium,2,1,1,False,0,False,0,Tested CDK Deployments,6,0.294
412637404/cdk/cdk.json,AWS CDK,javascript,Medium,2,1,1,False,0,False,0,Tested CDK Deployments,6,0.294
420225315/step04_appsync_dynamodb/cdk.json,AWS CDK,typescript,Medium,2,1,1,False,0,False,0,Tested CDK Deployments,6,0.294
316313986/cdk.json,AWS CDK,typescript,Medium,2,1,1,False,0,False,0,Tested CDK Deployments,6,0.294
485313278/cdk.json,AWS CDK,python,Medium,2,1,1,False,0,False,0,Tested CDK Deployments,6,0.294
403934750/cdk.json,AWS CDK,typescript,Medium,2,1,1,False,0,False,0,Tested CDK Deployments,6,0.294
346996447/cdk.json,AWS CDK,typescript,Medium,2,1,1,False,0,False,0,Tested CDK Deployments,6,0.294
236677153/cdk.json,AWS CDK,typescript,Medium,2,1,1,False,0,False,1,Tested CDK Deployments,6,0.294
418305695/fargate-app/cdk.json,AWS CDK,typescript,Medium,2,1,1,False,0,False,1,Tested CDK Deployments,6,0.294
408790384/cdk.json,AWS CDK,typescript,Medium,2,1,1,False,0,False,0,Tested CDK Deployments,6,0.294
397330789/App/cdk.json,AWS CDK,typescript,Medium,2,1,1,False,0,False,0,Tested CDK Deployments,6,0.294
513609558/cdk.json,AWS CDK,typescript,Medium,2,1,1,False,0,False,0,Tested CDK Deployments,6,0.294
382171034/cdk.json,AWS CDK,typescript,Medium,2,1,1,False,0,False,0,Tested CDK Deployments,6,0.294
410268358/app/cdk.json,AWS CDK,typescript,Medium,2,1,1,False,0,False,0,Tested CDK Deployments,6,0.294
516812597/cdk.json,AWS CDK,python,Medium,2,1,1,False,0,False,0,Tested CDK Deployments,6,0.294
428361591/infra/api/cdk.json,AWS CDK,java,Medium,2,1,1,False,0,False,0,Tested CDK Deployments,6,0.294
479971133/cdk.json,AWS CDK,java,Medium,2,1,1,False,0,False,0,Tested CDK Deployments,6,0.294
246933280/source/cdk.json,AWS CDK,typescript,Medium,2,1,1,False,0,False,0,Tested CDK Deployments,6,0.294
290123176/cicd/pipeline/cdk.json,AWS CDK,typescript,Medium,2,1,1,False,0,False,0,Tested CDK Deployments,6,0.294
369182841/cdk.json,AWS CDK,typescript,Medium,2,1,1,False,0,False,0,Tested CDK Deployments,6,0.294
512907556/cdk.json,AWS CDK,python,Medium,2,1,1,False,0,False,0,Tested CDK Deployments,6,0.294
376967047/cdk.json,AWS CDK,typescript,Medium,2,1,1,False,0,False,0,Tested CDK Deployments,6,0.294
530234341/cdk.json,AWS CDK,typescript,Medium,2,1,1,False,0,False,0,Tested CDK Deployments,6,0.294
406305387/cdk.json,AWS CDK,typescript,Medium,2,1,1,False,0,False,1,Tested CDK Deployments,6,0.294
323750703/cdk.json,AWS CDK,typescript,Medium,2,1,1,False,0,False,0,Tested CDK Deployments,6,0.294
308217559/cdk.json,AWS CDK,typescript,Medium,2,1,1,False,0,False,0,Tested CDK Deployments,6,0.294
401323494/cdk.json,AWS CDK,typescript,Medium,2,1,1,False,0,False,0,Tested CDK Deployments,6,0.294
455650659/cdk.json,AWS CDK,typescript,Medium,2,1,1,False,0,False,0,Tested CDK Deployments,6,0.294
216132003/infra/cdk.json,AWS CDK,typescript,Medium,2,1,1,False,0,False,0,Tested CDK Deployments,6,0.294
252988992/cdk.json,AWS CDK,typescript,Medium,2,1,1,False,0,False,0,Tested CDK Deployments,6,0.294
252960995/cdk.json,AWS CDK,typescript,Medium,2,1,1,False,0,False,0,Tested CDK Deployments,6,0.294
239680693/cdk.json,AWS CDK,typescript,Medium,2,1,1,False,0,False,1,Tested CDK Deployments,6,0.294
371497176/cdk-go/simple-apigateway-lambda-dynamodb/cdk.json,AWS CDK,go,Medium,2,1,1,False,0,False,0,Tested CDK Deployments,6,0.294
371497176/cdk-go/simple-apigateway-lambda/cdk.json,AWS CDK,go,Medium,2,1,1,False,0,False,0,Tested CDK Deployments,6,0.294
345424228/cdk.json,AWS CDK,typescript,Medium,2,1,1,False,0,False,0,Tested CDK Deployments,6,0.294
221430698/cdk.json,AWS CDK,typescript,Medium,2,1,1,False,0,False,0,Tested CDK Deployments,6,0.294
397867642/infra/cdk.json,AWS CDK,typescript,Medium,2,1,1,False,0,False,0,Tested CDK Deployments,6,0.294
378282497/cdk.json,AWS CDK,typescript,Medium,2,1,1,False,0,False,0,Tested CDK Deployments,6,0.294
257095931/cdk/cdk.json,AWS CDK,typescript,Medium,2,1,1,False,0,False,0,Tested CDK Deployments,6,0.294
491402611/cdk.json,AWS CDK,typescript,Medium,2,1,1,False,0,False,0,Tested CDK Deployments,6,0.294
507892366/cdk.json,AWS CDK,typescript,Medium,2,1,1,False,0,False,0,Tested CDK Deployments,6,0.294
378993048/cdk-workshop/cdk.json,AWS CDK,typescript,Medium,2,1,1,False,0,False,0,Tested CDK Deployments,6,0.294
362822324/cdk.json,AWS CDK,typescript,Medium,2,1,1,False,0,False,0,Tested CDK Deployments,6,0.294
305900941/cdk.json,AWS CDK,typescript,Medium,2,1,1,False,0,False,1,Tested CDK Deployments,6,0.294
507453812/apps/courses/cdk.json,AWS CDK,typescript,Medium,2,1,1,False,0,False,0,Tested CDK Deployments,6,0.294
376700216/cdk.json,AWS CDK,typescript,Medium,2,1,1,False,0,False,0,Tested CDK Deployments,6,0.294
320109776/cdk.json,AWS CDK,typescript,Medium,2,1,1,False,0,False,0,Tested CDK Deployments,6,0.294
227884758/cdk.json,AWS CDK,typescript,Medium,2,1,1,False,0,False,0,Tested CDK Deployments,6,0.294
332581463/infra/cdk.json,AWS CDK,typescript,Medium,2,1,1,False,0,False,0,Tested CDK Deployments,6,0.294
384655018/packages/db-seeder/cdk.json,AWS CDK,typescript,Medium,2,1,1,False,0,False,0,Tested CDK Deployments,6,0.294
384655018/packages/api/cdk.json,AWS CDK,typescript,Medium,2,1,1,False,0,False,0,Tested CDK Deployments,6,0.294
296595882/cdk.json,AWS CDK,python,Medium,2,1,1,False,0,False,0,Tested CDK Deployments,6,0.294
299398574/backend/cdk.json,AWS CDK,typescript,Medium,2,1,1,False,0,False,0,Tested CDK Deployments,6,0.294
324033825/muiltstack/cdk.json,AWS CDK,typescript,Medium,2,1,1,False,0,False,0,Tested CDK Deployments,6,0.294
249507560/cdk.json,AWS CDK,typescript,Medium,2,1,1,False,0,False,1,Tested CDK Deployments,6,0.294
249144118/cdk.json,AWS CDK,typescript,Medium,2,1,1,False,0,False,0,Tested CDK Deployments,6,0.294
373374739/deploy/dreamjob-api/cdk.json,AWS CDK,typescript,Medium,2,1,1,False,0,False,0,Tested CDK Deployments,6,0.294
294065144/frontend-infrastructure/cdk.json,AWS CDK,java,Medium,2,1,1,False,0,False,0,Tested CDK Deployments,6,0.294
419315565/cdk.json,AWS CDK,typescript,Medium,2,1,1,False,0,False,0,Tested CDK Deployments,6,0.294
410594108/environment/cdk.json,AWS CDK,typescript,Medium,2,1,1,False,0,False,0,Tested CDK Deployments,6,0.294
346126984/linuxImageSetup/cdk.json,AWS CDK,typescript,Medium,2,1,1,False,0,False,0,Tested CDK Deployments,6,0.294
285823133/cdk.json,AWS CDK,typescript,Medium,2,1,1,False,0,False,0,Tested CDK Deployments,6,0.294
456157323/cdk.json,AWS CDK,python,Medium,2,1,1,False,0,False,0,Tested CDK Deployments,6,0.294
522131036/cdk.json,AWS CDK,typescript,Medium,2,1,1,False,0,False,0,Tested CDK Deployments,6,0.294
343216888/cdk.json,AWS CDK,python,Medium,2,1,1,False,0,False,0,Tested CDK Deployments,6,0.294
346282259/cdk.json,AWS CDK,typescript,Medium,2,1,1,False,0,False,0,Tested CDK Deployments,6,0.294
402185646/cdk.json,AWS CDK,typescript,Medium,2,1,1,False,0,False,0,Tested CDK Deployments,6,0.294
363899918/cdk/cdk.json,AWS CDK,typescript,Medium,2,1,1,False,0,False,0,Tested CDK Deployments,6,0.294
507211679/cdk.json,AWS CDK,python,Medium,2,1,1,False,0,False,0,Tested CDK Deployments,6,0.294
294374392/cdk.json,AWS CDK,typescript,Medium,2,1,1,False,0,False,0,Tested CDK Deployments,6,0.294
364991889/cdk/cdk.json,AWS CDK,typescript,Medium,2,1,1,False,0,False,0,Tested CDK Deployments,6,0.294
386670845/cdk.json,AWS CDK,typescript,Medium,2,1,1,False,0,False,0,Tested CDK Deployments,6,0.294
253373221/cdk.json,AWS CDK,typescript,Medium,2,1,1,False,0,False,0,Tested CDK Deployments,6,0.294
322804406/cdk.json,AWS CDK,python,Medium,2,1,1,False,0,False,0,Tested CDK Deployments,6,0.294
318900853/cdk.json,AWS CDK,python,Medium,2,1,1,False,0,False,0,Tested CDK Deployments,6,0.294
440597086/cdk.json,AWS CDK,typescript,Medium,2,1,1,False,0,False,0,Tested CDK Deployments,6,0.294
518194211/cdk.json,AWS CDK,typescript,Medium,2,1,1,False,0,False,0,Tested CDK Deployments,6,0.294
407901348/hello-cdk/cdk.json,AWS CDK,typescript,Medium,2,1,1,False,0,False,0,Tested CDK Deployments,6,0.294
407901348/standard-ecs/cdk.json,AWS CDK,typescript,Medium,2,1,1,False,0,False,1,Tested CDK Deployments,6,0.294
202330409/cdk.json,AWS CDK,python,Medium,2,1,1,False,0,False,0,Tested CDK Deployments,6,0.294
278910474/cdk.json,AWS CDK,typescript,Medium,2,1,1,False,0,False,0,Tested CDK Deployments,6,0.294
371562247/cdk.json,AWS CDK,typescript,Medium,2,1,1,False,0,False,0,Tested CDK Deployments,6,0.294
467692987/cdk.json,AWS CDK,typescript,Medium,2,1,1,False,0,False,0,Tested CDK Deployments,6,0.294
245166834/typescript/typescript-002/cdk/cdk.json,AWS CDK,typescript,Medium,2,1,1,False,0,False,0,Tested CDK Deployments,6,0.294
303032064/AuditLogger/cdk.json,AWS CDK,typescript,Medium,2,1,1,False,0,False,0,Tested CDK Deployments,6,0.294
426712488/cdk.json,AWS CDK,typescript,Medium,2,1,1,False,0,False,0,Tested CDK Deployments,6,0.294
393391521/cdk.json,AWS CDK,typescript,Medium,2,1,1,False,0,False,0,Tested CDK Deployments,6,0.294
349269500/cdk.json,AWS CDK,typescript,Medium,2,1,1,False,0,False,0,Tested CDK Deployments,6,0.294
332861106/cdk.json,AWS CDK,typescript,Medium,2,1,1,False,0,False,0,Tested CDK Deployments,6,0.294
354754962/simple-web-service/cdk/cdk.json,AWS CDK,typescript,Medium,2,1,1,False,0,False,0,Tested CDK Deployments,6,0.294
311547647/cdk.json,AWS CDK,typescript,Medium,2,1,1,False,0,False,0,Tested CDK Deployments,6,0.294
303809578/app/cdk/cdk.json,AWS CDK,typescript,Medium,2,1,1,False,0,False,0,Tested CDK Deployments,6,0.294
413691996/cdk.json,AWS CDK,typescript,Medium,2,1,1,False,0,False,0,Tested CDK Deployments,6,0.294
367894972/cdk.json,AWS CDK,go,Medium,2,1,1,False,0,False,0,Tested CDK Deployments,6,0.294
316679897/amplify-infra/cdk.json,AWS CDK,typescript,Medium,2,1,1,False,0,False,0,Tested CDK Deployments,6,0.294
372601112/cdk.json,AWS CDK,typescript,Medium,2,1,1,False,0,False,0,Tested CDK Deployments,6,0.294
514304442/cdk.json,AWS CDK,typescript,Medium,2,1,1,False,0,False,0,Tested CDK Deployments,6,0.294
388624190/infrastructure/cdk.json,AWS CDK,typescript,Medium,2,1,1,False,0,False,0,Tested CDK Deployments,6,0.294
308760183/cdk.json,AWS CDK,typescript,Medium,2,1,1,False,0,False,0,Tested CDK Deployments,6,0.294
348486370/cdk.json,AWS CDK,typescript,Medium,2,1,1,False,0,False,1,Tested CDK Deployments,6,0.294
397844032/cdk.json,AWS CDK,typescript,Medium,2,1,1,False,0,False,0,Tested CDK Deployments,6,0.294
356852993/cdk.json,AWS CDK,typescript,Medium,2,1,1,False,0,False,0,Tested CDK Deployments,6,0.294
283471695/cdk.json,AWS CDK,java,Medium,2,1,1,False,0,False,0,Tested CDK Deployments,6,0.294
516114743/cdk.json,AWS CDK,typescript,Medium,2,1,1,False,0,False,1,Tested CDK Deployments,6,0.294
378782440/cdk.json,AWS CDK,typescript,Medium,2,1,1,False,0,False,0,Tested CDK Deployments,6,0.294
418370186/cdk.json,AWS CDK,typescript,Medium,2,1,1,False,0,False,0,Tested CDK Deployments,6,0.294
278108979/cdk.json,AWS CDK,typescript,Medium,2,1,1,False,0,False,0,Tested CDK Deployments,6,0.294
395858485/hello-cdk/cdk.json,AWS CDK,typescript,Medium,2,1,1,False,0,False,0,Tested CDK Deployments,6,0.294
395858485/cdk-workshop/cdk.json,AWS CDK,javascript,Medium,2,1,1,False,0,False,0,Tested CDK Deployments,6,0.294
462036949/cdk.json,AWS CDK,typescript,Medium,2,1,1,False,0,False,0,Tested CDK Deployments,6,0.294
347336299/cdk.json,AWS CDK,typescript,Medium,2,1,1,False,0,False,1,Tested CDK Deployments,6,0.294
280567175/cdk.json,AWS CDK,javascript,Medium,2,1,1,False,0,False,0,Tested CDK Deployments,6,0.294
357723952/deployment/cdk.json,AWS CDK,typescript,Medium,2,1,1,False,0,False,0,Tested CDK Deployments,6,0.294
376449159/backend-appSync/cdk.json,AWS CDK,typescript,Medium,2,1,1,False,0,False,0,Tested CDK Deployments,6,0.294
335182222/cdk.json,AWS CDK,typescript,Medium,2,1,1,False,0,False,0,Tested CDK Deployments,6,0.294
340074011/cdk.json,AWS CDK,typescript,Medium,2,1,1,False,0,False,1,Tested CDK Deployments,6,0.294
472113034/cdk.json,AWS CDK,javascript,Medium,2,1,1,False,0,False,0,Tested CDK Deployments,6,0.294
379483899/cdk.json,AWS CDK,typescript,Medium,2,1,1,False,0,False,0,Tested CDK Deployments,6,0.294
414974565/cdk.json,AWS CDK,typescript,Medium,2,1,1,False,0,False,0,Tested CDK Deployments,6,0.294
418198913/cdk.json,AWS CDK,typescript,Medium,2,1,1,False,0,False,0,Tested CDK Deployments,6,0.294
321533338/cdk.json,AWS CDK,typescript,Medium,2,1,1,False,0,False,0,Tested CDK Deployments,6,0.294
425761934/ivs_cli/cdk.json,AWS CDK,typescript,Medium,2,1,1,False,0,False,0,Tested CDK Deployments,6,0.294
334790276/cdk.json,AWS CDK,typescript,Medium,2,1,1,False,0,False,0,Tested CDK Deployments,6,0.294
481735670/cdk.json,AWS CDK,typescript,Medium,2,1,1,False,0,False,0,Tested CDK Deployments,6,0.294
356712047/cdk.json,AWS CDK,typescript,Medium,2,1,1,False,0,False,1,Tested CDK Deployments,6,0.294
285740713/aws-s3-upload-lambda-trigger/cdk-typescript/cdk.json,AWS CDK,typescript,Medium,2,1,1,False,0,False,0,Tested CDK Deployments,6,0.294
393977927/cdk.json,AWS CDK,typescript,Medium,2,1,1,False,0,False,1,Tested CDK Deployments,6,0.294
295962963/cdk.json,AWS CDK,typescript,Medium,2,1,1,False,0,False,1,Tested CDK Deployments,6,0.294
473802591/cdk.json,AWS CDK,python,Medium,2,1,1,False,0,False,0,Tested CDK Deployments,6,0.294
247865824/cdk.json,AWS CDK,typescript,Medium,2,1,1,False,0,False,0,Tested CDK Deployments,6,0.294
412584906/cdk.json,AWS CDK,typescript,Medium,2,1,1,False,0,False,0,Tested CDK Deployments,6,0.294
364945140/cdk.json,AWS CDK,typescript,Medium,2,1,1,False,0,False,0,Tested CDK Deployments,6,0.294
519396133/cdk/cdk.json,AWS CDK,python,Medium,2,1,1,False,0,False,0,Tested CDK Deployments,6,0.294
457319722/cdk.json,AWS CDK,typescript,Medium,2,1,1,False,0,False,0,Tested CDK Deployments,6,0.294
317129741/cdk.json,AWS CDK,javascript,Medium,2,1,1,False,0,False,0,Tested CDK Deployments,6,0.294
413001521/cdk.json,AWS CDK,typescript,Medium,2,1,1,False,0,False,0,Tested CDK Deployments,6,0.294
359908058/cloud/cdk.json,AWS CDK,typescript,Medium,2,1,1,False,0,False,0,Tested CDK Deployments,6,0.294
473441796/cdk.json,AWS CDK,typescript,Medium,2,1,1,False,0,False,1,Tested CDK Deployments,6,0.294
498572408/challenge-2/cdk.json,AWS CDK,go,Medium,2,1,1,False,0,False,0,Tested CDK Deployments,6,0.294
456828381/network-layer/cdk.json,AWS CDK,python,Medium,2,1,1,False,0,False,0,Tested CDK Deployments,6,0.294
450308156/cdk.json,AWS CDK,typescript,Medium,2,1,1,False,0,False,1,Tested CDK Deployments,6,0.294
214474155/cdk/cdk.json,AWS CDK,typescript,Medium,2,1,1,False,0,False,0,Tested CDK Deployments,6,0.294
165462504/hello-cdk/cdk.json,AWS CDK,typescript,Medium,2,1,1,False,0,False,0,Tested CDK Deployments,6,0.294
344896621/cdk.json,AWS CDK,typescript,Medium,2,1,1,False,0,False,0,Tested CDK Deployments,6,0.294
311531737/cdk/aoyu_cdk_sample/cdk.json,AWS CDK,python,Medium,2,1,1,False,0,False,0,Tested CDK Deployments,6,0.294
421627307/cdk.json,AWS CDK,typescript,Medium,2,1,1,False,0,False,0,Tested CDK Deployments,6,0.294
310736263/cdk/cdk.json,AWS CDK,python,Medium,2,1,1,False,0,False,0,Tested CDK Deployments,6,0.294
390191468/cdk.json,AWS CDK,typescript,Medium,2,1,1,False,0,False,0,Tested CDK Deployments,6,0.294
376814649/cdk.json,AWS CDK,java,Medium,2,1,1,False,0,False,0,Tested CDK Deployments,6,0.294
394213529/cdk.json,AWS CDK,typescript,Medium,2,1,1,False,0,False,0,Tested CDK Deployments,6,0.294
426939557/cdk.json,AWS CDK,python,Medium,2,1,1,False,0,False,0,Tested CDK Deployments,6,0.294
418410936/cdk.json,AWS CDK,typescript,Medium,2,1,1,False,0,False,0,Tested CDK Deployments,6,0.294
315335159/cdk.json,AWS CDK,typescript,Medium,2,1,1,False,0,False,0,Tested CDK Deployments,6,0.294
339049319/lollyBackend/cdk.json,AWS CDK,typescript,Medium,2,1,1,False,0,False,0,Tested CDK Deployments,6,0.294
508974765/my_awscdk/app/src/cdk.json,AWS CDK,python,Medium,2,1,1,False,0,False,0,Tested CDK Deployments,6,0.294
389275961/rds/cdk.json,AWS CDK,typescript,Medium,2,1,1,False,0,False,0,Tested CDK Deployments,6,0.294
515653437/cdk.json,AWS CDK,typescript,Medium,2,1,1,False,0,False,0,Tested CDK Deployments,6,0.294
366687116/cdk.json,AWS CDK,typescript,Medium,2,1,1,False,0,False,0,Tested CDK Deployments,6,0.294
282381716/cdk.json,AWS CDK,typescript,Medium,2,1,1,False,0,False,0,Tested CDK Deployments,6,0.294
257771254/cdk.json,AWS CDK,typescript,Medium,2,1,1,False,0,False,0,Tested CDK Deployments,6,0.294
339834103/cdk.json,AWS CDK,typescript,Medium,2,1,1,False,0,False,0,Tested CDK Deployments,6,0.294
521987445/cloudfront-S3/cdk/cdk.json,AWS CDK,typescript,Medium,2,1,1,False,0,False,0,Tested CDK Deployments,6,0.294
371326118/cdk.json,AWS CDK,typescript,Medium,2,1,1,False,0,False,0,Tested CDK Deployments,6,0.294
290633152/cdk.json,AWS CDK,typescript,Medium,2,1,1,False,0,False,1,Tested CDK Deployments,6,0.294
415660834/cdk.json,AWS CDK,typescript,Medium,2,1,1,False,0,False,0,Tested CDK Deployments,6,0.294
382963380/cdk.json,AWS CDK,typescript,Medium,2,1,1,False,0,False,0,Tested CDK Deployments,6,0.294
524746614/cdk.json,AWS CDK,python,Medium,2,1,1,False,0,False,0,Tested CDK Deployments,6,0.294
515688280/pycdkworkshop/cdk.json,AWS CDK,python,Medium,2,1,1,False,0,False,0,Tested CDK Deployments,6,0.294
348556745/cdk.json,AWS CDK,typescript,Medium,2,1,1,False,0,False,0,Tested CDK Deployments,6,0.294
332547399/lambda-java-cdk/infra/cdk.json,AWS CDK,java,Medium,2,1,1,False,0,False,0,Tested CDK Deployments,6,0.294
332547399/node-lambda-timeviewer/cdk.json,AWS CDK,typescript,Medium,2,1,1,False,0,False,1,Tested CDK Deployments,6,0.294
332547399/lambda-node-cdk/cdk.json,AWS CDK,typescript,Medium,2,1,1,False,0,False,1,Tested CDK Deployments,6,0.294
398555284/cdk.json,AWS CDK,typescript,Medium,2,1,1,False,0,False,0,Tested CDK Deployments,6,0.294
250932287/examples/typescript/cdk.json,AWS CDK,typescript,Medium,2,1,1,False,0,False,0,Tested CDK Deployments,6,0.294
418563526/cdk.json,AWS CDK,typescript,Medium,2,1,1,False,0,False,1,Tested CDK Deployments,6,0.294
515801589/cdk.json,AWS CDK,typescript,Medium,2,1,1,False,0,False,0,Tested CDK Deployments,6,0.294
222046129/cdk.json,AWS CDK,typescript,Medium,2,1,1,False,0,False,0,Tested CDK Deployments,6,0.294
313230199/crudCDK/cdk.json,AWS CDK,typescript,Medium,2,1,1,False,0,False,0,Tested CDK Deployments,6,0.294
314661961/cdk.json,AWS CDK,typescript,Medium,2,1,1,False,0,False,0,Tested CDK Deployments,6,0.294
464336581/cdk.json,AWS CDK,python,Medium,2,1,1,False,0,False,0,Tested CDK Deployments,6,0.294
324223023/CDK/cdk.json,AWS CDK,typescript,Medium,2,1,1,False,0,False,0,Tested CDK Deployments,6,0.294
492790617/my-container-infrastructure/cdk.json,AWS CDK,typescript,Medium,2,1,1,False,0,False,0,Tested CDK Deployments,6,0.294
464144675/cdk.json,AWS CDK,python,Medium,2,1,1,False,0,False,0,Tested CDK Deployments,6,0.294
336166158/cdk.json,AWS CDK,typescript,Medium,2,1,1,False,0,False,0,Tested CDK Deployments,6,0.294
426583611/cdk.json,AWS CDK,typescript,Medium,2,1,1,False,0,False,0,Tested CDK Deployments,6,0.294
317387397/extras/agc-minimal-permissions/cdk.json,AWS CDK,typescript,Medium,2,1,1,False,0,False,0,Tested CDK Deployments,6,0.294
500813393/cdk.json,AWS CDK,typescript,Medium,2,1,1,False,0,False,0,Tested CDK Deployments,6,0.294
392122082/s3-angular-website/cdk/cdk.json,AWS CDK,typescript,Medium,2,1,1,False,0,False,0,Tested CDK Deployments,6,0.294
320456753/cdk.json,AWS CDK,typescript,Medium,2,1,1,False,0,False,0,Tested CDK Deployments,6,0.294
260741469/bootstrapper/cdk.json,AWS CDK,javascript,Medium,2,1,1,False,0,False,0,Tested CDK Deployments,6,0.294
406227169/cdk.json,AWS CDK,typescript,Medium,2,1,1,False,0,False,0,Tested CDK Deployments,6,0.294
456275224/cdk.json,AWS CDK,python,Medium,2,1,1,False,0,False,0,Tested CDK Deployments,6,0.294
258674037/dynamodb-streams/cdk.json,AWS CDK,typescript,Medium,2,1,1,False,0,False,1,Tested CDK Deployments,6,0.294
432482308/cdk.json,AWS CDK,typescript,Medium,2,1,1,False,0,False,0,Tested CDK Deployments,6,0.294
437340521/cdk.json,AWS CDK,typescript,Medium,2,1,1,False,0,False,0,Tested CDK Deployments,6,0.294
364781158/cdk.json,AWS CDK,javascript,Medium,2,1,1,False,0,False,0,Tested CDK Deployments,6,0.294
356345674/cdk.json,AWS CDK,typescript,Medium,2,1,1,False,0,False,1,Tested CDK Deployments,6,0.294
336618730/cdk.json,AWS CDK,typescript,Medium,2,1,1,False,0,False,0,Tested CDK Deployments,6,0.294
413352586/cdk-workshop/cdk.json,AWS CDK,typescript,Medium,2,1,1,False,0,False,0,Tested CDK Deployments,6,0.294
225650863/infrastructure/cdk.json,AWS CDK,typescript,Medium,2,1,1,False,0,False,0,Tested CDK Deployments,6,0.294
224307726/cdk.json,AWS CDK,typescript,Medium,2,1,1,False,0,False,0,Tested CDK Deployments,6,0.294
489925569/aws/cdk-workshop/cdk.json,AWS CDK,typescript,Medium,2,1,1,False,0,False,0,Tested CDK Deployments,6,0.294
348736379/cdk.json,AWS CDK,typescript,Medium,2,1,1,False,0,False,1,Tested CDK Deployments,6,0.294
408266622/infra/cdk.json,AWS CDK,typescript,Medium,2,1,1,False,0,False,0,Tested CDK Deployments,6,0.294
271146864/cdk.json,AWS CDK,typescript,Medium,2,1,1,False,0,False,0,Tested CDK Deployments,6,0.294
481716175/cdk.json,AWS CDK,python,Medium,2,1,1,False,0,False,0,Tested CDK Deployments,6,0.294
423963888/cdk.json,AWS CDK,typescript,Medium,2,1,1,False,0,False,0,Tested CDK Deployments,6,0.294
333781378/basic-server/cdk.json,AWS CDK,typescript,Medium,2,1,1,False,0,False,0,Tested CDK Deployments,6,0.294
333781378/waf/cdk.json,AWS CDK,typescript,Medium,2,1,1,False,0,False,0,Tested CDK Deployments,6,0.294
333781378/serverless/cdk.json,AWS CDK,typescript,Medium,2,1,1,False,0,False,0,Tested CDK Deployments,6,0.294
442367953/cdk.json,AWS CDK,python,Medium,2,1,1,False,0,False,0,Tested CDK Deployments,6,0.294
523902122/cdk.json,AWS CDK,typescript,Medium,2,1,1,False,0,False,0,Tested CDK Deployments,6,0.294
395750597/cdk.json,AWS CDK,python,Medium,2,1,1,False,0,False,0,Tested CDK Deployments,6,0.294
226156028/cdk.json,AWS CDK,typescript,Medium,2,1,1,False,0,False,0,Tested CDK Deployments,6,0.294
462372532/cdk.json,AWS CDK,python,Medium,2,1,1,False,0,False,0,Tested CDK Deployments,6,0.294
356035804/cdk.json,AWS CDK,go,Medium,2,1,1,False,0,False,0,Tested CDK Deployments,6,0.294
241868639/cdk.json,AWS CDK,java,Medium,2,1,1,False,0,False,0,Tested CDK Deployments,6,0.294
287259533/cdk.json,AWS CDK,typescript,Medium,2,1,1,False,0,False,1,Tested CDK Deployments,6,0.294
384822140/cdk.json,AWS CDK,typescript,Medium,2,1,1,False,0,False,0,Tested CDK Deployments,6,0.294
408463449/cdk.json,AWS CDK,java,Medium,2,1,1,False,0,False,0,Tested CDK Deployments,6,0.294
312350384/cdk/cdk.json,AWS CDK,typescript,Medium,2,1,1,False,0,False,0,Tested CDK Deployments,6,0.294
517378671/cdk.json,AWS CDK,python,Medium,2,1,1,False,0,False,0,Tested CDK Deployments,6,0.294
402113951/cdk.json,AWS CDK,typescript,Medium,2,1,1,False,0,False,0,Tested CDK Deployments,6,0.294
319923124/cdk.json,AWS CDK,typescript,Medium,2,1,1,False,0,False,0,Tested CDK Deployments,6,0.294
393887423/cdk.json,AWS CDK,typescript,Medium,2,1,1,False,0,False,0,Tested CDK Deployments,6,0.294
384391444/cdk.json,AWS CDK,typescript,Medium,2,1,1,False,0,False,0,Tested CDK Deployments,6,0.294
505520312/cdk.json,AWS CDK,typescript,Medium,2,1,1,False,0,False,0,Tested CDK Deployments,6,0.294
359419552/cdk.json,AWS CDK,typescript,Medium,2,1,1,False,0,False,0,Tested CDK Deployments,6,0.294
422664641/cdk.json,AWS CDK,typescript,Medium,2,1,1,False,0,False,0,Tested CDK Deployments,6,0.294
446951770/cdk.json,AWS CDK,typescript,Medium,2,1,1,False,0,False,0,Tested CDK Deployments,6,0.294
241019463/cdk.json,AWS CDK,typescript,Medium,2,1,1,False,0,False,0,Tested CDK Deployments,6,0.294
400185370/cdk.json,AWS CDK,typescript,Medium,2,1,1,False,0,False,0,Tested CDK Deployments,6,0.294
449818309/cdk.json,AWS CDK,typescript,Medium,2,1,1,False,0,False,0,Tested CDK Deployments,6,0.294
321546230/source/cdk.json,AWS CDK,typescript,Medium,2,1,1,False,0,False,0,Tested CDK Deployments,6,0.294
310615680/cdk.json,AWS CDK,typescript,Medium,2,1,1,False,0,False,0,Tested CDK Deployments,6,0.294
374910454/cdk.json,AWS CDK,typescript,Medium,2,1,1,False,0,False,0,Tested CDK Deployments,6,0.294
403560727/cdk.json,AWS CDK,typescript,Medium,2,1,1,False,0,False,0,Tested CDK Deployments,6,0.294
456473934/source/cdk.json,AWS CDK,typescript,Medium,2,1,1,False,0,False,0,Tested CDK Deployments,6,0.294
420442936/cdk/cdk.json,AWS CDK,python,Medium,2,1,1,False,0,False,0,Tested CDK Deployments,6,0.294
289669366/cdk.json,AWS CDK,typescript,Medium,2,1,1,False,0,False,0,Tested CDK Deployments,6,0.294
375211399/cdk/cdk.json,AWS CDK,typescript,Medium,2,1,1,False,0,False,0,Tested CDK Deployments,6,0.294
499209780/cdk.json,AWS CDK,python,Medium,2,1,1,False,0,False,0,Tested CDK Deployments,6,0.294
382190345/cdk.json,AWS CDK,typescript,Medium,2,1,1,False,0,False,0,Tested CDK Deployments,6,0.294
481786108/blueprint/cdk.json,AWS CDK,typescript,Medium,2,1,1,False,0,False,0,Tested CDK Deployments,6,0.294
333302552/server/user/stack/cdk.json,AWS CDK,typescript,Medium,2,1,1,False,0,False,0,Tested CDK Deployments,6,0.294
408195919/IAC/cdk.json,AWS CDK,java,Medium,2,1,1,False,0,False,0,Tested CDK Deployments,6,0.294
451592498/cdk.json,AWS CDK,typescript,Medium,2,1,1,False,0,False,0,Tested CDK Deployments,6,0.294
239746375/cdk.json,AWS CDK,typescript,Medium,2,1,1,False,0,False,0,Tested CDK Deployments,6,0.294
247589862/infra/cdk.json,AWS CDK,typescript,Medium,2,1,1,False,0,False,0,Tested CDK Deployments,6,0.294
393149151/cdk.json,AWS CDK,typescript,Medium,2,1,1,False,0,False,0,Tested CDK Deployments,6,0.294
276890625/backend/cdk.json,AWS CDK,typescript,Medium,2,1,1,False,0,False,0,Tested CDK Deployments,6,0.294
435046400/cdk.json,AWS CDK,typescript,Medium,2,1,1,False,0,False,0,Tested CDK Deployments,6,0.294
340804757/cdk.json,AWS CDK,typescript,Medium,2,1,1,False,0,False,0,Tested CDK Deployments,6,0.294
411875369/cdk.json,AWS CDK,typescript,Medium,2,1,1,False,0,False,0,Tested CDK Deployments,6,0.294
522802802/cdk.json,AWS CDK,python,Medium,2,1,1,False,0,False,0,Tested CDK Deployments,6,0.294
498486977/tp5/candy-shop-backend/cdk.json,AWS CDK,typescript,Medium,2,1,1,False,0,False,0,Tested CDK Deployments,6,0.294
326629580/cdk.json,AWS CDK,typescript,Medium,2,1,1,False,0,False,0,Tested CDK Deployments,6,0.294
432783824/cdk.json,AWS CDK,javascript,Medium,2,1,1,False,0,False,0,Tested CDK Deployments,6,0.294
372769538/cdk.json,AWS CDK,typescript,Medium,2,1,1,False,0,False,1,Tested CDK Deployments,6,0.294
329198651/cdk.json,AWS CDK,typescript,Medium,2,1,1,False,0,False,0,Tested CDK Deployments,6,0.294
382526877/cdk.json,AWS CDK,typescript,Medium,2,1,1,False,0,False,0,Tested CDK Deployments,6,0.294
353285855/cdk.json,AWS CDK,typescript,Medium,2,1,1,False,0,False,1,Tested CDK Deployments,6,0.294
372960136/cdk.json,AWS CDK,python,Medium,2,1,1,False,0,False,0,Tested CDK Deployments,6,0.294
361249838/aws_photo_deduplicator/cdk.json,AWS CDK,go,Medium,2,1,1,False,0,False,0,Tested CDK Deployments,6,0.294
502720827/aws-cdk-examples-master/typescript/lambda-cron/cdk.json,AWS CDK,javascript,Medium,2,1,1,False,0,False,0,Tested CDK Deployments,6,0.294
502720827/aws-cdk-examples-master/csharp/lambda-cron/cdk.json,AWS CDK,csharp,Medium,2,1,1,False,0,False,0,Tested CDK Deployments,6,0.294
502720827/aws-cdk-examples-master/python/lambda-cron/cdk.json,AWS CDK,python,Medium,2,1,1,False,0,False,0,Tested CDK Deployments,6,0.294
502720827/aws-cdk-examples-master/python/static-site/cdk.json,AWS CDK,python,Medium,2,1,1,False,0,False,0,Tested CDK Deployments,6,0.294
502720827/aws-cdk-examples-master/python/s3-sns-sqs-lambda-chain/cdk.json,AWS CDK,python,Medium,2,1,1,False,0,False,0,Tested CDK Deployments,6,0.294
502720827/aws-cdk-examples-master/go/lambda-cron/cdk.json,AWS CDK,go,Medium,2,1,1,False,0,False,1,Tested CDK Deployments,6,0.294
502720827/aws-cdk-examples-master/go/eks/cluster/cdk.json,AWS CDK,go,Medium,2,1,1,False,0,False,0,Tested CDK Deployments,6,0.294
502720827/aws-cdk-examples-master/go/ecs/cluster/cdk.json,AWS CDK,go,Medium,2,1,1,False,0,False,0,Tested CDK Deployments,6,0.294
502720827/aws-cdk-examples-master/go/classic-load-balancer/cdk.json,AWS CDK,go,Medium,2,1,1,False,0,False,1,Tested CDK Deployments,6,0.294
502720827/aws-cdk-examples-master/java/my-widget-service/cdk.json,AWS CDK,java,Medium,2,1,1,False,0,False,0,Tested CDK Deployments,6,0.294
502720827/aws-cdk-examples-master/java/lambda-cron/cdk.json,AWS CDK,java,Medium,2,1,1,False,0,False,0,Tested CDK Deployments,6,0.294
502720827/aws-cdk-examples-master/java/ecs/fargate-load-balanced-service/cdk.json,AWS CDK,java,Medium,2,1,1,False,0,False,0,Tested CDK Deployments,6,0.294
502720827/aws-cdk-examples-master/java/hello-world/cdk.json,AWS CDK,java,Medium,2,1,1,False,0,False,0,Tested CDK Deployments,6,0.294
502720827/aws-cdk-examples-master/java/resource-overrides/cdk.json,AWS CDK,java,Medium,2,1,1,False,0,False,0,Tested CDK Deployments,6,0.294
470942594/infrastructure/cdk.json,AWS CDK,python,Medium,2,1,1,False,0,False,0,Tested CDK Deployments,6,0.294
326471391/rythm-price-cdk/cdk.json,AWS CDK,typescript,Medium,2,1,1,False,0,False,0,Tested CDK Deployments,6,0.294
485694925/cdk.json,AWS CDK,python,Medium,2,1,1,False,0,False,0,Tested CDK Deployments,6,0.294
313482549/cdk.json,AWS CDK,typescript,Medium,2,1,1,False,0,False,0,Tested CDK Deployments,6,0.294
294856182/cdkworkshop/cdk.json,AWS CDK,python,Medium,2,1,1,False,0,False,0,Tested CDK Deployments,6,0.294
339364626/infrastructure/cdk.json,AWS CDK,typescript,Medium,2,1,1,False,0,False,0,Tested CDK Deployments,6,0.294
330660584/cdk.json,AWS CDK,typescript,Medium,2,1,1,False,0,False,0,Tested CDK Deployments,6,0.294
348454617/cdk.json,AWS CDK,typescript,Medium,2,1,1,False,0,False,1,Tested CDK Deployments,6,0.294
371626488/cdk.json,AWS CDK,typescript,Medium,2,1,1,False,0,False,0,Tested CDK Deployments,6,0.294
278847209/cdk.json,AWS CDK,typescript,Medium,2,1,1,False,0,False,0,Tested CDK Deployments,6,0.294
528541176/cdk.json,AWS CDK,python,Medium,2,1,1,False,0,False,0,Tested CDK Deployments,6,0.294
490238284/cdk.json,AWS CDK,typescript,Medium,2,1,1,False,0,False,0,Tested CDK Deployments,6,0.294
346155351/cdk.json,AWS CDK,typescript,Medium,2,1,1,False,0,False,0,Tested CDK Deployments,6,0.294
311944369/https-redirect/cdk.json,AWS CDK,typescript,Medium,2,1,1,False,0,False,0,Tested CDK Deployments,6,0.294
311944369/lambda-local/cdk.json,AWS CDK,typescript,Medium,2,1,1,False,0,False,1,Tested CDK Deployments,6,0.294
311944369/lambda-layers/cdk.json,AWS CDK,typescript,Medium,2,1,1,False,0,False,1,Tested CDK Deployments,6,0.294
311944369/hugo-pipeline/backend-infra/cdk.json,AWS CDK,typescript,Medium,2,1,1,False,0,False,0,Tested CDK Deployments,6,0.294
311944369/go-lambda/cdk.json,AWS CDK,typescript,Medium,2,1,1,False,0,False,1,Tested CDK Deployments,6,0.294
311944369/http-api/cdk.json,AWS CDK,typescript,Medium,2,1,1,False,0,False,1,Tested CDK Deployments,6,0.294
311944369/nextjs-pipeline/backend-infra/cdk.json,AWS CDK,typescript,Medium,2,1,1,False,0,False,0,Tested CDK Deployments,6,0.294
311944369/dynamodb-crud/cdk.json,AWS CDK,typescript,Medium,2,1,1,False,0,False,1,Tested CDK Deployments,6,0.294
311944369/lambda-cost/cdk.json,AWS CDK,typescript,Medium,2,1,1,False,0,False,1,Tested CDK Deployments,6,0.294
311944369/react-pipeline/backend-infra/cdk.json,AWS CDK,typescript,Medium,2,1,1,False,0,False,0,Tested CDK Deployments,6,0.294
311944369/ts-lambda/cdk.json,AWS CDK,typescript,Medium,2,1,1,False,0,False,1,Tested CDK Deployments,6,0.294
420524250/step03_appsync_lambda_as_datasource/cdk.json,AWS CDK,typescript,Medium,2,1,1,False,0,False,0,Tested CDK Deployments,6,0.294
420524250/step01_hello_lambda/cdk.json,AWS CDK,typescript,Medium,2,1,1,False,0,False,0,Tested CDK Deployments,6,0.294
420524250/step04_appsync_lambda_dynamodb/cdk.json,AWS CDK,typescript,Medium,2,1,1,False,0,False,0,Tested CDK Deployments,6,0.294
420524250/step02_hello_website/cdk.json,AWS CDK,typescript,Medium,2,1,1,False,0,False,0,Tested CDK Deployments,6,0.294
420524250/step00_hello_cdk/cdk.json,AWS CDK,typescript,Medium,2,1,1,False,0,False,0,Tested CDK Deployments,6,0.294
319454047/cdk.json,AWS CDK,java,Medium,2,1,1,False,0,False,0,Tested CDK Deployments,6,0.294
509325607/aws-cdk-demo-hello-world-rest/cdk/cdk.json,AWS CDK,java,Medium,2,1,1,False,0,False,0,Tested CDK Deployments,6,0.294
509325607/aws-cdk-demo-dynamodb-todo/cdk/cdk.json,AWS CDK,java,Medium,2,1,1,False,0,False,0,Tested CDK Deployments,6,0.294
509325607/aws-cdk-demo-dynamodb-todo-jdk17-alb/cdk/cdk.json,AWS CDK,java,Medium,2,1,1,False,0,False,0,Tested CDK Deployments,6,0.294
509325607/aws-cdk-demo-hello-world-http/cdk/cdk.json,AWS CDK,java,Medium,2,1,1,False,0,False,0,Tested CDK Deployments,6,0.294
509325607/aws-cdk-demo-dynamodb-todo-jdk17/cdk/cdk.json,AWS CDK,java,Medium,2,1,1,False,0,False,0,Tested CDK Deployments,6,0.294
509325607/aws-cdk-demo-simple-lambda/cdk/cdk.json,AWS CDK,java,Medium,2,1,1,False,0,False,0,Tested CDK Deployments,6,0.294
509325607/aws-cdk-demo/cdk/cdk.json,AWS CDK,java,Medium,2,1,1,False,0,False,0,Tested CDK Deployments,6,0.294
447393067/cdk.json,AWS CDK,python,Medium,2,1,1,False,0,False,0,Tested CDK Deployments,6,0.294
355676190/cdk.json,AWS CDK,typescript,Medium,2,1,1,False,0,False,0,Tested CDK Deployments,6,0.294
288838283/cdk.json,AWS CDK,typescript,Medium,2,1,1,False,0,False,0,Tested CDK Deployments,6,0.294
194098551/cdk/cdk.json,AWS CDK,typescript,Medium,2,1,1,False,0,False,0,Tested CDK Deployments,6,0.294
376474704/cdk.json,AWS CDK,typescript,Medium,2,1,1,False,0,False,0,Tested CDK Deployments,6,0.294
505318062/source/cdk.json,AWS CDK,python,Medium,2,1,1,False,0,False,0,Tested CDK Deployments,6,0.294
358422929/cdk.json,AWS CDK,typescript,Medium,2,1,1,False,0,False,0,Tested CDK Deployments,6,0.294
306673642/cdk.json,AWS CDK,typescript,Medium,2,1,1,False,0,False,0,Tested CDK Deployments,6,0.294
515781722/cdk.json,AWS CDK,typescript,Medium,2,1,1,False,0,False,0,Tested CDK Deployments,6,0.294
493835734/cdk.json,AWS CDK,python,Medium,2,1,1,False,0,False,0,Tested CDK Deployments,6,0.294
349620117/cdk.json,AWS CDK,python,Medium,2,1,1,False,0,False,0,Tested CDK Deployments,6,0.294
457554303/cdk/cdk.json,AWS CDK,typescript,Medium,2,1,1,False,0,False,0,Tested CDK Deployments,6,0.294
346701274/cdk.json,AWS CDK,typescript,Medium,2,1,1,False,0,False,0,Tested CDK Deployments,6,0.294
325565931/cdk.json,AWS CDK,typescript,Medium,2,1,1,False,0,False,1,Tested CDK Deployments,6,0.294
268471060/cdk.json,AWS CDK,typescript,Medium,2,1,1,False,0,False,0,Tested CDK Deployments,6,0.294
345254430/aws_cdk_projects/setup_policy_adjustments/cdk.json,AWS CDK,typescript,Medium,2,1,1,False,0,False,0,Tested CDK Deployments,6,0.294
345254430/aws_cdk_projects/sso_build/cdk.json,AWS CDK,typescript,Medium,2,1,1,False,0,False,0,Tested CDK Deployments,6,0.294
494815988/cdk.json,AWS CDK,typescript,Medium,2,1,1,False,0,False,0,Tested CDK Deployments,6,0.294
356038005/cdk.json,AWS CDK,typescript,Medium,2,1,1,False,0,False,0,Tested CDK Deployments,6,0.294
387900654/myboard/cdk.json,AWS CDK,javascript,Medium,2,1,1,False,0,False,0,Tested CDK Deployments,6,0.294
443912271/cdk.json,AWS CDK,typescript,Medium,2,1,1,False,0,False,0,Tested CDK Deployments,6,0.294
333210322/cdk/cdk.json,AWS CDK,typescript,Medium,2,1,1,False,0,False,0,Tested CDK Deployments,6,0.294
406826201/cdk.json,AWS CDK,typescript,Medium,2,1,1,False,0,False,1,Tested CDK Deployments,6,0.294
438608852/cdk.json,AWS CDK,python,Medium,2,1,1,False,0,False,0,Tested CDK Deployments,6,0.294
466480256/infrastructure/cdk.json,AWS CDK,typescript,Medium,2,1,1,False,0,False,0,Tested CDK Deployments,6,0.294
469946308/cdk.json,AWS CDK,typescript,Medium,2,1,1,False,0,False,0,Tested CDK Deployments,6,0.294
311097290/cdk/cdk.json,AWS CDK,typescript,Medium,2,1,1,False,0,False,0,Tested CDK Deployments,6,0.294
349992795/cdk.json,AWS CDK,java,Medium,2,1,1,False,0,False,0,Tested CDK Deployments,6,0.294
370335269/cdk.json,AWS CDK,typescript,Medium,2,1,1,False,0,False,1,Tested CDK Deployments,6,0.294
420875087/cdk.json,AWS CDK,java,Medium,2,1,1,False,0,False,0,Tested CDK Deployments,6,0.294
402463727/cdk.json,AWS CDK,typescript,Medium,2,1,1,False,0,False,0,Tested CDK Deployments,6,0.294
483925021/rudrakshi-cdk/cdk.json,AWS CDK,python,Medium,2,1,1,False,0,False,0,Tested CDK Deployments,6,0.294
247656122/cdk.json,AWS CDK,typescript,Medium,2,1,1,False,0,False,0,Tested CDK Deployments,6,0.294
318939846/cdk.json,AWS CDK,typescript,Medium,2,1,1,False,0,False,0,Tested CDK Deployments,6,0.294
296807635/cdk.json,AWS CDK,typescript,Medium,2,1,1,False,0,False,0,Tested CDK Deployments,6,0.294
388328095/cdk.json,AWS CDK,java,Medium,2,1,1,False,0,False,0,Tested CDK Deployments,6,0.294
476434075/cdk.json,AWS CDK,typescript,Medium,2,1,1,False,0,False,0,Tested CDK Deployments,6,0.294
425256457/userreg-api-node-beanstalk/cdk/cdk.json,AWS CDK,typescript,Medium,2,1,1,False,0,False,0,Tested CDK Deployments,6,0.294
412941662/cdk.json,AWS CDK,typescript,Medium,2,1,1,False,0,False,0,Tested CDK Deployments,6,0.294
385911545/cdk/cdk.json,AWS CDK,typescript,Medium,2,1,1,False,0,False,0,Tested CDK Deployments,6,0.294
486499807/cdk/cdk.json,AWS CDK,typescript,Medium,2,1,1,False,0,False,0,Tested CDK Deployments,6,0.294
526815063/typescript/lambda-cron/cdk.json,AWS CDK,javascript,Medium,2,1,1,False,0,False,0,Tested CDK Deployments,6,0.294
526815063/csharp/lambda-cron/cdk.json,AWS CDK,csharp,Medium,2,1,1,False,0,False,0,Tested CDK Deployments,6,0.294
526815063/python/lambda-cron/cdk.json,AWS CDK,python,Medium,2,1,1,False,0,False,0,Tested CDK Deployments,6,0.294
526815063/python/static-site/cdk.json,AWS CDK,python,Medium,2,1,1,False,0,False,0,Tested CDK Deployments,6,0.294
526815063/python/s3-sns-sqs-lambda-chain/cdk.json,AWS CDK,python,Medium,2,1,1,False,0,False,0,Tested CDK Deployments,6,0.294
526815063/go/lambda-cron/cdk.json,AWS CDK,go,Medium,2,1,1,False,0,False,1,Tested CDK Deployments,6,0.294
526815063/go/eks/cluster/cdk.json,AWS CDK,go,Medium,2,1,1,False,0,False,0,Tested CDK Deployments,6,0.294
526815063/go/ecs/cluster/cdk.json,AWS CDK,go,Medium,2,1,1,False,0,False,0,Tested CDK Deployments,6,0.294
526815063/go/classic-load-balancer/cdk.json,AWS CDK,go,Medium,2,1,1,False,0,False,1,Tested CDK Deployments,6,0.294
526815063/java/my-widget-service/cdk.json,AWS CDK,java,Medium,2,1,1,False,0,False,0,Tested CDK Deployments,6,0.294
526815063/java/lambda-cron/cdk.json,AWS CDK,java,Medium,2,1,1,False,0,False,0,Tested CDK Deployments,6,0.294
526815063/java/ecs/fargate-load-balanced-service/cdk.json,AWS CDK,java,Medium,2,1,1,False,0,False,0,Tested CDK Deployments,6,0.294
526815063/java/hello-world/cdk.json,AWS CDK,java,Medium,2,1,1,False,0,False,0,Tested CDK Deployments,6,0.294
526815063/java/resource-overrides/cdk.json,AWS CDK,java,Medium,2,1,1,False,0,False,0,Tested CDK Deployments,6,0.294
219116545/cdk.json,AWS CDK,typescript,Medium,2,1,1,False,0,False,0,Tested CDK Deployments,6,0.294
371905049/packages/01-api/cdk.json,AWS CDK,typescript,Medium,2,1,1,False,0,False,0,Tested CDK Deployments,6,0.294
371905049/packages/00-pipeline/cdk.json,AWS CDK,typescript,Medium,2,1,1,False,0,False,0,Tested CDK Deployments,6,0.294
520916903/packages/cdk/cdk.json,AWS CDK,typescript,Medium,2,1,1,False,0,False,0,Tested CDK Deployments,6,0.294
365571191/cdk.json,AWS CDK,typescript,Medium,2,1,1,False,0,False,1,Tested CDK Deployments,6,0.294
320951013/IaC/cdk.json,AWS CDK,typescript,Medium,2,1,1,False,0,False,0,Tested CDK Deployments,6,0.294
494875114/cdk.json,AWS CDK,typescript,Medium,2,1,1,False,0,False,0,Tested CDK Deployments,6,0.294
405101582/backend/cdk.json,AWS CDK,typescript,Medium,2,1,1,False,0,False,0,Tested CDK Deployments,6,0.294
493823679/payment-3p/cdk.json,AWS CDK,typescript,Medium,2,1,1,False,0,False,0,Tested CDK Deployments,6,0.294
354033439/alarms/cdk.json,AWS CDK,typescript,Medium,2,1,1,False,0,False,0,Tested CDK Deployments,6,0.294
354033439/dashboard/cdk.json,AWS CDK,typescript,Medium,2,1,1,False,0,False,0,Tested CDK Deployments,6,0.294
252527591/infrastructure/cdk/cdk.json,AWS CDK,typescript,Medium,2,1,1,False,0,False,0,Tested CDK Deployments,6,0.294
463706286/aws-fargate-ec2/infra/cdk.json,AWS CDK,typescript,Medium,2,1,1,False,0,False,0,Tested CDK Deployments,6,0.294
276157352/cdk/cdk.json,AWS CDK,typescript,Medium,2,1,1,False,0,False,0,Tested CDK Deployments,6,0.294
505968602/cdk.json,AWS CDK,python,Medium,2,1,1,False,0,False,0,Tested CDK Deployments,6,0.294
511708635/cdk.json,AWS CDK,python,Medium,2,1,1,False,0,False,0,Tested CDK Deployments,6,0.294
447144773/cdk.json,AWS CDK,typescript,Medium,2,1,1,False,0,False,0,Tested CDK Deployments,6,0.294
373500440/build/cdk/cdk.json,AWS CDK,typescript,Medium,2,1,1,False,0,False,0,Tested CDK Deployments,6,0.294
476170902/cdk.json,AWS CDK,typescript,Medium,2,1,1,False,0,False,0,Tested CDK Deployments,6,0.294
499603918/cdk.json,AWS CDK,python,Medium,2,1,1,False,0,False,0,Tested CDK Deployments,6,0.294
447378771/infrastructure/cdk.json,AWS CDK,typescript,Medium,2,1,1,False,0,False,0,Tested CDK Deployments,6,0.294
221559827/cdk.json,AWS CDK,typescript,Medium,2,1,1,False,0,False,0,Tested CDK Deployments,6,0.294
520065651/infra/cdk.json,AWS CDK,java,Medium,2,1,1,False,0,False,0,Tested CDK Deployments,6,0.294
332824722/cdk.json,AWS CDK,typescript,Medium,2,1,1,False,0,False,0,Tested CDK Deployments,6,0.294
397725507/cdk.json,AWS CDK,typescript,Medium,2,1,1,False,0,False,0,Tested CDK Deployments,6,0.294
336768512/cdk.json,AWS CDK,typescript,Medium,2,1,1,False,0,False,0,Tested CDK Deployments,6,0.294
448420501/serverless-wordle-cdk/cdk.json,AWS CDK,typescript,Medium,2,1,1,False,0,False,0,Tested CDK Deployments,6,0.294
452499807/cdk.json,AWS CDK,typescript,Medium,2,1,1,False,0,False,0,Tested CDK Deployments,6,0.294
306955718/cdk.json,AWS CDK,typescript,Medium,2,1,1,False,0,False,0,Tested CDK Deployments,6,0.294
290279737/cdk.json,AWS CDK,typescript,Medium,2,1,1,False,0,False,0,Tested CDK Deployments,6,0.294
453812356/cdk.json,AWS CDK,typescript,Medium,2,1,1,False,0,False,0,Tested CDK Deployments,6,0.294
267292697/cdk.json,AWS CDK,typescript,Medium,2,1,1,False,0,False,0,Tested CDK Deployments,6,0.294
467372020/cdk.json,AWS CDK,python,Medium,2,1,1,False,0,False,0,Tested CDK Deployments,6,0.294
505367133/cdk.json,AWS CDK,typescript,Medium,2,1,1,False,0,False,0,Tested CDK Deployments,6,0.294
395229245/cdk/cdk.json,AWS CDK,typescript,Medium,2,1,1,False,0,False,0,Tested CDK Deployments,6,0.294
322816317/iac/cdk.json,AWS CDK,typescript,Medium,2,1,1,False,0,False,0,Tested CDK Deployments,6,0.294
391689886/cdk/cdk.json,AWS CDK,typescript,Medium,2,1,1,False,0,False,0,Tested CDK Deployments,6,0.294
492612004/cdk.json,AWS CDK,python,Medium,2,1,1,False,0,False,0,Tested CDK Deployments,6,0.294
192895642/cdk.json,AWS CDK,python,Medium,2,1,1,False,0,False,0,Tested CDK Deployments,6,0.294
262507983/cdk.json,AWS CDK,javascript,Medium,2,1,1,False,0,False,0,Tested CDK Deployments,6,0.294
343150149/aws_cdk/cdk.json,AWS CDK,java,Medium,2,1,1,False,0,False,0,Tested CDK Deployments,6,0.294
277744271/cdk.json,AWS CDK,typescript,Medium,2,1,1,False,0,False,0,Tested CDK Deployments,6,0.294
401984799/cdk.json,AWS CDK,typescript,Medium,2,1,1,False,0,False,0,Tested CDK Deployments,6,0.294
322965819/cdk/cdk.json,AWS CDK,typescript,Medium,2,1,1,False,0,False,0,Tested CDK Deployments,6,0.294
415397602/cdk.json,AWS CDK,typescript,Medium,2,1,1,False,0,False,0,Tested CDK Deployments,6,0.294
385537182/cdk.json,AWS CDK,typescript,Medium,2,1,1,False,0,False,1,Tested CDK Deployments,6,0.294
489456817/Pulumi.yaml,Pulumi,yaml,Low,2,0,0,True,33,False,0,Pulumi General Cloud,4,0.979
326566148/examples/webserver-json/Pulumi.yaml,Pulumi,yaml,Low,2,0,0,True,55,False,0,Pulumi General Cloud,4,0.979
326566148/examples/azure-app-service/Pulumi.yaml,Pulumi,yaml,Low,2,0,0,True,33,False,1,Pulumi General Cloud,4,0.979
326566148/examples/aws-static-website/Pulumi.yaml,Pulumi,yaml,Low,2,0,0,True,33,False,1,Pulumi General Cloud,4,0.979
326566148/examples/azure-container-apps/Pulumi.yaml,Pulumi,yaml,Low,2,0,0,True,28,False,0,Pulumi General Cloud,4,0.979
326566148/examples/cue-random/Pulumi.yaml,Pulumi,yaml,Low,2,0,0,True,11,False,0,Pulumi General Cloud,4,0.979
326566148/examples/azure-static-website/Pulumi.yaml,Pulumi,yaml,Low,2,0,0,True,33,False,1,Pulumi General Cloud,4,0.979
326566148/examples/cue-eks/Pulumi.yaml,Pulumi,yaml,Low,2,0,0,True,11,False,0,Pulumi General Cloud,4,0.979
326566148/templates/aws-yaml/Pulumi.yaml,Pulumi,yaml,Low,2,0,0,True,14,False,0,Pulumi General Cloud,4,0.979
326566148/templates/openstack-yaml/Pulumi.yaml,Pulumi,yaml,Low,2,0,0,True,14,False,0,Pulumi General Cloud,4,0.979
326566148/examples/aws-eks/Pulumi.yaml,Pulumi,yaml,Low,2,0,0,True,14,False,1,Pulumi General Cloud,4,0.979
326566148/templates/github-yaml/Pulumi.yaml,Pulumi,yaml,Low,2,0,0,True,14,False,0,Pulumi General Cloud,4,0.979
326566148/examples/webserver/Pulumi.yaml,Pulumi,yaml,Low,2,0,0,True,55,False,0,Pulumi General Cloud,4,0.979
326566148/examples/cue-static-web-app/Pulumi.yaml,Pulumi,yaml,Low,2,0,0,True,11,False,0,Pulumi General Cloud,4,0.979
326566148/templates/auth0-yaml/Pulumi.yaml,Pulumi,yaml,Low,2,0,0,True,14,False,0,Pulumi General Cloud,4,0.979
326566148/templates/yaml/Pulumi.yaml,Pulumi,yaml,Low,2,0,0,True,14,False,0,Pulumi General Cloud,4,0.979
326566148/templates/gcp-yaml/Pulumi.yaml,Pulumi,yaml,Low,2,0,0,True,14,False,0,Pulumi General Cloud,4,0.979
326566148/templates/linode-yaml/Pulumi.yaml,Pulumi,yaml,Low,2,0,0,True,14,False,0,Pulumi General Cloud,4,0.979
326566148/templates/equinix-metal-yaml/Pulumi.yaml,Pulumi,yaml,Low,2,0,0,True,14,False,0,Pulumi General Cloud,4,0.979
326566148/templates/azure-classic-yaml/Pulumi.yaml,Pulumi,yaml,Low,2,0,0,True,14,False,0,Pulumi General Cloud,4,0.979
326566148/templates/azure-yaml/Pulumi.yaml,Pulumi,yaml,Low,2,0,0,True,14,False,0,Pulumi General Cloud,4,0.979
326566148/templates/kubernetes-yaml/Pulumi.yaml,Pulumi,yaml,Low,2,0,0,True,14,False,0,Pulumi General Cloud,4,0.979
254155269/pascal/aws/eks/Pulumi.yaml,Pulumi,yaml,Low,2,0,0,True,21,False,0,Pulumi General Cloud,4,0.979
254155269/bf/aws/eks/Pulumi.yaml,Pulumi,yaml,Low,2,0,0,True,17,False,0,Pulumi General Cloud,4,0.979
490890099/pulumi/autopilot/Pulumi.yaml,Pulumi,yaml,Low,2,0,0,True,36,False,1,Pulumi General Cloud,4,0.979
326566148/templates/digitalocean-yaml/Pulumi.yaml,Pulumi,yaml,Low,2,0,0,True,14,False,0,Pulumi General Cloud,4,0.979
326566148/templates/google-native-yaml/Pulumi.yaml,Pulumi,yaml,Low,2,0,0,True,14,False,0,Pulumi General Cloud,4,0.979
326566148/templates/aws-native-yaml/Pulumi.yaml,Pulumi,yaml,Low,2,0,0,True,14,False,0,Pulumi General Cloud,4,0.979
326566148/templates/alicloud-yaml/Pulumi.yaml,Pulumi,yaml,Low,2,0,0,True,14,False,0,Pulumi General Cloud,4,0.979
326566148/templates/civo-yaml/Pulumi.yaml,Pulumi,yaml,Low,2,0,0,True,14,False,0,Pulumi General Cloud,4,0.979
108589232/azure-yaml-app-service/Pulumi.yaml,Pulumi,yaml,Low,2,0,0,True,33,False,1,Pulumi General Cloud,4,0.979
499924507/Pulumi.yaml,Pulumi,yaml,Low,2,0,0,True,36,False,0,Pulumi General Cloud,4,0.979
108589232/webserver-yaml/Pulumi.yaml,Pulumi,yaml,Low,2,0,0,True,55,False,0,Pulumi General Cloud,4,0.979
108589232/stack-readme-yaml/Pulumi.yaml,Pulumi,yaml,Low,2,0,0,True,64,False,0,Pulumi General Cloud,4,0.979
108589232/random-yaml-cue/Pulumi.yaml,Pulumi,yaml,Low,2,0,0,True,11,False,0,Pulumi General Cloud,4,0.979
108589232/azure-yaml-static-website/Pulumi.yaml,Pulumi,yaml,Low,2,0,0,True,33,False,1,Pulumi General Cloud,4,0.979
108589232/aws-yaml-cue-eks/Pulumi.yaml,Pulumi,yaml,Low,2,0,0,True,11,False,0,Pulumi General Cloud,4,0.979
108589232/aws-yaml-ansible-wordpress/Pulumi.yaml,Pulumi,yaml,Low,2,0,0,True,56,False,1,Pulumi General Cloud,4,0.979
254155269/hcl/aws/eks/Pulumi.yaml,Pulumi,yaml,Low,2,0,0,True,11,False,0,Pulumi General Cloud,4,0.979
254155269/perl/aws/eks/Pulumi.yaml,Pulumi,yaml,Low,2,0,0,True,22,False,0,Pulumi General Cloud,4,0.979
254155269/yaml/azure/appservice/Pulumi.yaml,Pulumi,yaml,Low,2,0,0,True,18,False,0,Pulumi General Cloud,4,0.979
254155269/yaml/aws/eks/Pulumi.yaml,Pulumi,yaml,Low,2,0,0,True,14,False,1,Pulumi General Cloud,4,0.979
254155269/fortran/aws/eks/Pulumi.yaml,Pulumi,yaml,Low,2,0,0,True,15,False,0,Pulumi General Cloud,4,0.979
525572205/examples/google-cloud/yaml/Pulumi.yaml,Pulumi,yaml,Low,2,0,0,True,56,False,0,Pulumi General Cloud,4,0.979
497966327/s3-bucket/Pulumi.yaml,Pulumi,yaml,Low,2,0,0,True,29,False,1,Pulumi General Cloud,4,0.979
515213234/namespace-meta/Pulumi.yaml,Pulumi,yaml,Low,2,0,0,True,40,False,1,Pulumi General Cloud,4,0.979
124577647/kubernetes-yaml/Pulumi.yaml,Pulumi,yaml,Low,2,0,0,True,14,False,0,Pulumi General Cloud,4,0.979
124577647/oci-yaml/Pulumi.yaml,Pulumi,yaml,Low,2,0,0,True,14,False,0,Pulumi General Cloud,4,0.979
124577647/azure-yaml/Pulumi.yaml,Pulumi,yaml,Low,2,0,0,True,14,False,0,Pulumi General Cloud,4,0.979
525572205/examples/azure/yaml/Pulumi.yaml,Pulumi,yaml,Low,2,0,0,True,56,False,0,Pulumi General Cloud,4,0.979
525572205/examples/aws/yaml/Pulumi.yaml,Pulumi,yaml,Low,2,0,0,True,48,False,0,Pulumi General Cloud,4,0.979
124577647/openstack-yaml/Pulumi.yaml,Pulumi,yaml,Low,2,0,0,True,14,False,0,Pulumi General Cloud,4,0.979
124577647/github-yaml/Pulumi.yaml,Pulumi,yaml,Low,2,0,0,True,14,False,0,Pulumi General Cloud,4,0.979
394235244/global-reach-bgp/3-global-dns/pulumi/Pulumi.yaml,Pulumi,yaml,Low,2,0,0,True,43,False,0,Pulumi General Cloud,4,0.979
124577647/gcp-yaml/Pulumi.yaml,Pulumi,yaml,Low,2,0,0,True,14,False,0,Pulumi General Cloud,4,0.979
124577647/aws-yaml/Pulumi.yaml,Pulumi,yaml,Low,2,0,0,True,14,False,0,Pulumi General Cloud,4,0.979
124577647/civo-yaml/Pulumi.yaml,Pulumi,yaml,Low,2,0,0,True,14,False,0,Pulumi General Cloud,4,0.979
124577647/azure-classic-yaml/Pulumi.yaml,Pulumi,yaml,Low,2,0,0,True,14,False,0,Pulumi General Cloud,4,0.979
124577647/equinix-metal-yaml/Pulumi.yaml,Pulumi,yaml,Low,2,0,0,True,14,False,0,Pulumi General Cloud,4,0.979
124577647/yaml/Pulumi.yaml,Pulumi,yaml,Low,2,0,0,True,14,False,0,Pulumi General Cloud,4,0.979
124577647/auth0-yaml/Pulumi.yaml,Pulumi,yaml,Low,2,0,0,True,14,False,0,Pulumi General Cloud,4,0.979
124577647/linode-yaml/Pulumi.yaml,Pulumi,yaml,Low,2,0,0,True,14,False,0,Pulumi General Cloud,4,0.979
444190968/pulumi-civo-cilium-prometheus/Pulumi.yaml,Pulumi,yaml,Low,2,0,0,True,46,False,0,Pulumi General Cloud,4,0.979
512636472/pulumi/Pulumi.yaml,Pulumi,yaml,Low,2,0,0,True,33,False,0,Pulumi General Cloud,4,0.979
312333473/fundamentals/yaml/lab-2/Pulumi.yaml,Pulumi,yaml,Low,2,0,0,True,11,False,0,Pulumi General Cloud,4,0.979
312333473/fundamentals/yaml/lab-3/Pulumi.yaml,Pulumi,yaml,Low,2,0,0,True,11,False,0,Pulumi General Cloud,4,0.979
451523309/tests/integration/convert/Pulumi.yaml,Pulumi,yaml,Low,2,0,0,True,35,False,0,Pulumi General Cloud,4,0.979
497133992/pulumi/Pulumi.yaml,Pulumi,yaml,Low,2,0,0,True,43,False,0,Pulumi General Cloud,4,0.979
124577647/alicloud-yaml/Pulumi.yaml,Pulumi,yaml,Low,2,0,0,True,14,False,0,Pulumi General Cloud,4,0.979
124577647/aws-native-yaml/Pulumi.yaml,Pulumi,yaml,Low,2,0,0,True,14,False,0,Pulumi General Cloud,4,0.979
124577647/google-native-yaml/Pulumi.yaml,Pulumi,yaml,Low,2,0,0,True,14,False,0,Pulumi General Cloud,4,0.979
124577647/digitalocean-yaml/Pulumi.yaml,Pulumi,yaml,Low,2,0,0,True,14,False,0,Pulumi General Cloud,4,0.979
497701069/Pulumi.yaml,Pulumi,yaml,Low,2,0,0,True,33,False,0,Pulumi General Cloud,4,0.979
417586173/cs-guestbook/guestbook-app-yaml/Pulumi.yaml,Pulumi,yaml,Low,2,0,0,True,46,False,0,Pulumi General Cloud,4,0.979
417586173/guestbook-various-languages-clouds/guestbook-app-yaml/Pulumi.yaml,Pulumi,yaml,Low,2,0,0,True,46,False,0,Pulumi General Cloud,4,0.979
521401125/Pulumi.yaml,Pulumi,yaml,Low,2,0,0,True,42,False,0,Pulumi General Cloud,4,0.979
444190968/pulumi-civo-cilium-hubble/Pulumi.yaml,Pulumi,yaml,Low,2,0,0,True,34,False,0,Pulumi General Cloud,4,0.979
444190968/pulumi-faasd-arm/Pulumi.yaml,Pulumi,yaml,Low,2,0,0,True,42,False,0,Pulumi General Cloud,4,0.979
500661930/aws-yaml-static-website/Pulumi.yaml,Pulumi,yaml,Low,2,0,0,True,33,False,1,Pulumi General Cloud,4,0.979
500661930/azure-yaml-static-website/Pulumi.yaml,Pulumi,yaml,Low,2,0,0,True,33,False,1,Pulumi General Cloud,4,0.979
500661930/webserver-yaml-json/Pulumi.yaml,Pulumi,yaml,Low,2,0,0,True,55,False,0,Pulumi General Cloud,4,0.979
500661930/azure-yaml-container-apps/Pulumi.yaml,Pulumi,yaml,Low,2,0,0,True,28,False,0,Pulumi General Cloud,4,0.979
500661930/azure-yaml-cue-static-web-app/Pulumi.yaml,Pulumi,yaml,Low,2,0,0,True,11,False,0,Pulumi General Cloud,4,0.979
500661930/aws-yaml-eks/Pulumi.yaml,Pulumi,yaml,Low,2,0,0,True,14,False,1,Pulumi General Cloud,4,0.979
473588611/examples/yaml-webhooks/Pulumi.yaml,Pulumi,yaml,Low,2,0,0,True,62,False,0,Pulumi General Cloud,4,0.979
473588611/examples/yaml-access-tokens/Pulumi.yaml,Pulumi,yaml,Low,2,0,0,True,62,False,0,Pulumi General Cloud,4,0.979
502397514/Nodes/Azure_x64/Pulumi/Pulumi.yaml,Pulumi,yaml,Low,2,0,0,True,42,False,0,Pulumi General Cloud,4,0.979
473588611/examples/yaml-teams/Pulumi.yaml,Pulumi,yaml,Low,2,0,0,True,43,False,0,Pulumi General Cloud,4,0.979
473588611/examples/yaml-stack-tags/Pulumi.yaml,Pulumi,yaml,Low,2,0,0,True,29,False,0,Pulumi General Cloud,4,0.979
516629766/pulumi/Pulumi.yaml,Pulumi,yaml,Low,2,0,0,True,14,False,1,Pulumi General Cloud,4,0.979
500661930/azure-yaml-app-service/Pulumi.yaml,Pulumi,yaml,Low,2,0,0,True,33,False,1,Pulumi General Cloud,4,0.979
500661930/webserver-yaml/Pulumi.yaml,Pulumi,yaml,Low,2,0,0,True,55,False,0,Pulumi General Cloud,4,0.979
500661930/random-yaml-cue/Pulumi.yaml,Pulumi,yaml,Low,2,0,0,True,11,False,0,Pulumi General Cloud,4,0.979
500661930/aws-yaml-cue-eks/Pulumi.yaml,Pulumi,yaml,Low,2,0,0,True,11,False,0,Pulumi General Cloud,4,0.979
108589232/aws-yaml-eks/Pulumi.yaml,Pulumi,yaml,Low,2,0,0,True,14,False,1,Pulumi General Cloud,4,0.979
108589232/azure-yaml-cue-static-web-app/Pulumi.yaml,Pulumi,yaml,Low,2,0,0,True,11,False,0,Pulumi General Cloud,4,0.979
108589232/webserver-yaml-json/Pulumi.yaml,Pulumi,yaml,Low,2,0,0,True,55,False,0,Pulumi General Cloud,4,0.979
108589232/azure-yaml-container-apps/Pulumi.yaml,Pulumi,yaml,Low,2,0,0,True,28,False,0,Pulumi General Cloud,4,0.979
108589232/aws-yaml-static-website/Pulumi.yaml,Pulumi,yaml,Low,2,0,0,True,33,False,1,Pulumi General Cloud,4,0.979
519758019/aws-yaml/Pulumi.yaml,Pulumi,yaml,Low,2,0,0,True,33,False,0,Pulumi General Cloud,4,0.979
495216174/Pulumi.yaml,Pulumi,yaml,Low,2,0,0,True,33,False,1,Pulumi General Cloud,4,0.979
484596985/examples/angular/yaml/Pulumi.yaml,Pulumi,yaml,Low,2,0,0,True,40,False,0,Pulumi General Cloud,4,0.979
499928535/examples/rickroll/Pulumi.yaml,Pulumi,yaml,Low,2,0,0,True,20,False,0,Pulumi General Cloud,4,0.979
511096296/Pulumi.yaml,Pulumi,yaml,Low,2,0,0,True,42,False,0,Pulumi General Cloud,4,0.979
527058139/static-website/dist/static-website-aws-yaml/Pulumi.yaml,Pulumi,yaml,Low,2,0,0,True,14,False,0,Pulumi General Cloud,4,0.979
527058139/static-website/dist/static-website-gcp-yaml/Pulumi.yaml,Pulumi,yaml,Low,2,0,0,True,14,False,0,Pulumi General Cloud,4,0.979
527058139/static-website/dist/static-website-azure-yaml/Pulumi.yaml,Pulumi,yaml,Low,2,0,0,True,14,False,0,Pulumi General Cloud,4,0.979
477114979/Infra/App/Pulumi.yaml,Pulumi,yaml,Low,2,0,0,True,33,False,0,Pulumi General Cloud,4,0.979
477114979/Infra/Core/Pulumi.yaml,Pulumi,yaml,Low,2,0,0,True,35,False,0,Pulumi General Cloud,4,0.979
473588611/examples/yaml-team-stack-permissions/Pulumi.yaml,Pulumi,yaml,Low,2,0,0,True,57,False,0,Pulumi General Cloud,4,0.979
484596985/examples/vue/yaml/Pulumi.yaml,Pulumi,yaml,Low,2,0,0,True,37,False,0,Pulumi General Cloud,4,0.979
484596985/examples/gatsby/yaml/Pulumi.yaml,Pulumi,yaml,Low,2,0,0,True,37,False,0,Pulumi General Cloud,4,0.979
484596985/examples/jekyll/yaml/Pulumi.yaml,Pulumi,yaml,Low,2,0,0,True,37,False,0,Pulumi General Cloud,4,0.979
484596985/examples/hugo/yaml/Pulumi.yaml,Pulumi,yaml,Low,2,0,0,True,37,False,0,Pulumi General Cloud,4,0.979
484596985/examples/react/yaml/Pulumi.yaml,Pulumi,yaml,Low,2,0,0,True,79,False,0,Pulumi General Cloud,4,0.979
326566148/examples/stackreference-producer/Pulumi.yaml,Pulumi,yaml,Low,1,0,0,False,0,False,0,Pulumi General Cloud,4,0.979
326566148/examples/stackreference-consumer/Pulumi.yaml,Pulumi,yaml,Low,1,0,0,False,0,False,0,Pulumi General Cloud,4,0.979
326566148/examples/awsx-fargate/Pulumi.yaml,Pulumi,yaml,Low,1,0,0,False,0,False,0,Pulumi General Cloud,4,0.979
326566148/examples/kubernetes/Pulumi.yaml,Pulumi,yaml,Low,1,0,0,False,0,False,1,Pulumi General Cloud,4,0.979
326566148/examples/getting-started/Pulumi.yaml,Pulumi,yaml,Low,1,0,0,False,0,False,0,Pulumi General Cloud,4,0.979
326566148/examples/readme/Pulumi.yaml,Pulumi,yaml,Low,1,0,0,False,0,False,0,Pulumi General Cloud,4,0.979
326566148/examples/pulumi-variable/Pulumi.yaml,Pulumi,yaml,Low,1,0,0,False,0,False,0,Pulumi General Cloud,4,0.979
326566148/examples/random/Pulumi.yaml,Pulumi,yaml,Low,1,0,0,False,0,False,0,Pulumi General Cloud,4,0.979
492967603/shinyapp/Pulumi.yaml,Pulumi,yaml,Low,1,0,0,False,0,False,0,Pulumi General Cloud,4,0.979
505784572/Pulumi.yaml,Pulumi,yaml,Low,1,0,0,False,0,False,0,Pulumi General Cloud,4,0.979
105882162/pulumi/github-yaml/Pulumi.yaml,Pulumi,yaml,Low,1,0,0,False,0,False,0,Pulumi General Cloud,4,0.979
500661930/kubernetes-yaml/Pulumi.yaml,Pulumi,yaml,Low,1,0,0,False,0,False,1,Pulumi General Cloud,4,0.979
500661930/random-yaml/Pulumi.yaml,Pulumi,yaml,Low,1,0,0,False,0,False,0,Pulumi General Cloud,4,0.979
492900215/examples/az-static-web/Pulumi.yaml,Pulumi,yaml,Low,1,0,0,False,0,False,0,Pulumi General Cloud,4,0.979
492900215/examples/az-vm-linux/Pulumi.yaml,Pulumi,yaml,Low,1,0,0,False,0,False,0,Pulumi General Cloud,4,0.979
254155269/elisp/Pulumi.yaml,Pulumi,yaml,Low,1,0,0,False,0,False,0,Pulumi General Cloud,4,0.979
105882162/pulumi/sp-yaml/Pulumi.yaml,Pulumi,yaml,Low,1,0,0,False,0,False,0,Pulumi General Cloud,4,0.979
494450649/JanOehenRyanBartram/The_Best_IaC_Tool_In_The_World__in_my_opinion/demo/Pulumi.yaml,Pulumi,yaml,Low,1,0,0,False,0,False,0,Pulumi General Cloud,4,0.979
511644027/examples/yaml/full/Pulumi.yaml,Pulumi,yaml,Low,1,0,0,False,0,False,0,Pulumi General Cloud,4,0.979
525315633/go/azure/Pulumi.yaml,Pulumi,yaml,Low,1,0,0,False,0,False,0,Pulumi General Cloud,4,0.979
511644027/examples/yaml/domain/Pulumi.yaml,Pulumi,yaml,Low,1,0,0,False,0,False,0,Pulumi General Cloud,4,0.979
509383332/app/Pulumi.yaml,Pulumi,yaml,Low,1,0,0,False,0,False,0,Pulumi General Cloud,4,0.979
507994384/examples/dna-store/consumer/Pulumi.yaml,Pulumi,yaml,Low,1,0,0,False,0,False,0,Pulumi General Cloud,4,0.979
507994384/examples/random-login/consumer/Pulumi.yaml,Pulumi,yaml,Low,1,0,0,False,0,False,0,Pulumi General Cloud,4,0.979
507994384/examples/file/consumer/Pulumi.yaml,Pulumi,yaml,Low,1,0,0,False,0,False,0,Pulumi General Cloud,4,0.979
507994384/examples/str/consumer/Pulumi.yaml,Pulumi,yaml,Low,1,0,0,False,0,False,0,Pulumi General Cloud,4,0.979
507994384/examples/credentials/consumer/Pulumi.yaml,Pulumi,yaml,Low,1,0,0,False,0,False,0,Pulumi General Cloud,4,0.979
508851184/my-website/Pulumi.yaml,Pulumi,yaml,Low,1,0,0,False,0,False,0,Pulumi General Cloud,4,0.979
506460073/shared-config/Pulumi.yaml,Pulumi,yaml,Low,1,0,0,False,0,False,0,Pulumi General Cloud,4,0.979
506460073/my-website/Pulumi.yaml,Pulumi,yaml,Low,1,0,0,False,0,False,0,Pulumi General Cloud,4,0.979
511644027/examples/yaml/default/Pulumi.yaml,Pulumi,yaml,Low,1,0,0,False,0,False,0,Pulumi General Cloud,4,0.979
498479906/examples/yaml/Pulumi.yaml,Pulumi,yaml,Low,1,0,0,False,0,False,0,Pulumi General Cloud,4,0.979
511644027/examples/yaml/vpc/Pulumi.yaml,Pulumi,yaml,Low,1,0,0,False,0,False,0,Pulumi General Cloud,4,0.979
511644027/examples/yaml/networking/Pulumi.yaml,Pulumi,yaml,Low,1,0,0,False,0,False,0,Pulumi General Cloud,4,0.979
508851184/shared-config/Pulumi.yaml,Pulumi,yaml,Low,1,0,0,False,0,False,0,Pulumi General Cloud,4,0.979
431598532/app/Pulumi.yaml,Pulumi,haskell,Low,1,0,0,False,0,False,0,Pulumi General Cloud,4,0.979
483344912/examples/yaml/Pulumi.yaml,Pulumi,yaml,Low,1,0,0,False,0,False,0,Pulumi General Cloud,4,0.979
493072512/Pulumi.yaml,Pulumi,yaml,Low,1,0,0,False,0,False,0,Pulumi General Cloud,4,0.979
500607310/Pulumi.yaml,Pulumi,yaml,Low,1,0,0,False,0,False,0,Pulumi General Cloud,4,0.979
108589232/kubernetes-yaml/Pulumi.yaml,Pulumi,yaml,Low,1,0,0,False,0,False,1,Pulumi General Cloud,4,0.979
108589232/random-yaml/Pulumi.yaml,Pulumi,yaml,Low,1,0,0,False,0,False,0,Pulumi General Cloud,4,0.979
494256862/infrastructure/Pulumi.yaml,Pulumi,yaml,Low,1,0,0,False,0,False,0,Pulumi General Cloud,4,0.979
523364688/Pulumi.yaml,Pulumi,yaml,Low,1,0,0,False,0,False,0,Pulumi General Cloud,4,0.979
401545590/aws/python/lambda-sns/Pulumi.yaml,Pulumi,python,Low,3,0,0,True,35,True,2,Complex Serverless,9,0.888
447309870/cdk.json,AWS CDK,typescript,Low,2,0,0,False,0,True,3,Complex Serverless,9,0.888
508077929/cdk-lambda-sns/cdk.json,AWS CDK,typescript,Low,2,0,0,False,0,True,2,Complex Serverless,9,0.888
527012974/cdk.json,AWS CDK,typescript,Low,2,0,0,False,0,True,2,Complex Serverless,9,0.888
472254354/part15/cdk.json,AWS CDK,typescript,Low,2,0,0,False,0,True,2,Complex Serverless,9,0.888
463229879/cdk.json,AWS CDK,typescript,Low,2,0,0,False,0,True,3,Complex Serverless,9,0.888
435223093/Serverless:CDK/serverless-patterns/apigw-sns-sqs-lambda-cdk/cdk/cdk.json,AWS CDK,typescript,Low,2,0,0,False,0,True,4,Complex Serverless,9,0.888
517530314/cdk.json,AWS CDK,typescript,Low,2,0,0,False,0,True,3,Complex Serverless,9,0.888
467989722/cdk.json,AWS CDK,typescript,Low,2,0,0,False,0,True,2,Complex Serverless,9,0.888
486890812/aws-lambda-destination-sns/cdk.json,AWS CDK,typescript,Low,2,0,0,False,0,True,2,Complex Serverless,9,0.888
338322585/apigw-sns-sqs-lambda-cdk/cdk/cdk.json,AWS CDK,typescript,Low,2,0,0,False,0,True,4,Complex Serverless,9,0.888
446250930/cdk.json,AWS CDK,typescript,Low,1,0,0,False,0,False,1,Complex Serverless,9,0.888
486890812/aws-sns-subsription-failure-case/cdk.json,AWS CDK,typescript,Low,1,0,0,False,0,False,1,Complex Serverless,9,0.888
486890812/aws-sns-subscription/cdk.json,AWS CDK,typescript,Low,1,0,0,False,0,False,1,Complex Serverless,9,0.888
486890812/aws-sns-filter-subscription-policy/cdk.json,AWS CDK,typescript,Low,1,0,0,False,0,False,1,Complex Serverless,9,0.888
486890812/simple-sns/cdk.json,AWS CDK,typescript,Low,1,0,0,False,0,False,1,Complex Serverless,9,0.888
378622652/cdk.json,AWS CDK,typescript,Low,1,0,0,False,0,False,1,Complex Serverless,9,0.888
486890812/aws-sns-encryption/cdk.json,AWS CDK,typescript,Low,1,0,0,False,0,False,1,Complex Serverless,9,0.888
450017370/cdk.json,AWS CDK,typescript,Low,1,0,0,False,0,False,1,Complex Serverless,9,0.888
470844179/cdk.json,AWS CDK,typescript,Low,1,0,0,False,0,False,1,Complex Serverless,9,0.888
457284028/cdk.json,AWS CDK,typescript,Low,1,0,0,False,0,False,1,Complex Serverless,9,0.888
435223093/Serverless:CDK/serverless-patterns/cdk-appsync-sns/cdk/cdk.json,AWS CDK,typescript,Low,1,0,0,False,0,False,1,Complex Serverless,9,0.888
450014999/cdk.json,AWS CDK,typescript,Low,1,0,0,False,0,False,1,Complex Serverless,9,0.888
338322585/cdk-appsync-sns/cdk/cdk.json,AWS CDK,typescript,Low,1,0,0,False,0,False,1,Complex Serverless,9,0.888
396212068/cdk.json,AWS CDK,typescript,Low,1,0,0,False,0,False,1,Complex Serverless,9,0.888
175710385/cdk.json,AWS CDK,javascript,Low,1,0,0,False,0,False,1,Complex Serverless,9,0.888
497668388/cdktf/cdktf.json,CDKTF,typescript,Low,1,0,0,False,0,False,0,CDKTF Infrastructure,2,0.861
341608763/cdktf.json,CDKTF,typescript,Low,1,0,0,False,0,False,0,CDKTF Infrastructure,2,0.861
394806514/.aws/cdktf.json,CDKTF,typescript,Low,1,0,0,False,0,False,0,CDKTF Infrastructure,2,0.861
467937785/cdktf.json,CDKTF,typescript,Low,1,0,0,False,0,False,0,CDKTF Infrastructure,2,0.861
335261810/cdktf.json,CDKTF,typescript,Low,1,0,0,False,0,False,0,CDKTF Infrastructure,2,0.861
297654956/cdktf.json,CDKTF,python,Low,1,0,0,False,0,False,0,CDKTF Infrastructure,2,0.861
285086816/cdktf.json,CDKTF,typescript,Low,1,0,0,False,0,False,0,CDKTF Infrastructure,2,0.861
414999541/hello-terraform/cdktf.json,CDKTF,python,Low,1,0,0,False,0,False,0,CDKTF Infrastructure,2,0.861
349911042/terraform/learn-cdktf-typescript/cdktf.json,CDKTF,typescript,Low,1,0,0,False,0,False,0,CDKTF Infrastructure,2,0.861
349911042/terraform/learn-cdktf-docker/cdktf.json,CDKTF,typescript,Low,1,0,0,False,0,False,0,CDKTF Infrastructure,2,0.861
477771435/docker/cdktf.json,CDKTF,python,Low,1,0,0,False,0,False,0,CDKTF Infrastructure,2,0.861
477771435/gcp/cdktf.json,CDKTF,python,Low,1,0,0,False,0,False,0,CDKTF Infrastructure,2,0.861
457532486/examples/typescript/cdktf.json,CDKTF,typescript,Low,1,0,0,False,0,False,0,CDKTF Infrastructure,2,0.861
499665879/apps/fe/infrastructure/cdktf.json,CDKTF,typescript,Low,1,0,0,False,0,False,0,CDKTF Infrastructure,2,0.861
499665879/apps/api/infrastructure/cdktf.json,CDKTF,typescript,Low,1,0,0,False,0,False,0,CDKTF Infrastructure,2,0.861
499665879/apps/deployment/cdktf.json,CDKTF,typescript,Low,1,0,0,False,0,False,0,CDKTF Infrastructure,2,0.861
449163185/Infrastructure/cdktf.json,CDKTF,typescript,Low,1,0,0,False,0,False,0,CDKTF Infrastructure,2,0.861
481998124/labs/infra/google-cloudrun/cdktf.json,CDKTF,typescript,Low,1,0,0,False,0,False,0,CDKTF Infrastructure,2,0.861
481998124/src/infra/packages/team-search/cdktf.json,CDKTF,typescript,Low,1,0,0,False,0,False,0,CDKTF Infrastructure,2,0.861
486802946/cdktf.json,CDKTF,typescript,Low,1,0,0,False,0,False,0,CDKTF Infrastructure,2,0.861
491570863/cdktf.json,CDKTF,python,Low,1,0,0,False,0,False,0,CDKTF Infrastructure,2,0.861
334895636/cdktf.json,CDKTF,typescript,Low,1,0,0,False,0,False,0,CDKTF Infrastructure,2,0.861
515841184/terraform/modules_src/network/cdktf.json,CDKTF,python,Low,1,0,0,False,0,False,0,CDKTF Infrastructure,2,0.861
45236795/terraform/learn-cdktf-typescript/cdktf.json,CDKTF,typescript,Low,1,0,0,False,0,False,0,CDKTF Infrastructure,2,0.861
288479490/cdktf.json,CDKTF,typescript,Low,1,0,0,False,0,False,0,CDKTF Infrastructure,2,0.861
321115068/hello-terraform/cdktf.json,CDKTF,python,Low,1,0,0,False,0,False,0,CDKTF Infrastructure,2,0.861
455131581/cdktf-go/cdktf.json,CDKTF,go,Low,1,0,0,False,0,False,0,CDKTF Infrastructure,2,0.861
302649295/cdktf.json,CDKTF,typescript,Low,1,0,0,False,0,False,0,CDKTF Infrastructure,2,0.861
321063340/aws/cdktf.json,CDKTF,typescript,Low,1,0,0,False,0,False,0,CDKTF Infrastructure,2,0.861
397883979/terraform-cdk/examples/typescript/docker/cdktf.json,CDKTF,typescript,Low,1,0,0,False,0,False,0,CDKTF Infrastructure,2,0.861
397883979/terraform-cdk/examples/typescript/google-cloudrun/cdktf.json,CDKTF,typescript,Low,1,0,0,False,0,False,0,CDKTF Infrastructure,2,0.861
397883979/terraform-cdk/examples/typescript/ucloud/cdktf.json,CDKTF,typescript,Low,1,0,0,False,0,False,0,CDKTF Infrastructure,2,0.861
397883979/terraform-cdk/examples/typescript/backends/remote/cdktf.json,CDKTF,typescript,Low,1,0,0,False,0,False,0,CDKTF Infrastructure,2,0.861
397883979/terraform-cdk/examples/typescript/backends/gcs/cdktf.json,CDKTF,typescript,Low,1,0,0,False,0,False,0,CDKTF Infrastructure,2,0.861
397883979/terraform-cdk/examples/typescript/backends/azurerm/cdktf.json,CDKTF,typescript,Low,1,0,0,False,0,False,0,CDKTF Infrastructure,2,0.861
397883979/terraform-cdk/examples/typescript/backends/s3/cdktf.json,CDKTF,typescript,Low,1,0,0,False,0,False,0,CDKTF Infrastructure,2,0.861
397883979/terraform-cdk/examples/typescript/aws-prebuilt/cdktf.json,CDKTF,javascript,Low,1,0,0,False,0,False,0,CDKTF Infrastructure,2,0.861
397883979/terraform-cdk/examples/typescript/aws-cloudfront-proxy/cdktf.json,CDKTF,typescript,Low,1,0,0,False,0,False,0,CDKTF Infrastructure,2,0.861
397883979/terraform-cdk/examples/typescript/azure-app-service/cdktf.json,CDKTF,typescript,Low,1,0,0,False,0,False,0,CDKTF Infrastructure,2,0.861
397883979/terraform-cdk/examples/typescript/azure/cdktf.json,CDKTF,typescript,Low,1,0,0,False,0,False,0,CDKTF Infrastructure,2,0.861
397883979/terraform-cdk/examples/typescript/kubernetes/cdktf.json,CDKTF,typescript,Low,1,0,0,False,0,False,0,CDKTF Infrastructure,2,0.861
397883979/terraform-cdk/examples/typescript/vault/cdktf.json,CDKTF,typescript,Low,1,0,0,False,0,False,0,CDKTF Infrastructure,2,0.861
397883979/terraform-cdk/examples/typescript/aws-multiple-stacks/cdktf.json,CDKTF,typescript,Low,1,0,0,False,0,False,0,CDKTF Infrastructure,2,0.861
397883979/terraform-cdk/examples/typescript/google/cdktf.json,CDKTF,typescript,Low,1,0,0,False,0,False,0,CDKTF Infrastructure,2,0.861
397883979/terraform-cdk/examples/csharp/ucloud/cdktf.json,CDKTF,csharp,Low,1,0,0,False,0,False,0,CDKTF Infrastructure,2,0.861
397883979/terraform-cdk/examples/csharp/azure/cdktf.json,CDKTF,csharp,Low,1,0,0,False,0,False,0,CDKTF Infrastructure,2,0.861
397883979/terraform-cdk/examples/csharp/aws/cdktf.json,CDKTF,csharp,Low,1,0,0,False,0,False,0,CDKTF Infrastructure,2,0.861
397883979/terraform-cdk/examples/csharp/google/cdktf.json,CDKTF,csharp,Low,1,0,0,False,0,False,0,CDKTF Infrastructure,2,0.861
397883979/terraform-cdk/examples/python/docker/cdktf.json,CDKTF,python,Low,1,0,0,False,0,False,0,CDKTF Infrastructure,2,0.861
397883979/terraform-cdk/examples/python/ucloud/cdktf.json,CDKTF,python,Low,1,0,0,False,0,False,0,CDKTF Infrastructure,2,0.861
397883979/terraform-cdk/examples/python/azure/cdktf.json,CDKTF,python,Low,1,0,0,False,0,False,0,CDKTF Infrastructure,2,0.861
397883979/terraform-cdk/examples/python/aws/cdktf.json,CDKTF,python,Low,1,0,0,False,0,False,0,CDKTF Infrastructure,2,0.861
397883979/terraform-cdk/examples/python/kubernetes/cdktf.json,CDKTF,python,Low,1,0,0,False,0,False,0,CDKTF Infrastructure,2,0.861
397883979/terraform-cdk/examples/python/aws-eks/cdktf.json,CDKTF,python,Low,1,0,0,False,0,False,0,CDKTF Infrastructure,2,0.861
397883979/terraform-cdk/examples/python/google/cloud-function/cdktf.json,CDKTF,python,Low,1,0,0,False,0,False,0,CDKTF Infrastructure,2,0.861
397883979/terraform-cdk/examples/go/docker/cdktf.json,CDKTF,go,Low,1,0,0,False,0,False,0,CDKTF Infrastructure,2,0.861
397883979/terraform-cdk/examples/go/ucloud/cdktf.json,CDKTF,go,Low,1,0,0,False,0,False,0,CDKTF Infrastructure,2,0.861
397883979/terraform-cdk/examples/go/aws/cdktf.json,CDKTF,go,Low,1,0,0,False,0,False,0,CDKTF Infrastructure,2,0.861
397883979/terraform-cdk/examples/go/google/cdktf.json,CDKTF,go,Low,1,0,0,False,0,False,0,CDKTF Infrastructure,2,0.861
397883979/terraform-cdk/examples/java/ucloud/cdktf.json,CDKTF,java,Low,1,0,0,False,0,False,0,CDKTF Infrastructure,2,0.861
397883979/terraform-cdk/examples/java/gradle-shared-module/common/cdktf.json,CDKTF,java,Low,1,0,0,False,0,False,0,CDKTF Infrastructure,2,0.861
397883979/terraform-cdk/examples/java/gradle-shared-module/module-a/cdktf.json,CDKTF,java,Low,1,0,0,False,0,False,0,CDKTF Infrastructure,2,0.861
397883979/terraform-cdk/examples/java/gradle-shared-module/module-b/cdktf.json,CDKTF,java,Low,1,0,0,False,0,False,0,CDKTF Infrastructure,2,0.861
397883979/terraform-cdk/examples/java/azure/cdktf.json,CDKTF,java,Low,1,0,0,False,0,False,0,CDKTF Infrastructure,2,0.861
397883979/terraform-cdk/examples/java/aws/cdktf.json,CDKTF,java,Low,1,0,0,False,0,False,0,CDKTF Infrastructure,2,0.861
397883979/terraform-cdk/examples/java/kubernetes/cdktf.json,CDKTF,java,Low,1,0,0,False,0,False,0,CDKTF Infrastructure,2,0.861
397883979/terraform-cdk/examples/java/google/cdktf.json,CDKTF,java,Low,1,0,0,False,0,False,0,CDKTF Infrastructure,2,0.861
397883979/terraform-cdk/test/typescript/init-with-colors/cdktf.json,CDKTF,typescript,Low,1,0,0,False,0,False,0,CDKTF Infrastructure,2,0.861
490214432/src/cdktf.json,CDKTF,typescript,Low,1,0,0,False,0,False,0,CDKTF Infrastructure,2,0.861
342192373/cdktf.json,CDKTF,typescript,Low,1,0,0,False,0,False,0,CDKTF Infrastructure,2,0.861
515018046/cdktf.json,CDKTF,typescript,Low,1,0,0,False,0,False,0,CDKTF Infrastructure,2,0.861
341267466/cdktf.json,CDKTF,typescript,Low,1,0,0,False,0,False,0,CDKTF Infrastructure,2,0.861
347046708/cdktf.json,CDKTF,python,Low,1,0,0,False,0,False,0,CDKTF Infrastructure,2,0.861
378251313/cdktf.json,CDKTF,typescript,Low,1,0,0,False,0,False,0,CDKTF Infrastructure,2,0.861
312815465/datadog/cdktf.json,CDKTF,python,Low,1,0,0,False,0,False,0,CDKTF Infrastructure,2,0.861
312815465/aws/cdktf.json,CDKTF,python,Low,1,0,0,False,0,False,0,CDKTF Infrastructure,2,0.861
479817571/cdktf.json,CDKTF,typescript,Low,1,0,0,False,0,False,0,CDKTF Infrastructure,2,0.861
281492197/deployment/cdktf.json,CDKTF,typescript,Low,1,0,0,False,0,False,0,CDKTF Infrastructure,2,0.861
494288276/cdktf.json,CDKTF,python,Low,1,0,0,False,0,False,0,CDKTF Infrastructure,2,0.861
401518726/.aws/cdktf.json,CDKTF,typescript,Low,1,0,0,False,0,False,0,CDKTF Infrastructure,2,0.861
338921368/cdktf.json,CDKTF,csharp,Low,1,0,0,False,0,False,0,CDKTF Infrastructure,2,0.861
339159287/cdktf.json,CDKTF,typescript,Low,1,0,0,False,0,False,0,CDKTF Infrastructure,2,0.861
469614257/cdktf.json,CDKTF,python,Low,1,0,0,False,0,False,0,CDKTF Infrastructure,2,0.861
407501931/cdktf.json,CDKTF,typescript,Low,1,0,0,False,0,False,0,CDKTF Infrastructure,2,0.861
406906138/cdktf.json,CDKTF,typescript,Low,1,0,0,False,0,False,0,CDKTF Infrastructure,2,0.861
490028635/src/cdktf/cdktf.json,CDKTF,typescript,Low,1,0,0,False,0,False,0,CDKTF Infrastructure,2,0.861
501573914/cdktf.json,CDKTF,typescript,Low,1,0,0,False,0,False,0,CDKTF Infrastructure,2,0.861
413976847/cdktf.json,CDKTF,typescript,Low,1,0,0,False,0,False,0,CDKTF Infrastructure,2,0.861
474259313/manage-org/cdktf.json,CDKTF,typescript,Low,1,0,0,False,0,False,0,CDKTF Infrastructure,2,0.861
522423042/cdktf.json,CDKTF,typescript,Low,1,0,0,False,0,False,0,CDKTF Infrastructure,2,0.861
425234599/ec2-nginx/cdktf.json,CDKTF,typescript,Low,1,0,0,False,0,False,0,CDKTF Infrastructure,2,0.861
402175176/cdktf.json,CDKTF,python,Low,1,0,0,False,0,False,0,CDKTF Infrastructure,2,0.861
257000021/20_cdk/cdktf.json,CDKTF,typescript,Low,1,0,0,False,0,False,0,CDKTF Infrastructure,2,0.861
337698407/Cdk-For-Terraform/cdktf.json,CDKTF,typescript,Low,1,0,0,False,0,False,0,CDKTF Infrastructure,2,0.861
384453595/AWS-Experiment3/cdktf.json,CDKTF,typescript,Low,1,0,0,False,0,False,0,CDKTF Infrastructure,2,0.861
386395160/dynamic-module-composition/cdktf.json,CDKTF,python,Low,1,0,0,False,0,False,0,CDKTF Infrastructure,2,0.861
386395160/post-provision-steps/cdktf.json,CDKTF,python,Low,1,0,0,False,0,False,0,CDKTF Infrastructure,2,0.861
386395160/dynamic-resource-attributes/cdktf.json,CDKTF,python,Low,1,0,0,False,0,False,0,CDKTF Infrastructure,2,0.861
386395160/external-configuration-integration/cdktf.json,CDKTF,python,Low,1,0,0,False,0,False,0,CDKTF Infrastructure,2,0.861
506644131/cdktf.json,CDKTF,typescript,Low,1,0,0,False,0,False,0,CDKTF Infrastructure,2,0.861
491666195/cdktf.json,CDKTF,typescript,Low,1,0,0,False,0,False,0,CDKTF Infrastructure,2,0.861
395581562/cdktf.json,CDKTF,typescript,Low,1,0,0,False,0,False,0,CDKTF Infrastructure,2,0.861
425363148/cdktf.json,CDKTF,typescript,Low,1,0,0,False,0,False,0,CDKTF Infrastructure,2,0.861
307450415/.aws/cdktf.json,CDKTF,typescript,Low,1,0,0,False,0,False,0,CDKTF Infrastructure,2,0.861
411838180/stacks/cdk-state/cdktf.json,CDKTF,python,Low,1,0,0,False,0,False,0,CDKTF Infrastructure,2,0.861
411838180/stacks/example-site/cdktf.json,CDKTF,python,Low,1,0,0,False,0,False,0,CDKTF Infrastructure,2,0.861
411838180/templates/stack/cdktf.json,CDKTF,python,Low,1,0,0,False,0,False,0,CDKTF Infrastructure,2,0.861
491161514/cdktf.json,CDKTF,typescript,Low,1,0,0,False,0,False,0,CDKTF Infrastructure,2,0.861
451965890/cdktf.json,CDKTF,typescript,Low,1,0,0,False,0,False,0,CDKTF Infrastructure,2,0.861
318328759/tfcdk/cdktf.json,CDKTF,python,Low,1,0,0,False,0,False,0,CDKTF Infrastructure,2,0.861
460407892/terraform-course/cdktf-go/cdktf.json,CDKTF,go,Low,1,0,0,False,0,False,0,CDKTF Infrastructure,2,0.861
284776801/cdktf.json,CDKTF,typescript,Low,1,0,0,False,0,False,0,CDKTF Infrastructure,2,0.861
292925745/cdktf.json,CDKTF,javascript,Low,1,0,0,False,0,False,0,CDKTF Infrastructure,2,0.861
294700861/IaC/cdktf/cdktf.json,CDKTF,typescript,Low,1,0,0,False,0,False,0,CDKTF Infrastructure,2,0.861
348353800/cdktf.json,CDKTF,typescript,Low,1,0,0,False,0,False,0,CDKTF Infrastructure,2,0.861
504995909/cdktf.json,CDKTF,typescript,Low,1,0,0,False,0,False,0,CDKTF Infrastructure,2,0.861
485731835/cdktf.json,CDKTF,java,Low,1,0,0,False,0,False,0,CDKTF Infrastructure,2,0.861
435789331/cdktf.json,CDKTF,typescript,Low,1,0,0,False,0,False,0,CDKTF Infrastructure,2,0.861
451330658/cdktf-lightsail-starter/cdktf.json,CDKTF,typescript,Low,1,0,0,False,0,False,0,CDKTF Infrastructure,2,0.861
490470177/cdktf-go/cdktf.json,CDKTF,go,Low,1,0,0,False,0,False,0,CDKTF Infrastructure,2,0.861
424728527/terraform/cdktf.json,CDKTF,typescript,Low,1,0,0,False,0,False,0,CDKTF Infrastructure,2,0.861
284163224/examples/cdk/cdktf.json,CDKTF,typescript,Low,1,0,0,False,0,False,0,CDKTF Infrastructure,2,0.861
349485950/cdktf/ec2-instacne/cdktf.json,CDKTF,python,Low,1,0,0,False,0,False,0,CDKTF Infrastructure,2,0.861
450609255/cdktf/cdktf.json,CDKTF,typescript,Low,1,0,0,False,0,False,0,CDKTF Infrastructure,2,0.861
294213213/cdktf.json,CDKTF,typescript,Low,1,0,0,False,0,False,0,CDKTF Infrastructure,2,0.861
301224600/cdktf.json,CDKTF,typescript,Low,1,0,0,False,0,False,0,CDKTF Infrastructure,2,0.861
404435893/cdktf.json,CDKTF,csharp,Low,1,0,0,False,0,False,0,CDKTF Infrastructure,2,0.861
482952353/simple-alb-ec2-pipeline/cdktf.json,CDKTF,typescript,Low,1,0,0,False,0,False,0,CDKTF Infrastructure,2,0.861
482952353/localfile_poc/cdktf.json,CDKTF,typescript,Low,1,0,0,False,0,False,0,CDKTF Infrastructure,2,0.861
482952353/terraform-autoscaling/cdktf.json,CDKTF,typescript,Low,1,0,0,False,0,False,0,CDKTF Infrastructure,2,0.861
323649889/cdktf.json,CDKTF,typescript,Low,1,0,0,False,0,False,0,CDKTF Infrastructure,2,0.861
451644798/cdktf.json,CDKTF,typescript,Low,1,0,0,False,0,False,0,CDKTF Infrastructure,2,0.861
284747152/terraform/cdktf.json,CDKTF,typescript,Low,1,0,0,False,0,False,0,CDKTF Infrastructure,2,0.861
381219200/Hybrid_Cluster/terraform/create-cluster-azure/cdktf.json,CDKTF,python,Low,1,0,0,False,0,False,0,CDKTF Infrastructure,2,0.861
291792258/cdktf.json,CDKTF,typescript,Low,1,0,0,False,0,False,0,CDKTF Infrastructure,2,0.861
428077828/cdktf.json,CDKTF,python,Low,1,0,0,False,0,False,0,CDKTF Infrastructure,2,0.861
377857955/infrastructure/cdktf.json,CDKTF,typescript,Low,1,0,0,False,0,False,0,CDKTF Infrastructure,2,0.861
421485063/cdktf.json,CDKTF,typescript,Low,1,0,0,False,0,False,0,CDKTF Infrastructure,2,0.861
491176892/cdktf.json,CDKTF,typescript,Low,1,0,0,False,0,False,0,CDKTF Infrastructure,2,0.861
493748288/cdktf.json,CDKTF,python,Low,1,0,0,False,0,False,0,CDKTF Infrastructure,2,0.861
403259541/cdktf/docker/cdktf.json,CDKTF,typescript,Low,1,0,0,False,0,False,0,CDKTF Infrastructure,2,0.861
424093555/cdktf-aws-ec2-tutorial/cdktf.json,CDKTF,python,Low,1,0,0,False,0,False,0,CDKTF Infrastructure,2,0.861
352131843/typescript-aws/cdktf.json,CDKTF,typescript,Low,1,0,0,False,0,False,0,CDKTF Infrastructure,2,0.861
352131843/typescript-docker/cdktf.json,CDKTF,typescript,Low,1,0,0,False,0,False,0,CDKTF Infrastructure,2,0.861
462663907/cdktf.json,CDKTF,typescript,Low,1,0,0,False,0,False,0,CDKTF Infrastructure,2,0.861
462663907/examples/nginx-react-container/cdktf.json,CDKTF,typescript,Low,1,0,0,False,0,False,0,CDKTF Infrastructure,2,0.861
462663907/examples/ssm-parameter/cdktf.json,CDKTF,typescript,Low,1,0,0,False,0,False,0,CDKTF Infrastructure,2,0.861
462663907/examples/s3-bucket/cdktf.json,CDKTF,typescript,Low,1,0,0,False,0,False,0,CDKTF Infrastructure,2,0.861
462663907/examples/nginx-react-ecs/cdktf.json,CDKTF,typescript,Low,1,0,0,False,0,False,0,CDKTF Infrastructure,2,0.861
462663907/examples/nginx-base-container/cdktf.json,CDKTF,typescript,Low,1,0,0,False,0,False,0,CDKTF Infrastructure,2,0.861
454080252/terraform-course/cdktf-go/cdktf.json,CDKTF,go,Low,1,0,0,False,0,False,0,CDKTF Infrastructure,2,0.861
449760612/cdktf-go/cdktf.json,CDKTF,go,Low,1,0,0,False,0,False,0,CDKTF Infrastructure,2,0.861
468594023/cdktf.json,CDKTF,typescript,Low,1,0,0,False,0,False,0,CDKTF Infrastructure,2,0.861
496857557/cdktf.json,CDKTF,typescript,Low,1,0,0,False,0,False,0,CDKTF Infrastructure,2,0.861
268558584/devops/terraform/cdktf.json,CDKTF,typescript,Low,1,0,0,False,0,False,0,CDKTF Infrastructure,2,0.861
360012297/cdktf.json,CDKTF,typescript,Low,1,0,0,False,0,False,0,CDKTF Infrastructure,2,0.861
517973473/cdktf-go/cdktf.json,CDKTF,go,Low,1,0,0,False,0,False,0,CDKTF Infrastructure,2,0.861
521404888/stack/cloud/azure/cdktf.json,CDKTF,typescript,Low,1,0,0,False,0,False,0,CDKTF Infrastructure,2,0.861
521404888/stack/cloud/aws/cdktf.json,CDKTF,typescript,Low,1,0,0,False,0,False,0,CDKTF Infrastructure,2,0.861
521224294/infrastructure/cdktf/cdktf.json,CDKTF,typescript,Low,1,0,0,False,0,False,0,CDKTF Infrastructure,2,0.861
515838662/terraform-course/cdktf-go/cdktf.json,CDKTF,go,Low,1,0,0,False,0,False,0,CDKTF Infrastructure,2,0.861
489035072/examples/constructs/cdktf.json,CDKTF,typescript,Low,1,0,0,False,0,False,0,CDKTF Infrastructure,2,0.861
95771796/CDK/TerraformCDK/cdktf.json,CDKTF,python,Low,1,0,0,False,0,False,0,CDKTF Infrastructure,2,0.861
342344254/cdktf.json,CDKTF,typescript,Low,1,0,0,False,0,False,0,CDKTF Infrastructure,2,0.861
285778764/02-smalltown/cdktf.json,CDKTF,python,Low,1,0,0,False,0,False,0,CDKTF Infrastructure,2,0.861
285778764/03-otto-neil/google-cloudrun/cdktf.json,CDKTF,typescript,Low,1,0,0,False,0,False,0,CDKTF Infrastructure,2,0.861
285778764/03-otto-neil/azure-app-service-docker/cdktf.json,CDKTF,typescript,Low,1,0,0,False,0,False,0,CDKTF Infrastructure,2,0.861
285778764/03-otto-neil/aws-ecs-fargate/cdktf.json,CDKTF,typescript,Low,1,0,0,False,0,False,0,CDKTF Infrastructure,2,0.861
285778764/03-otto-neil/alibaba/cdktf.json,CDKTF,typescript,Low,1,0,0,False,0,False,0,CDKTF Infrastructure,2,0.861
428960103/cdktf.json,CDKTF,go,Low,1,0,0,False,0,False,0,CDKTF Infrastructure,2,0.861
415803926/Terraform/Docker/wikijs/cdktf.json,CDKTF,python,Low,1,0,0,False,0,False,0,CDKTF Infrastructure,2,0.861
415803926/Terraform/Docker/wikijs/volumes/cdktf.json,CDKTF,python,Low,1,0,0,False,0,False,0,CDKTF Infrastructure,2,0.861
415803926/Terraform/Docker/Bind9cdktf/cdktf.json,CDKTF,python,Low,1,0,0,False,0,False,0,CDKTF Infrastructure,2,0.861
502955623/cdktf.json,CDKTF,typescript,Low,1,0,0,False,0,False,0,CDKTF Infrastructure,2,0.861
458282403/.aws/cdktf.json,CDKTF,typescript,Low,1,0,0,False,0,False,0,CDKTF Infrastructure,2,0.861
327389727/cdktf.json,CDKTF,typescript,Low,1,0,0,False,0,False,0,CDKTF Infrastructure,2,0.861
292245759/cdktf.json,CDKTF,python,Low,1,0,0,False,0,False,0,CDKTF Infrastructure,2,0.861
326126962/cognito-api-lambda/cdktf.json,CDKTF,typescript,Low,1,0,0,False,0,False,0,CDKTF Infrastructure,2,0.861
356022120/cdktf.json,CDKTF,typescript,Low,1,0,0,False,0,False,0,CDKTF Infrastructure,2,0.861
372715113/cdk-qhub-example/cdktf.json,CDKTF,python,Low,1,0,0,False,0,False,0,CDKTF Infrastructure,2,0.861
475963046/cdktf.json,CDKTF,typescript,Low,1,0,0,False,0,False,0,CDKTF Infrastructure,2,0.861
288243833/examples/typescript/docker/cdktf.json,CDKTF,typescript,Low,1,0,0,False,0,False,0,CDKTF Infrastructure,2,0.861
288243833/examples/typescript/google-cloudrun/cdktf.json,CDKTF,typescript,Low,1,0,0,False,0,False,0,CDKTF Infrastructure,2,0.861
288243833/examples/typescript/backends/remote/cdktf.json,CDKTF,typescript,Low,1,0,0,False,0,False,0,CDKTF Infrastructure,2,0.861
288243833/examples/typescript/backends/gcs/cdktf.json,CDKTF,typescript,Low,1,0,0,False,0,False,0,CDKTF Infrastructure,2,0.861
288243833/examples/typescript/backends/azurerm/cdktf.json,CDKTF,typescript,Low,1,0,0,False,0,False,0,CDKTF Infrastructure,2,0.861
288243833/examples/typescript/backends/s3/cdktf.json,CDKTF,typescript,Low,1,0,0,False,0,False,0,CDKTF Infrastructure,2,0.861
288243833/examples/typescript/aws-cloudfront-proxy/cdktf.json,CDKTF,typescript,Low,1,0,0,False,0,False,0,CDKTF Infrastructure,2,0.861
288243833/examples/typescript/azure/cdktf.json,CDKTF,typescript,Low,1,0,0,False,0,False,0,CDKTF Infrastructure,2,0.861
288243833/examples/typescript/aws/cdktf.json,CDKTF,typescript,Low,1,0,0,False,0,False,0,CDKTF Infrastructure,2,0.861
288243833/examples/typescript/kubernetes/cdktf.json,CDKTF,typescript,Low,1,0,0,False,0,False,0,CDKTF Infrastructure,2,0.861
288243833/examples/typescript/vault/cdktf.json,CDKTF,typescript,Low,1,0,0,False,0,False,0,CDKTF Infrastructure,2,0.861
288243833/examples/typescript/google/cdktf.json,CDKTF,typescript,Low,1,0,0,False,0,False,0,CDKTF Infrastructure,2,0.861
288243833/examples/python/docker/cdktf.json,CDKTF,python,Low,1,0,0,False,0,False,0,CDKTF Infrastructure,2,0.861
288243833/examples/python/aws/cdktf.json,CDKTF,python,Low,1,0,0,False,0,False,0,CDKTF Infrastructure,2,0.861
288243833/examples/python/kubernetes/cdktf.json,CDKTF,python,Low,1,0,0,False,0,False,0,CDKTF Infrastructure,2,0.861
288243833/test/test-init-with-colors/cdktf.json,CDKTF,typescript,Low,1,0,0,False,0,False,0,CDKTF Infrastructure,2,0.861
413695970/terraform-stackit-cdk/cdktf.json,CDKTF,go,Low,1,0,0,False,0,False,0,CDKTF Infrastructure,2,0.861
492814286/infra/infra_rds/cdktf.json,CDKTF,python,Low,1,0,0,False,0,False,0,CDKTF Infrastructure,2,0.861
492814286/infra/infra_rds_typscript/cdktf.json,CDKTF,typescript,Low,1,0,0,False,0,False,0,CDKTF Infrastructure,2,0.861
367439169/infrastructure/cdktf.json,CDKTF,typescript,Low,1,0,0,False,0,False,0,CDKTF Infrastructure,2,0.861
405227388/cloud-function/cdktf.json,CDKTF,typescript,Low,1,0,0,False,0,False,0,CDKTF Infrastructure,2,0.861
520515585/cdktf.json,CDKTF,typescript,Low,1,0,0,False,0,False,0,CDKTF Infrastructure,2,0.861
494376578/cdktf.json,CDKTF,typescript,Low,1,0,0,False,0,False,0,CDKTF Infrastructure,2,0.861
327477996/cdktf.json,CDKTF,typescript,Low,1,0,0,False,0,False,0,CDKTF Infrastructure,2,0.861
458016325/learn-cdktf-docker-python/cdktf.json,CDKTF,python,Low,1,0,0,False,0,False,0,CDKTF Infrastructure,2,0.861
458016325/learn-cdktf-docker/cdktf.json,CDKTF,typescript,Low,1,0,0,False,0,False,0,CDKTF Infrastructure,2,0.861
466382049/cdktf/cdktf.json,CDKTF,go,Low,1,0,0,False,0,False,0,CDKTF Infrastructure,2,0.861
286574771/cdktf.json,CDKTF,typescript,Low,1,0,0,False,0,False,0,CDKTF Infrastructure,2,0.861
316120809/infra/cdktf.json,CDKTF,typescript,Low,1,0,0,False,0,False,0,CDKTF Infrastructure,2,0.861
491161491/cdktf.json,CDKTF,typescript,Low,1,0,0,False,0,False,0,CDKTF Infrastructure,2,0.861
522167806/cdktf.json,CDKTF,go,Low,1,0,0,False,0,False,0,CDKTF Infrastructure,2,0.861
373490216/cdktf.json,CDKTF,go,Low,1,0,0,False,0,False,0,CDKTF Infrastructure,2,0.861
360159096/google-v2/cdktf.json,CDKTF,typescript,Low,1,0,0,False,0,False,0,CDKTF Infrastructure,2,0.861
283715784/cdktf.json,CDKTF,typescript,Low,1,0,0,False,0,False,0,CDKTF Infrastructure,2,0.861
442814197/infrastructure/cdktf.json,CDKTF,typescript,Low,1,0,0,False,0,False,0,CDKTF Infrastructure,2,0.861
478202378/cdktf.json,CDKTF,python,Low,1,0,0,False,0,False,0,CDKTF Infrastructure,2,0.861
468907799/04-k8s-cdktf-cli/cdktf.json,CDKTF,typescript,Low,1,0,0,False,0,False,0,CDKTF Infrastructure,2,0.861
468828538/cdktf.json,CDKTF,python,Low,1,0,0,False,0,False,0,CDKTF Infrastructure,2,0.861
425972023/.aws/cdktf.json,CDKTF,typescript,Low,1,0,0,False,0,False,0,CDKTF Infrastructure,2,0.861
417952100/cdktf.json,CDKTF,typescript,Low,1,0,0,False,0,False,0,CDKTF Infrastructure,2,0.861
416376923/GoTerraformCDK/cdktf.json,CDKTF,go,Low,1,0,0,False,0,False,0,CDKTF Infrastructure,2,0.861
506578350/cdktf-go/cdktf.json,CDKTF,go,Low,1,0,0,False,0,False,0,CDKTF Infrastructure,2,0.861
410092872/cdktf.json,CDKTF,typescript,Low,1,0,0,False,0,False,0,CDKTF Infrastructure,2,0.861
493815008/cdktf.json,CDKTF,python,Low,1,0,0,False,0,False,0,CDKTF Infrastructure,2,0.861
515978042/cdktf.json,CDKTF,typescript,Low,1,0,0,False,0,False,0,CDKTF Infrastructure,2,0.861
510158191/cdktf.json,CDKTF,go,Low,1,0,0,False,0,False,0,CDKTF Infrastructure,2,0.861
379362495/py/first-python-terraform/cdktf.json,CDKTF,python,Low,1,0,0,False,0,False,0,CDKTF Infrastructure,2,0.861
334498904/cdktf.json,CDKTF,typescript,Low,1,0,0,False,0,False,0,CDKTF Infrastructure,2,0.861
286573694/cdktf.json,CDKTF,typescript,Low,1,0,0,False,0,False,0,CDKTF Infrastructure,2,0.861
303570736/cdktf.json,CDKTF,typescript,Low,1,0,0,False,0,False,0,CDKTF Infrastructure,2,0.861
120629980/cdktf_azure_sentiment_ml/infra/cdktf.json,CDKTF,python,Low,1,0,0,False,0,False,0,CDKTF Infrastructure,2,0.861
120629980/aks_seldon/infra/cdktf.json,CDKTF,python,Low,1,0,0,False,0,False,0,CDKTF Infrastructure,2,0.861
413863160/.aws/cdktf.json,CDKTF,typescript,Low,1,0,0,False,0,False,0,CDKTF Infrastructure,2,0.861
353799724/infra/cdktf.json,CDKTF,typescript,Low,1,0,0,False,0,False,0,CDKTF Infrastructure,2,0.861
506180876/cdktf.json,CDKTF,go,Low,1,0,0,False,0,False,0,CDKTF Infrastructure,2,0.861
431571552/.aws/cdktf.json,CDKTF,typescript,Low,1,0,0,False,0,False,0,CDKTF Infrastructure,2,0.861
407860144/cdktf/azure/storage-stack/cdktf.json,CDKTF,python,Low,1,0,0,False,0,False,0,CDKTF Infrastructure,2,0.861
310555925/cdktf.json,CDKTF,typescript,Low,1,0,0,False,0,False,0,CDKTF Infrastructure,2,0.861
489426680/.aws/cdktf.json,CDKTF,typescript,Low,1,0,0,False,0,False,0,CDKTF Infrastructure,2,0.861
357779194/cdktf.json,CDKTF,typescript,Low,1,0,0,False,0,False,0,CDKTF Infrastructure,2,0.861
470270508/cdktf.json,CDKTF,typescript,Low,1,0,0,False,0,False,0,CDKTF Infrastructure,2,0.861
392286744/cdktf.json,CDKTF,python,Low,1,0,0,False,0,False,0,CDKTF Infrastructure,2,0.861
238762193/cdktf/cdktf.json,CDKTF,python,Low,1,0,0,False,0,False,0,CDKTF Infrastructure,2,0.861
468242958/cdktf.json,CDKTF,typescript,Low,1,0,0,False,0,False,0,CDKTF Infrastructure,2,0.861
334777333/app/cdktf.json,CDKTF,typescript,Low,1,0,0,False,0,False,0,CDKTF Infrastructure,2,0.861
492031270/cdktf.json,CDKTF,typescript,Low,1,0,0,False,0,False,0,CDKTF Infrastructure,2,0.861
488460506/s3-cdktf/cdktf.json,CDKTF,python,Low,1,0,0,False,0,False,0,CDKTF Infrastructure,2,0.861
488460506/ec2-cdktf/cdktf.json,CDKTF,python,Low,1,0,0,False,0,False,0,CDKTF Infrastructure,2,0.861
488460506/lambda-cdktf/cdktf.json,CDKTF,python,Low,1,0,0,False,0,False,0,CDKTF Infrastructure,2,0.861
493852213/cdktf.json,CDKTF,typescript,Low,1,0,0,False,0,False,0,CDKTF Infrastructure,2,0.861
424148987/simple-web-app/infrastructure/cdktf.json,CDKTF,typescript,Low,1,0,0,False,0,False,0,CDKTF Infrastructure,2,0.861
424148987/cqrs/cdk-tf/cdktf.json,CDKTF,typescript,Low,1,0,0,False,0,False,0,CDKTF Infrastructure,2,0.861
516071087/cdktf.json,CDKTF,typescript,Low,1,0,0,False,0,False,0,CDKTF Infrastructure,2,0.861
492628778/ci/cdktf.json,CDKTF,typescript,Low,1,0,0,False,0,False,0,CDKTF Infrastructure,2,0.861
492628778/ci/archive/iac/ecs-cluster-cdktf/cdktf.json,CDKTF,typescript,Low,1,0,0,False,0,False,0,CDKTF Infrastructure,2,0.861
337089010/cdktf/cdktf.json,CDKTF,python,Low,1,0,0,False,0,False,0,CDKTF Infrastructure,2,0.861
295168556/poly-iac/cdktf-sns-python/cdktf.json,CDKTF,python,Low,1,0,0,False,0,False,0,CDKTF Infrastructure,2,0.861
295168556/poly-iac/cdktf-sns-go/cdktf.json,CDKTF,go,Low,1,0,0,False,0,False,0,CDKTF Infrastructure,2,0.861
295168556/poly-iac/cdktf-sns-ts/cdktf.json,CDKTF,typescript,Low,1,0,0,False,0,False,0,CDKTF Infrastructure,2,0.861
470703232/cdktf.json,CDKTF,go,Low,1,0,0,False,0,False,0,CDKTF Infrastructure,2,0.861
427147980/cdktf.json,CDKTF,typescript,Low,1,0,0,False,0,False,0,CDKTF Infrastructure,2,0.861
418067761/packages/@osakemyrsky-infra/cdktf.json,CDKTF,typescript,Low,1,0,0,False,0,False,0,CDKTF Infrastructure,2,0.861
284401552/cdktf.json,CDKTF,typescript,Low,1,0,0,False,0,False,0,CDKTF Infrastructure,2,0.861
323399760/cdktf.json,CDKTF,typescript,Low,1,0,0,False,0,False,0,CDKTF Infrastructure,2,0.861
495601529/cdktf-go/cdktf.json,CDKTF,go,Low,1,0,0,False,0,False,0,CDKTF Infrastructure,2,0.861
497693546/cdktf.json,CDKTF,typescript,Low,1,0,0,False,0,False,0,CDKTF Infrastructure,2,0.861
343864743/cdktf.json,CDKTF,typescript,Low,1,0,0,False,0,False,0,CDKTF Infrastructure,2,0.861
439070825/cdktf.json,CDKTF,typescript,Low,1,0,0,False,0,False,0,CDKTF Infrastructure,2,0.861
389597926/single-page-application/cdk/cdktf.json,CDKTF,typescript,Low,1,0,0,False,0,False,0,CDKTF Infrastructure,2,0.861
299754542/cdktf.json,CDKTF,python,Low,1,0,0,False,0,False,0,CDKTF Infrastructure,2,0.861
391926836/cdktf.json,CDKTF,python,Low,1,0,0,False,0,False,0,CDKTF Infrastructure,2,0.861
482716512/cdktf.json,CDKTF,typescript,Low,1,0,0,False,0,False,0,CDKTF Infrastructure,2,0.861
332405411/gcp/cdktf.json,CDKTF,typescript,Low,1,0,0,False,0,False,0,CDKTF Infrastructure,2,0.861
469375103/aks/cdktf.json,CDKTF,typescript,Low,1,0,0,False,0,False,0,CDKTF Infrastructure,2,0.861
280673740/cdktf.json,CDKTF,typescript,Low,1,0,0,False,0,False,0,CDKTF Infrastructure,2,0.861
436600847/cdktf.json,CDKTF,typescript,Low,1,0,0,False,0,False,0,CDKTF Infrastructure,2,0.861
290860480/cdktf.json,CDKTF,typescript,Low,1,0,0,False,0,False,0,CDKTF Infrastructure,2,0.861
388858340/tf-typescript/cdktf.json,CDKTF,typescript,Low,1,0,0,False,0,False,0,CDKTF Infrastructure,2,0.861
290853237/cdktf.json,CDKTF,typescript,Low,1,0,0,False,0,False,0,CDKTF Infrastructure,2,0.861
70161585/cdktf-go/cdktf.json,CDKTF,go,Low,1,0,0,False,0,False,0,CDKTF Infrastructure,2,0.861
409525839/cdktf.json,CDKTF,typescript,Low,1,0,0,False,0,False,0,CDKTF Infrastructure,2,0.861
451897595/cdktf.json,CDKTF,typescript,Low,1,0,0,False,0,False,0,CDKTF Infrastructure,2,0.861
409635203/cdktf.json,CDKTF,python,Low,1,0,0,False,0,False,0,CDKTF Infrastructure,2,0.861
452428843/.aws/cdktf.json,CDKTF,typescript,Low,1,0,0,False,0,False,0,CDKTF Infrastructure,2,0.861
491372032/cdktf-go/cdktf.json,CDKTF,go,Low,1,0,0,False,0,False,0,CDKTF Infrastructure,2,0.861
405893282/cdktf.json,CDKTF,typescript,Low,1,0,0,False,0,False,0,CDKTF Infrastructure,2,0.861
468968571/eks/cdktf.json,CDKTF,typescript,Low,1,0,0,False,0,False,0,CDKTF Infrastructure,2,0.861
468968571/eip/cdktf.json,CDKTF,typescript,Low,1,0,0,False,0,False,0,CDKTF Infrastructure,2,0.861
468968571/vpc/cdktf.json,CDKTF,typescript,Low,1,0,0,False,0,False,0,CDKTF Infrastructure,2,0.861
428902716/cdktf.json,CDKTF,typescript,Low,1,0,0,False,0,False,0,CDKTF Infrastructure,2,0.861
408985067/cdktf.json,CDKTF,python,Low,1,0,0,False,0,False,0,CDKTF Infrastructure,2,0.861
522926934/cdktf.json,CDKTF,typescript,Low,1,0,0,False,0,False,0,CDKTF Infrastructure,2,0.861
463503579/cdktf.json,CDKTF,typescript,Low,1,0,0,False,0,False,0,CDKTF Infrastructure,2,0.861
493061081/cdktf.json,CDKTF,typescript,Low,1,0,0,False,0,False,0,CDKTF Infrastructure,2,0.861
521141623/cdktf.json,CDKTF,typescript,Low,1,0,0,False,0,False,0,CDKTF Infrastructure,2,0.861
452422562/cdktf-aws-python/cdktf.json,CDKTF,python,Low,1,0,0,False,0,False,0,CDKTF Infrastructure,2,0.861
479459432/cdktf.json,CDKTF,typescript,Low,1,0,0,False,0,False,0,CDKTF Infrastructure,2,0.861
395695002/cdktf.json,CDKTF,typescript,Low,1,0,0,False,0,False,0,CDKTF Infrastructure,2,0.861
449205156/cdktf.json,CDKTF,typescript,Low,1,0,0,False,0,False,0,CDKTF Infrastructure,2,0.861
413701365/pkg/def-manager/cdktf.json,CDKTF,typescript,Low,1,0,0,False,0,False,0,CDKTF Infrastructure,2,0.861
413701365/pkg/def-env/cdktf.json,CDKTF,typescript,Low,1,0,0,False,0,False,0,CDKTF Infrastructure,2,0.861
493212304/cdktf.json,CDKTF,csharp,Low,1,0,0,False,0,False,0,CDKTF Infrastructure,2,0.861
286576729/cdktf.json,CDKTF,typescript,Low,1,0,0,False,0,False,0,CDKTF Infrastructure,2,0.861
470577258/ec2/cdktf.json,CDKTF,python,Low,1,0,0,False,0,False,0,CDKTF Infrastructure,2,0.861
461231033/cdktf.json,CDKTF,typescript,Low,1,0,0,False,0,False,0,CDKTF Infrastructure,2,0.861
287439078/cdktf.json,CDKTF,typescript,Low,1,0,0,False,0,False,0,CDKTF Infrastructure,2,0.861
480964337/cdktf/cdktf.json,CDKTF,typescript,Low,1,0,0,False,0,False,0,CDKTF Infrastructure,2,0.861
424514891/cdktf.json,CDKTF,typescript,Low,1,0,0,False,0,False,0,CDKTF Infrastructure,2,0.861
304360427/cdktf.json,CDKTF,typescript,Low,1,0,0,False,0,False,0,CDKTF Infrastructure,2,0.861
504284583/ops/cdktf.json,CDKTF,typescript,Low,1,0,0,False,0,False,0,CDKTF Infrastructure,2,0.861
397441736/learn-cdktf-docker/cdktf.json,CDKTF,typescript,Low,1,0,0,False,0,False,0,CDKTF Infrastructure,2,0.861
438549431/cdktf.json,CDKTF,typescript,Low,1,0,0,False,0,False,0,CDKTF Infrastructure,2,0.861
286576713/cdktf.json,CDKTF,typescript,Low,1,0,0,False,0,False,0,CDKTF Infrastructure,2,0.861
307647255/cdktf.json,CDKTF,python,Low,1,0,0,False,0,False,0,CDKTF Infrastructure,2,0.861
503204689/examples/global/cdktf.json,CDKTF,typescript,Low,1,0,0,False,0,False,0,CDKTF Infrastructure,2,0.861
503204689/examples/functional/cdktf.json,CDKTF,typescript,Low,1,0,0,False,0,False,0,CDKTF Infrastructure,2,0.861
503204689/examples/external/cdktf.json,CDKTF,typescript,Low,1,0,0,False,0,False,0,CDKTF Infrastructure,2,0.861
524275367/cdktf.json,CDKTF,typescript,Low,1,0,0,False,0,False,0,CDKTF Infrastructure,2,0.861
301689238/cdktf.json,CDKTF,python,Low,1,0,0,False,0,False,0,CDKTF Infrastructure,2,0.861
309649694/cdktf.json,CDKTF,typescript,Low,1,0,0,False,0,False,0,CDKTF Infrastructure,2,0.861
455304965/library_card_catalog/cdktf/cdktf.json,CDKTF,typescript,Low,1,0,0,False,0,False,0,CDKTF Infrastructure,2,0.861
500494741/cdktf-go/cdktf.json,CDKTF,go,Low,1,0,0,False,0,False,0,CDKTF Infrastructure,2,0.861
446817672/examples/typescript/hello-world/cdktf.json,CDKTF,typescript,Low,1,0,0,False,0,False,0,CDKTF Infrastructure,2,0.861
282525572/packages/cdktf-hybrid-module/cdktf.json,CDKTF,typescript,Low,1,0,0,False,0,False,0,CDKTF Infrastructure,2,0.861
282525572/examples/cdktf-example/cdktf.json,CDKTF,typescript,Low,1,0,0,False,0,False,0,CDKTF Infrastructure,2,0.861
526302316/cdktf.json,CDKTF,go,Low,1,0,0,False,0,False,0,CDKTF Infrastructure,2,0.861
232603801/examples/typescript/docker/cdktf.json,CDKTF,typescript,Low,1,0,0,False,0,False,0,CDKTF Infrastructure,2,0.861
232603801/examples/typescript/google-cloudrun/cdktf.json,CDKTF,typescript,Low,1,0,0,False,0,False,0,CDKTF Infrastructure,2,0.861
232603801/examples/typescript/ucloud/cdktf.json,CDKTF,typescript,Low,1,0,0,False,0,False,0,CDKTF Infrastructure,2,0.861
232603801/examples/typescript/backends/remote/cdktf.json,CDKTF,typescript,Low,1,0,0,False,0,False,0,CDKTF Infrastructure,2,0.861
232603801/examples/typescript/backends/gcs/cdktf.json,CDKTF,typescript,Low,1,0,0,False,0,False,0,CDKTF Infrastructure,2,0.861
232603801/examples/typescript/backends/azurerm/cdktf.json,CDKTF,typescript,Low,1,0,0,False,0,False,0,CDKTF Infrastructure,2,0.861
232603801/examples/typescript/backends/s3/cdktf.json,CDKTF,typescript,Low,1,0,0,False,0,False,0,CDKTF Infrastructure,2,0.861
232603801/examples/typescript/backends/cloud/cdktf.json,CDKTF,typescript,Low,1,0,0,False,0,False,0,CDKTF Infrastructure,2,0.861
232603801/examples/typescript/aws-prebuilt/cdktf.json,CDKTF,typescript,Low,1,0,0,False,0,False,0,CDKTF Infrastructure,2,0.861
232603801/examples/typescript/provisioner/cdktf.json,CDKTF,typescript,Low,1,0,0,False,0,False,0,CDKTF Infrastructure,2,0.861
232603801/examples/typescript/aws-kubernetes/cdktf.json,CDKTF,typescript,Low,1,0,0,False,0,False,0,CDKTF Infrastructure,2,0.861
232603801/examples/typescript/aws-cloudfront-proxy/cdktf.json,CDKTF,typescript,Low,1,0,0,False,0,False,0,CDKTF Infrastructure,2,0.861
232603801/examples/typescript/azure-app-service/cdktf.json,CDKTF,typescript,Low,1,0,0,False,0,False,0,CDKTF Infrastructure,2,0.861
232603801/examples/typescript/azure/cdktf.json,CDKTF,typescript,Low,1,0,0,False,0,False,0,CDKTF Infrastructure,2,0.861
417584937/webinar-2022/base-infra/Pulumi.yaml,Pulumi,typescript,Low,3,0,0,True,40,True,3,Multi-Cloud High-Complexity,8,0.763
145051421/examples/managed-nodegroups-py/Pulumi.yaml,Pulumi,python,Low,3,0,0,True,40,True,2,Multi-Cloud High-Complexity,8,0.763
290586638/Pulumi-Workshop/aws-eks-cluster-custompolicy-iam-ts/Pulumi.yaml,Pulumi,typescript,Low,3,0,0,True,39,True,2,Multi-Cloud High-Complexity,8,0.763
290586638/Pulumi-Workshop/aws-eks-cluster-autoscaler-iam-ts/Pulumi.yaml,Pulumi,typescript,Low,3,0,0,True,39,True,2,Multi-Cloud High-Complexity,8,0.763
271830191/spark_datalake_demo/data-mart/etl/etl-jobs/build/build_pulumi/Pulumi.yaml,Pulumi,python,Low,3,0,0,True,67,True,3,Multi-Cloud High-Complexity,8,0.763
164965485/Generic-Spark-Version/data-mart/etl/etl-jobs/build/build_pulumi/Pulumi.yaml,Pulumi,python,Low,3,0,0,True,67,True,3,Multi-Cloud High-Complexity,8,0.763
171541227/old/examples/eks-cluster-services/Pulumi.yaml,Pulumi,typescript,Low,3,0,0,True,113,True,3,Multi-Cloud High-Complexity,8,0.763
145051421/examples/nodegroup/Pulumi.yaml,Pulumi,typescript,Low,3,0,0,True,31,True,2,Multi-Cloud High-Complexity,8,0.763
339220681/s3-iam/Pulumi.yaml,Pulumi,typescript,Low,3,0,0,True,35,True,2,Multi-Cloud High-Complexity,8,0.763
145051421/examples/managed-nodegroups/Pulumi.yaml,Pulumi,typescript,Low,3,0,0,True,40,True,2,Multi-Cloud High-Complexity,8,0.763
223281682/eks-hosted/03-apps/Pulumi.yaml,Pulumi,typescript,Low,3,0,0,True,78,True,4,Multi-Cloud High-Complexity,8,0.763
223281682/eks-hosted/01-cluster-configuration/Pulumi.yaml,Pulumi,typescript,Low,3,0,0,True,40,True,3,Multi-Cloud High-Complexity,8,0.763
448042848/Pulumi.yaml,Pulumi,typescript,Low,2,0,0,True,39,False,1,Multi-Cloud High-Complexity,8,0.763
250492624/Pulumi.yaml,Pulumi,typescript,Low,2,0,0,True,32,False,1,Multi-Cloud High-Complexity,8,0.763
254155269/typescript/aws/existing-iam-user/Pulumi.yaml,Pulumi,typescript,Low,2,0,0,True,35,False,1,Multi-Cloud High-Complexity,8,0.763
145051421/examples/oidc-iam-sa/Pulumi.yaml,Pulumi,typescript,Low,2,0,0,True,48,False,1,Multi-Cloud High-Complexity,8,0.763
381981449/Pulumi.yaml,Pulumi,go,Low,2,0,0,True,31,False,1,Multi-Cloud High-Complexity,8,0.763
498479906/examples/go/Pulumi.yaml,Pulumi,go,Low,2,0,0,True,31,False,1,Multi-Cloud High-Complexity,8,0.763
268352732/Pulumi.yaml,Pulumi,python,Low,2,0,0,True,129,False,1,Multi-Cloud High-Complexity,8,0.763
358477739/Pulumi.yaml,Pulumi,go,Low,2,0,0,True,31,False,1,Multi-Cloud High-Complexity,8,0.763
382965897/sharednetworking/sharednetworking-iam-role/Pulumi.yaml,Pulumi,python,Low,2,0,0,True,53,False,1,Multi-Cloud High-Complexity,8,0.763
382965897/dev3/dev3-iam-role/Pulumi.yaml,Pulumi,python,Low,2,0,0,True,24,False,1,Multi-Cloud High-Complexity,8,0.763
382965897/dev2/dev2-iam-role/Pulumi.yaml,Pulumi,python,Low,2,0,0,True,24,False,1,Multi-Cloud High-Complexity,8,0.763
467548074/Pulumi.yaml,Pulumi,go,Low,2,0,0,True,46,False,1,Multi-Cloud High-Complexity,8,0.763
240607739/iam/Pulumi.yaml,Pulumi,typescript,Low,2,0,0,True,39,False,1,Multi-Cloud High-Complexity,8,0.763
501690280/cdk.json,AWS CDK,typescript,Low,2,0,0,False,0,True,3,Multi-Cloud High-Complexity,8,0.763
483344912/examples/typescript/Pulumi.yaml,Pulumi,typescript,Low,2,0,0,True,39,False,1,Multi-Cloud High-Complexity,8,0.763
453234681/Pulumi.yaml,Pulumi,typescript,Low,2,0,0,True,35,False,1,Multi-Cloud High-Complexity,8,0.763
521224184/Pulumi.yaml,Pulumi,python,Low,2,0,0,True,35,False,1,Multi-Cloud High-Complexity,8,0.763
323680373/examples/iam-serviceaccount-ts/step1/Pulumi.yaml,Pulumi,typescript,Low,2,0,0,True,48,False,1,Multi-Cloud High-Complexity,8,0.763
323680373/examples/project-iam-policy-ts/Pulumi.yaml,Pulumi,typescript,Low,2,0,0,True,59,False,1,Multi-Cloud High-Complexity,8,0.763
498479906/examples/python/Pulumi.yaml,Pulumi,python,Low,2,0,0,True,35,False,1,Multi-Cloud High-Complexity,8,0.763
498479906/examples/typescript/Pulumi.yaml,Pulumi,typescript,Low,2,0,0,True,39,False,1,Multi-Cloud High-Complexity,8,0.763
518806911/Pulumi.yaml,Pulumi,typescript,Low,2,0,0,True,39,False,1,Multi-Cloud High-Complexity,8,0.763
290586638/Pulumi-Workshop/aws-custompolicy-function-iam-ts/Pulumi.yaml,Pulumi,typescript,Low,2,0,0,True,39,False,1,Multi-Cloud High-Complexity,8,0.763
427443920/Pulumi.yaml,Pulumi,typescript,Low,2,0,0,True,52,False,1,Multi-Cloud High-Complexity,8,0.763
507516593/src/00-iam/Pulumi.yaml,Pulumi,typescript,Low,2,0,0,True,21,False,1,Multi-Cloud High-Complexity,8,0.763
441311725/cdk.json,AWS CDK,typescript,Low,2,0,0,False,0,True,2,Multi-Cloud High-Complexity,8,0.763
457532889/aws/clf-c01/iam/pulumi/Pulumi.yaml,Pulumi,go,Low,2,0,0,True,14,False,1,Multi-Cloud High-Complexity,8,0.763
483344912/examples/go/Pulumi.yaml,Pulumi,go,Low,2,0,0,True,31,False,1,Multi-Cloud High-Complexity,8,0.763
483344912/examples/python/Pulumi.yaml,Pulumi,python,Low,2,0,0,True,35,False,1,Multi-Cloud High-Complexity,8,0.763
452604464/resources/cdk/iam-ruby-example-add-new-user/cdk.json,AWS CDK,typescript,Low,1,0,0,False,0,False,1,Multi-Cloud High-Complexity,8,0.763
423528270/infra/deploy-iam/Pulumi.yaml,Pulumi,typescript,Low,1,0,0,False,10,False,1,Multi-Cloud High-Complexity,8,0.763
528464711/resources/cdk/iam-ruby-example-add-new-user/cdk.json,AWS CDK,typescript,Low,1,0,0,False,0,False,1,Multi-Cloud High-Complexity,8,0.763
456853793/Workload-Security/Integration/aws-cdk-workload-iam-stack/cdk.json,AWS CDK,typescript,Low,1,0,0,False,0,False,1,Multi-Cloud High-Complexity,8,0.763
390891138/resources/cdk/iam-ruby-example-add-new-user/cdk.json,AWS CDK,typescript,Low,1,0,0,False,0,False,1,Multi-Cloud High-Complexity,8,0.763
338874999/resources/cdk/iam-ruby-example-add-new-user/cdk.json,AWS CDK,typescript,Low,1,0,0,False,0,False,1,Multi-Cloud High-Complexity,8,0.763
445789348/aws-codebuild/code-build-iam/cdk.json,AWS CDK,typescript,Low,1,0,0,False,0,False,1,Multi-Cloud High-Complexity,8,0.763
276232087/cdk.json,AWS CDK,typescript,Low,1,0,0,False,0,False,1,Multi-Cloud High-Complexity,8,0.763
486890812/aws-iam-user-policies/cdk.json,AWS CDK,typescript,Low,1,0,0,False,0,False,1,Multi-Cloud High-Complexity,8,0.763
486890812/aws-iam-group/cdk.json,AWS CDK,typescript,Low,1,0,0,False,0,False,1,Multi-Cloud High-Complexity,8,0.763
362895202/vcis-iam-roles-cdk/cdk.json,AWS CDK,javascript,Low,1,0,0,False,0,False,1,Multi-Cloud High-Complexity,8,0.763
304509919/infra/deploy-iam/Pulumi.yaml,Pulumi,typescript,Low,1,0,0,False,10,False,1,Multi-Cloud High-Complexity,8,0.763
205384460/cdk.json,AWS CDK,typescript,Low,1,0,0,False,0,False,1,Multi-Cloud High-Complexity,8,0.763
486890812/aws-iam-role/cdk.json,AWS CDK,typescript,Low,1,0,0,False,0,False,1,Multi-Cloud High-Complexity,8,0.763
385619734/resources/cdk/iam-ruby-example-add-new-user/cdk.json,AWS CDK,typescript,Low,1,0,0,False,0,False,1,Multi-Cloud High-Complexity,8,0.763
352279261/4-iam-database-authentication/cdk.json,AWS CDK,typescript,Low,1,0,0,False,0,False,1,Multi-Cloud High-Complexity,8,0.763
501331861/resources/cdk/iam-ruby-example-add-new-user/cdk.json,AWS CDK,typescript,Low,1,0,0,False,0,False,1,Multi-Cloud High-Complexity,8,0.763
351524272/resources/cdk/iam-ruby-example-add-new-user/cdk.json,AWS CDK,typescript,Low,1,0,0,False,0,False,1,Multi-Cloud High-Complexity,8,0.763
505786925/cdk.json,AWS CDK,typescript,Low,1,0,0,False,0,False,1,Multi-Cloud High-Complexity,8,0.763
432929307/resources/cdk/iam-ruby-example-add-new-user/cdk.json,AWS CDK,typescript,Low,1,0,0,False,0,False,1,Multi-Cloud High-Complexity,8,0.763
383504765/resources/cdk/iam-ruby-example-add-new-user/cdk.json,AWS CDK,typescript,Low,1,0,0,False,0,False,1,Multi-Cloud High-Complexity,8,0.763
364794328/resources/cdk/iam-ruby-example-add-new-user/cdk.json,AWS CDK,typescript,Low,1,0,0,False,0,False,1,Multi-Cloud High-Complexity,8,0.763
188689911/go/iam-user/cdk.json,AWS CDK,go,Low,1,0,0,False,0,False,1,Multi-Cloud High-Complexity,8,0.763
418217192/resources/cdk/iam-ruby-example-add-new-user/cdk.json,AWS CDK,typescript,Low,1,0,0,False,0,False,1,Multi-Cloud High-Complexity,8,0.763
66023605/resources/cdk/iam-ruby-example-add-new-user/cdk.json,AWS CDK,typescript,Low,1,0,0,False,0,False,1,Multi-Cloud High-Complexity,8,0.763
507245945/iam/cdk.json,AWS CDK,typescript,Low,1,0,0,False,0,False,1,Multi-Cloud High-Complexity,8,0.763
435223093/ZAWS-doc-sdk-examples-main/resources/cdk/iam-ruby-example-add-new-user/cdk.json,AWS CDK,typescript,Low,1,0,0,False,0,False,1,Multi-Cloud High-Complexity,8,0.763
490961315/resources/cdk/iam-ruby-example-add-new-user/cdk.json,AWS CDK,typescript,Low,1,0,0,False,0,False,1,Multi-Cloud High-Complexity,8,0.763
485538720/resources/cdk/iam-ruby-example-add-new-user/cdk.json,AWS CDK,typescript,Low,1,0,0,False,0,False,1,Multi-Cloud High-Complexity,8,0.763
372369590/resources/cdk/iam-ruby-example-add-new-user/cdk.json,AWS CDK,typescript,Low,1,0,0,False,0,False,1,Multi-Cloud High-Complexity,8,0.763
513876836/applications/pulumi-examples/aws-ts-s3-lambda-copyzip/Pulumi.yaml,Pulumi,typescript,Low,3,0,0,True,74,True,2,Serverless + Static Hosting,0,0.712
108589232/aws-ts-s3-lambda-copyzip/Pulumi.yaml,Pulumi,typescript,Low,3,0,0,True,74,True,2,Serverless + Static Hosting,0,0.712
484689640/pulumi/Pulumi.yaml,Pulumi,typescript,Low,3,0,0,True,74,True,2,Serverless + Static Hosting,0,0.712
475025089/aws-ts-s3-lambda-copyzip/Pulumi.yaml,Pulumi,typescript,Low,3,0,0,True,74,True,2,Serverless + Static Hosting,0,0.712
254155269/typescript/aws/s3-cloudfront/Pulumi.yaml,Pulumi,typescript,Low,3,0,0,True,39,True,2,Serverless + Static Hosting,0,0.712
441181097/Pulumi.yaml,Pulumi,python,Low,3,0,0,True,79,True,2,Serverless + Static Hosting,0,0.712
485850703/infra/Pulumi.yaml,Pulumi,go,Low,3,0,0,True,24,True,2,Serverless + Static Hosting,0,0.712
248899921/modern-infrastructure-wednesday/2020-06-17/failover-example/Pulumi.yaml,Pulumi,python,Low,3,0,0,True,55,True,2,Serverless + Static Hosting,0,0.712
448134476/cross-guard/ec2-ssh-full-open/Pulumi.yaml,Pulumi,python,Low,3,0,0,True,21,True,2,Serverless + Static Hosting,0,0.712
479385643/pulumi/aws_ts_s3_lambda_copy/Pulumi.yaml,Pulumi,typescript,Low,3,0,0,True,74,True,2,Serverless + Static Hosting,0,0.712
446348090/applications/pulumi-examples/aws-ts-s3-lambda-copyzip/Pulumi.yaml,Pulumi,typescript,Low,3,0,0,True,74,True,2,Serverless + Static Hosting,0,0.712
365157271/testfolder/Pulumi.yaml,Pulumi,go,Low,3,0,0,True,21,True,2,Serverless + Static Hosting,0,0.712
394667058/Part 4/LambdaS3Pulumi/Pulumi.yaml,Pulumi,csharp,Low,3,0,0,True,27,True,2,Serverless + Static Hosting,0,0.712
500661930/aws-ts-s3-lambda-copyzip/Pulumi.yaml,Pulumi,typescript,Low,3,0,0,True,74,True,2,Serverless + Static Hosting,0,0.712
516818310/Pulumi.yaml,Pulumi,python,Low,3,0,0,True,15,True,2,Serverless + Static Hosting,0,0.712
401119929/pulumi/frontend/Pulumi.yaml,Pulumi,typescript,Low,3,0,0,True,14,True,2,Serverless + Static Hosting,0,0.712
92832781/aws/ts/aws-ts-s3-lambda-copyzip/Pulumi.yaml,Pulumi,typescript,Low,3,0,0,True,74,True,2,Serverless + Static Hosting,0,0.712
394667058/Part 5/LambdaS3AutoUpdatePulumi/Pulumi.yaml,Pulumi,csharp,Low,3,0,0,True,95,True,2,Serverless + Static Hosting,0,0.712
282083829/aws-ts-s3-lambda-copyzip/Pulumi.yaml,Pulumi,typescript,Low,3,0,0,True,74,True,2,Serverless + Static Hosting,0,0.712
480565784/examples/s3-object-lambda/Pulumi.yaml,Pulumi,typescript,Low,3,0,0,True,32,True,2,Serverless + Static Hosting,0,0.712
518996957/leaning/Pulumi.yaml,Pulumi,python,Low,3,0,0,True,25,True,2,Serverless + Static Hosting,0,0.712
374979847/Pulumi.yaml,Pulumi,typescript,Low,3,0,0,True,74,True,2,Serverless + Static Hosting,0,0.712
382303434/iac_basic/Pulumi.yaml,Pulumi,typescript,Low,3,0,0,True,41,True,2,Serverless + Static Hosting,0,0.712
244393798/01_naive/infra/Pulumi.yaml,Pulumi,go,Low,3,0,0,True,57,True,2,Serverless + Static Hosting,0,0.712
244393798/02_separate_binaries/infra/Pulumi.yaml,Pulumi,go,Low,3,0,0,True,57,True,2,Serverless + Static Hosting,0,0.712
196504265/Pulumi.yaml,Pulumi,typescript,Low,3,0,0,True,91,True,2,Serverless + Static Hosting,0,0.712
247246575/infra/Pulumi.yaml,Pulumi,typescript,Low,3,0,0,True,39,True,2,Serverless + Static Hosting,0,0.712
402091590/Pulumi.yaml,Pulumi,typescript,Low,3,0,0,True,74,True,2,Serverless + Static Hosting,0,0.712
427703551/Pulumi.yaml,Pulumi,python,Low,3,0,0,True,35,True,3,Serverless + Static Hosting,0,0.712
362825258/Pulumi.yaml,Pulumi,typescript,Low,3,0,0,True,42,True,2,Serverless + Static Hosting,0,0.712
445928497/packages/static-website-aws-s3/Pulumi.yml,Pulumi,typescript,Low,3,0,0,True,62,True,3,Serverless + Static Hosting,0,0.712
242534063/pulumi/aws/hello-world/Pulumi.yaml,Pulumi,typescript,Low,2,0,0,True,92,False,1,Serverless + Static Hosting,0,0.712
480222490/firehose-s3/cdk.json,AWS CDK,typescript,Low,2,0,0,False,0,True,2,Serverless + Static Hosting,0,0.712
168772474/typescript/s3-object-lambda/cdk.json,AWS CDK,typescript,Low,2,0,0,False,0,True,2,Serverless + Static Hosting,0,0.712
168772474/typescript/lambda-manage-s3-event-notification/cdk.json,AWS CDK,typescript,Low,2,0,0,False,0,True,2,Serverless + Static Hosting,0,0.712
168772474/typescript/rekognition-lambda-s3-trigger/cdk.json,AWS CDK,typescript,Low,2,0,0,False,0,True,2,Serverless + Static Hosting,0,0.712
512039814/s3-backend/Pulumi.yaml,Pulumi,typescript,Low,2,0,0,True,24,False,1,Serverless + Static Hosting,0,0.712
394517712/typescript/lambda-manage-s3-event-notification/cdk.json,AWS CDK,typescript,Low,2,0,0,False,0,True,2,Serverless + Static Hosting,0,0.712
435223093/Serverless:CDK/serverless-patterns/s3-lambda-cdk/src/cdk.json,AWS CDK,typescript,Low,2,0,0,False,0,True,2,Serverless + Static Hosting,0,0.712
435223093/Serverless:CDK/serverless-patterns/apigw-s3-cdk/cdk/cdk.json,AWS CDK,typescript,Low,2,0,0,False,0,True,2,Serverless + Static Hosting,0,0.712
108589232/aws-fs-s3-folder/Pulumi.yaml,Pulumi,csharp,Low,2,0,0,True,33,False,1,Serverless + Static Hosting,0,0.712
108589232/testing-integration/program/Pulumi.yaml,Pulumi,typescript,Low,2,0,0,True,27,False,1,Serverless + Static Hosting,0,0.712
435223093/Serverless:CDK/serverless-patterns/s3-lambda-dynamodb-cdk/cdk/cdk.json,AWS CDK,typescript,Low,2,0,0,False,0,True,3,Serverless + Static Hosting,0,0.712
108589232/kubernetes-ts-s3-rollout/Pulumi.yaml,Pulumi,typescript,Low,2,0,0,True,42,False,1,Serverless + Static Hosting,0,0.712
513876836/applications/pulumi-examples/aws-fs-s3-folder/Pulumi.yaml,Pulumi,csharp,Low,2,0,0,True,33,False,1,Serverless + Static Hosting,0,0.712
513876836/applications/pulumi-examples/aws-cs-s3-folder/Pulumi.yaml,Pulumi,csharp,Low,2,0,0,True,33,False,1,Serverless + Static Hosting,0,0.712
513876836/applications/pulumi-examples/aws-js-s3-folder/Pulumi.yaml,Pulumi,typescript,Low,2,0,0,True,33,False,1,Serverless + Static Hosting,0,0.712
513876836/applications/pulumi-examples/testing-integration/program/Pulumi.yaml,Pulumi,typescript,Low,2,0,0,True,27,False,1,Serverless + Static Hosting,0,0.712
309721913/Pulumi.yaml,Pulumi,typescript,Low,2,0,0,True,39,False,1,Serverless + Static Hosting,0,0.712
513876836/applications/pulumi-examples/aws-js-s3-folder-component/Pulumi.yaml,Pulumi,typescript,Low,2,0,0,True,33,False,1,Serverless + Static Hosting,0,0.712
513876836/applications/pulumi-examples/kubernetes-ts-s3-rollout/Pulumi.yaml,Pulumi,typescript,Low,2,0,0,True,42,False,1,Serverless + Static Hosting,0,0.712
513876836/applications/pulumi-examples/aws-go-s3-folder/Pulumi.yaml,Pulumi,go,Low,2,0,0,True,33,False,1,Serverless + Static Hosting,0,0.712
457962928/infra/Pulumi.yaml,Pulumi,typescript,Low,2,0,0,True,18,False,1,Serverless + Static Hosting,0,0.712
479637823/cdk.json,AWS CDK,typescript,Low,2,0,0,False,0,True,2,Serverless + Static Hosting,0,0.712
493204575/pulumi/Pulumi.yaml,Pulumi,typescript,Low,2,0,0,True,39,False,1,Serverless + Static Hosting,0,0.712
254155269/python/aws/s3_bucket_cloudfront/Pulumi.yaml,Pulumi,python,Low,2,0,0,True,35,False,1,Serverless + Static Hosting,0,0.712
475025089/aws-fs-s3-folder/Pulumi.yaml,Pulumi,csharp,Low,2,0,0,True,33,False,1,Serverless + Static Hosting,0,0.712
475025089/aws-go-s3-folder/Pulumi.yaml,Pulumi,go,Low,2,0,0,True,33,False,1,Serverless + Static Hosting,0,0.712
475025089/aws-native-ts-s3-folder/Pulumi.yaml,Pulumi,typescript,Low,2,0,0,True,33,False,1,Serverless + Static Hosting,0,0.712
475025089/aws-js-s3-folder-component/Pulumi.yaml,Pulumi,typescript,Low,2,0,0,True,33,False,1,Serverless + Static Hosting,0,0.712
475025089/aws-ts-s3-folder/Pulumi.yaml,Pulumi,typescript,Low,2,0,0,True,33,False,1,Serverless + Static Hosting,0,0.712
475025089/aws-js-s3-folder/Pulumi.yaml,Pulumi,typescript,Low,2,0,0,True,33,False,1,Serverless + Static Hosting,0,0.712
475025089/kubernetes-ts-s3-rollout/Pulumi.yaml,Pulumi,typescript,Low,2,0,0,True,42,False,1,Serverless + Static Hosting,0,0.712
473150430/examples/aws-s3/Pulumi.yaml,Pulumi,typescript,Low,2,0,0,True,21,False,1,Serverless + Static Hosting,0,0.712
473150430/test/s3backend/Pulumi.yaml,Pulumi,typescript,Low,2,0,0,True,35,False,1,Serverless + Static Hosting,0,0.712
458264059/cdk.json,AWS CDK,typescript,Low,2,0,0,False,0,True,2,Serverless + Static Hosting,0,0.712
473150430/test/testdata/test-s3-op-project/Pulumi.yaml,Pulumi,typescript,Low,2,0,0,True,28,False,1,Serverless + Static Hosting,0,0.712
254155269/typescript/aws/s3/Pulumi.yaml,Pulumi,typescript,Low,2,0,0,True,39,False,1,Serverless + Static Hosting,0,0.712
501825298/cdk.json,AWS CDK,typescript,Low,2,0,0,False,0,True,2,Serverless + Static Hosting,0,0.712
254155269/go/aws/s3_bucket/Pulumi.yaml,Pulumi,go,Low,2,0,0,True,27,False,1,Serverless + Static Hosting,0,0.712
254155269/python/aws/s3_bucket_cloudflare/Pulumi.yaml,Pulumi,python,Low,2,0,0,True,35,False,1,Serverless + Static Hosting,0,0.712
517677125/aws-ts-s3-website/Pulumi.yaml,Pulumi,typescript,Low,2,0,0,True,39,False,1,Serverless + Static Hosting,0,0.712
254155269/python/gcp/bucket/Pulumi.yaml,Pulumi,python,Low,2,0,0,True,19,False,1,Serverless + Static Hosting,0,0.712
163798229/aws-js-s3-website/Pulumi.yaml,Pulumi,typescript,Low,2,0,0,True,39,False,1,Serverless + Static Hosting,0,0.712
461154765/cdk.json,AWS CDK,typescript,Low,2,0,0,False,0,True,2,Serverless + Static Hosting,0,0.712
235815474/typescript/apigateway-lambda-s3/cdk.json,AWS CDK,typescript,Low,2,0,0,False,0,True,3,Serverless + Static Hosting,0,0.712
254641250/backend/cdk.json,AWS CDK,typescript,Low,2,0,0,False,0,True,2,Serverless + Static Hosting,0,0.712
296634637/s3_backend/Pulumi.yaml,Pulumi,python,Low,2,0,0,True,24,False,1,Serverless + Static Hosting,0,0.712
526298983/typescript/aws/s3/Pulumi.yaml,Pulumi,typescript,Low,2,0,0,True,39,False,1,Serverless + Static Hosting,0,0.712
446348090/applications/pulumi-examples/aws-js-s3-folder-component/Pulumi.yaml,Pulumi,typescript,Low,2,0,0,True,33,False,1,Serverless + Static Hosting,0,0.712
486890812/lambda-eventsource-s3/cdk.json,AWS CDK,typescript,Low,2,0,0,False,0,True,2,Serverless + Static Hosting,0,0.712
446348090/applications/pulumi-examples/aws-fs-s3-folder/Pulumi.yaml,Pulumi,csharp,Low,2,0,0,True,33,False,1,Serverless + Static Hosting,0,0.712
446348090/applications/pulumi-examples/aws-go-s3-folder/Pulumi.yaml,Pulumi,go,Low,2,0,0,True,33,False,1,Serverless + Static Hosting,0,0.712
446348090/applications/pulumi-examples/aws-cs-s3-folder/Pulumi.yaml,Pulumi,csharp,Low,2,0,0,True,33,False,1,Serverless + Static Hosting,0,0.712
254155269/dotnet/aws/vbnet_s3_bucket/Pulumi.yaml,Pulumi,csharp,Low,2,0,0,True,31,False,1,Serverless + Static Hosting,0,0.712
475025089/testing-integration/program/Pulumi.yaml,Pulumi,typescript,Low,2,0,0,True,27,False,1,Serverless + Static Hosting,0,0.712
254155269/python/aws/s3_bucket/Pulumi.yaml,Pulumi,python,Low,2,0,0,True,31,False,1,Serverless + Static Hosting,0,0.712
459136958/s3-bucket/Pulumi.yaml,Pulumi,go,Low,2,0,0,True,31,False,1,Serverless + Static Hosting,0,0.712
446348090/applications/pulumi-examples/aws-py-s3-folder/Pulumi.yaml,Pulumi,python,Low,2,0,0,True,35,False,1,Serverless + Static Hosting,0,0.712
446348090/applications/pulumi-examples/aws-go-s3-folder-component/Pulumi.yaml,Pulumi,go,Low,2,0,0,True,33,False,1,Serverless + Static Hosting,0,0.712
443521733/aws/s3/Pulumi.yaml,Pulumi,python,Low,2,0,0,True,17,False,1,Serverless + Static Hosting,0,0.712
444939167/typescript/s3-object-lambda/cdk.json,AWS CDK,typescript,Low,2,0,0,False,0,True,2,Serverless + Static Hosting,0,0.712
444939167/typescript/lambda-manage-s3-event-notification/cdk.json,AWS CDK,typescript,Low,2,0,0,False,0,True,2,Serverless + Static Hosting,0,0.712
446348090/applications/pulumi-examples/kubernetes-ts-s3-rollout/Pulumi.yaml,Pulumi,typescript,Low,2,0,0,True,42,False,1,Serverless + Static Hosting,0,0.712
446348090/applications/pulumi-examples/testing-integration/program/Pulumi.yaml,Pulumi,typescript,Low,2,0,0,True,27,False,1,Serverless + Static Hosting,0,0.712
248899921/integration-testing/ts-s3-bucket/Pulumi.yaml,Pulumi,typescript,Low,2,0,0,True,39,False,1,Serverless + Static Hosting,0,0.712
417586173/pulumi-auditlog-export/Pulumi.yaml,Pulumi,typescript,Low,2,0,0,True,39,False,1,Serverless + Static Hosting,0,0.712
417586173/py-automation-s3-backend/Pulumi.yaml,Pulumi,python,Low,2,0,0,True,31,False,1,Serverless + Static Hosting,0,0.712
222235838/Pulumi.yaml,Pulumi,typescript,Low,2,0,0,True,90,False,1,Serverless + Static Hosting,0,0.712
479067423/typescript/s3-object-lambda/cdk.json,AWS CDK,typescript,Low,2,0,0,False,0,True,2,Serverless + Static Hosting,0,0.712
512039814/s3-backend-test/Pulumi.yaml,Pulumi,typescript,Low,2,0,0,True,23,False,1,Serverless + Static Hosting,0,0.712
512039814/s3-backend-test-with-fork/Pulumi.yaml,Pulumi,typescript,Low,2,0,0,True,33,False,1,Serverless + Static Hosting,0,0.712
387845235/Pulumi.yaml,Pulumi,python,Low,2,0,0,True,25,False,1,Serverless + Static Hosting,0,0.712
512039814/pulumi-backend-test/Pulumi.yaml,Pulumi,typescript,Low,2,0,0,True,24,False,1,Serverless + Static Hosting,0,0.712
475025089/aws-cs-s3-folder/Pulumi.yaml,Pulumi,csharp,Low,2,0,0,True,33,False,1,Serverless + Static Hosting,0,0.712
475025089/aws-py-s3-folder/Pulumi.yaml,Pulumi,python,Low,2,0,0,True,35,False,1,Serverless + Static Hosting,0,0.712
475025089/aws-go-s3-folder-component/Pulumi.yaml,Pulumi,go,Low,2,0,0,True,33,False,1,Serverless + Static Hosting,0,0.712
489362653/typescript/s3-object-lambda/cdk.json,AWS CDK,typescript,Low,2,0,0,False,0,True,2,Serverless + Static Hosting,0,0.712
489362653/typescript/lambda-manage-s3-event-notification/cdk.json,AWS CDK,typescript,Low,2,0,0,False,0,True,2,Serverless + Static Hosting,0,0.712
489362653/typescript/rekognition-lambda-s3-trigger/cdk.json,AWS CDK,typescript,Low,2,0,0,False,0,True,2,Serverless + Static Hosting,0,0.712
309721188/Pulumi.yaml,Pulumi,typescript,Low,2,0,0,True,39,False,1,Serverless + Static Hosting,0,0.712
108589232/aws-js-s3-folder/Pulumi.yaml,Pulumi,typescript,Low,2,0,0,True,33,False,1,Serverless + Static Hosting,0,0.712
108589232/aws-js-s3-folder-component/Pulumi.yaml,Pulumi,typescript,Low,2,0,0,True,33,False,1,Serverless + Static Hosting,0,0.712
108589232/aws-native-ts-s3-folder/Pulumi.yaml,Pulumi,typescript,Low,2,0,0,True,33,False,1,Serverless + Static Hosting,0,0.712
108589232/aws-ts-s3-folder/Pulumi.yaml,Pulumi,typescript,Low,2,0,0,True,33,False,1,Serverless + Static Hosting,0,0.712
108589232/aws-native-java-s3-folder/Pulumi.yaml,Pulumi,java,Low,2,0,0,True,33,False,1,Serverless + Static Hosting,0,0.712
108589232/aws-go-s3-folder/Pulumi.yaml,Pulumi,go,Low,2,0,0,True,33,False,1,Serverless + Static Hosting,0,0.712
267145677/src/ol_infrastructure/applications/ocw_site/Pulumi.yaml,Pulumi,python,Low,2,0,0,True,60,False,1,Serverless + Static Hosting,0,0.712
267145677/src/ol_infrastructure/infrastructure/aws/s3_sites/Pulumi.yaml,Pulumi,python,Low,2,0,0,True,85,False,1,Serverless + Static Hosting,0,0.712
487299457/test/Pulumi.yaml,Pulumi,typescript,Low,2,0,0,True,39,False,1,Serverless + Static Hosting,0,0.712
272508670/test/testdata/test-s3-op-project/Pulumi.yaml,Pulumi,typescript,Low,2,0,0,True,28,False,1,Serverless + Static Hosting,0,0.712
272508670/test/s3backend/Pulumi.yaml,Pulumi,typescript,Low,2,0,0,True,35,False,1,Serverless + Static Hosting,0,0.712
446111860/cdk.json,AWS CDK,typescript,Low,2,0,0,False,0,True,3,Serverless + Static Hosting,0,0.712
405325180/typescript/lambda-manage-s3-event-notification/cdk.json,AWS CDK,typescript,Low,2,0,0,False,0,True,2,Serverless + Static Hosting,0,0.712
466548230/Pulumi.yaml,Pulumi,typescript,Low,2,0,0,True,39,False,1,Serverless + Static Hosting,0,0.712
264017693/Pulumi.yaml,Pulumi,typescript,Low,2,0,0,True,28,False,1,Serverless + Static Hosting,0,0.712
273134083/Pulumi.yaml,Pulumi,typescript,Low,2,0,0,True,64,False,1,Serverless + Static Hosting,0,0.712
390370812/Pulumi.yaml,Pulumi,typescript,Low,2,0,0,True,58,False,1,Serverless + Static Hosting,0,0.712
491282581/cdk.json,AWS CDK,typescript,Low,2,0,0,False,0,True,2,Serverless + Static Hosting,0,0.712
229396271/examples/cra/Pulumi.yaml,Pulumi,typescript,Low,2,0,0,True,19,False,1,Serverless + Static Hosting,0,0.712
353549784/infrastructure/Pulumi.yaml,Pulumi,typescript,Low,2,0,0,True,45,False,1,Serverless + Static Hosting,0,0.712
448134476/cross-guard/public-s3/Pulumi.yaml,Pulumi,python,Low,2,0,0,True,21,False,1,Serverless + Static Hosting,0,0.712
448134476/s3-gcs-web-hosting/Pulumi.yaml,Pulumi,python,Low,2,0,0,True,53,False,1,Serverless + Static Hosting,0,0.712
479067423/typescript/rekognition-lambda-s3-trigger/cdk.json,AWS CDK,typescript,Low,2,0,0,False,0,True,2,Serverless + Static Hosting,0,0.712
475387159/infrastructure/Pulumi.yaml,Pulumi,python,Low,2,0,0,True,46,False,1,Serverless + Static Hosting,0,0.712
446348090/applications/pulumi-examples/aws-js-s3-folder/Pulumi.yaml,Pulumi,typescript,Low,2,0,0,True,33,False,1,Serverless + Static Hosting,0,0.712
360034167/pulumi-s3-demo/Pulumi.yaml,Pulumi,typescript,Low,2,0,0,True,72,False,1,Serverless + Static Hosting,0,0.712
479067423/typescript/lambda-manage-s3-event-notification/cdk.json,AWS CDK,typescript,Low,2,0,0,False,0,True,2,Serverless + Static Hosting,0,0.712
478774085/xp/project/s3_backend/Pulumi.yaml,Pulumi,python,Low,2,0,0,True,90,False,1,Serverless + Static Hosting,0,0.712
282083829/kubernetes-ts-s3-rollout/Pulumi.yaml,Pulumi,typescript,Low,2,0,0,True,42,False,1,Serverless + Static Hosting,0,0.712
282083829/aws-go-s3-folder-component/Pulumi.yaml,Pulumi,go,Low,2,0,0,True,33,False,1,Serverless + Static Hosting,0,0.712
282083829/aws-py-s3-folder/Pulumi.yaml,Pulumi,python,Low,2,0,0,True,35,False,1,Serverless + Static Hosting,0,0.712
282083829/testing-integration/program/Pulumi.yaml,Pulumi,typescript,Low,2,0,0,True,27,False,1,Serverless + Static Hosting,0,0.712
400658912/sample-application/cdk.json,AWS CDK,typescript,Low,2,0,0,False,0,True,2,Serverless + Static Hosting,0,0.712
81028959/archives/technology-all-the-things-for-pulumi-aws-and-slack/technology-lambdas-and-s3/Pulumi.yaml,Pulumi,typescript,Low,2,0,0,True,39,False,1,Serverless + Static Hosting,0,0.712
81028959/archives/technology-all-the-things-for-pulumi-aws-and-slack/technology-cron-s3/Pulumi.yaml,Pulumi,typescript,Low,2,0,0,True,35,False,1,Serverless + Static Hosting,0,0.712
306968297/Pulumi.yaml,Pulumi,typescript,Low,2,0,0,True,39,False,1,Serverless + Static Hosting,0,0.712
483732926/xp/project/s3_backend/Pulumi.yaml,Pulumi,python,Low,2,0,0,True,90,False,1,Serverless + Static Hosting,0,0.712
353899524/Pulumi.yaml,Pulumi,typescript,Low,2,0,0,True,28,False,1,Serverless + Static Hosting,0,0.712
525658093/Pulumi.yaml,Pulumi,python,Low,2,0,0,True,35,False,1,Serverless + Static Hosting,0,0.712
500228260/typescript/s3-object-lambda/cdk.json,AWS CDK,typescript,Low,2,0,0,False,0,True,2,Serverless + Static Hosting,0,0.712
418265317/cdk.json,AWS CDK,typescript,Low,2,0,0,False,0,True,2,Serverless + Static Hosting,0,0.712
506219019/pulumi/aws/hello-world/Pulumi.yaml,Pulumi,typescript,Low,2,0,0,True,92,False,1,Serverless + Static Hosting,0,0.712
282083829/aws-cs-s3-folder/Pulumi.yaml,Pulumi,csharp,Low,2,0,0,True,33,False,1,Serverless + Static Hosting,0,0.712
315174555/software/Pulumi.yaml,Pulumi,typescript,Low,2,0,0,True,36,False,1,Serverless + Static Hosting,0,0.712
282083829/aws-fs-s3-folder/Pulumi.yaml,Pulumi,csharp,Low,2,0,0,True,33,False,1,Serverless + Static Hosting,0,0.712
282083829/aws-js-s3-folder/Pulumi.yaml,Pulumi,typescript,Low,2,0,0,True,33,False,1,Serverless + Static Hosting,0,0.712
462470033/demo/Pulumi.yaml,Pulumi,typescript,Low,2,0,0,True,15,False,1,Serverless + Static Hosting,0,0.712
215488462/static-site-generator/Pulumi.yaml,Pulumi,typescript,Low,2,0,0,True,22,False,1,Serverless + Static Hosting,0,0.712
455741564/s3-object-lambda/cdk.json,AWS CDK,typescript,Low,2,0,0,False,0,True,2,Serverless + Static Hosting,0,0.712
92832781/others/kubernetes-ts-s3-rollout/Pulumi.yaml,Pulumi,typescript,Low,2,0,0,True,42,False,1,Serverless + Static Hosting,0,0.712
92832781/aws/go/aws-go-s3-folder/Pulumi.yaml,Pulumi,go,Low,2,0,0,True,33,False,1,Serverless + Static Hosting,0,0.712
92832781/aws/js/aws-js-s3-folder/Pulumi.yaml,Pulumi,typescript,Low,2,0,0,True,33,False,1,Serverless + Static Hosting,0,0.712
524617201/s3/Pulumi.yaml,Pulumi,python,Low,2,0,0,True,35,False,1,Serverless + Static Hosting,0,0.712
468220241/cloudfront-s3-apigateway/cdk.json,AWS CDK,typescript,Low,2,0,0,False,0,True,3,Serverless + Static Hosting,0,0.712
403088989/shared-state/Pulumi.yaml,Pulumi,python,Low,2,0,0,True,32,False,1,Serverless + Static Hosting,0,0.712
526340496/Pulumi.yaml,Pulumi,python,Low,2,0,0,True,48,False,1,Serverless + Static Hosting,0,0.712
372248348/Pulumi.yaml,Pulumi,typescript,Low,2,0,0,True,39,False,1,Serverless + Static Hosting,0,0.712
528424986/deployment/Pulumi.yaml,Pulumi,typescript,Low,2,0,0,True,41,False,1,Serverless + Static Hosting,0,0.712
92832781/aws/py/aws-py-s3-folder/Pulumi.yaml,Pulumi,python,Low,2,0,0,True,35,False,1,Serverless + Static Hosting,0,0.712
92832781/aws/js/aws-js-s3-folder-component/Pulumi.yaml,Pulumi,typescript,Low,2,0,0,True,33,False,1,Serverless + Static Hosting,0,0.712
368300784/pulumi/s3/Pulumi.yaml,Pulumi,typescript,Low,2,0,0,True,39,False,1,Serverless + Static Hosting,0,0.712
500661930/aws-fs-s3-folder/Pulumi.yaml,Pulumi,csharp,Low,2,0,0,True,33,False,1,Serverless + Static Hosting,0,0.712
500661930/aws-cs-s3-folder/Pulumi.yaml,Pulumi,csharp,Low,2,0,0,True,33,False,1,Serverless + Static Hosting,0,0.712
500661930/aws-go-s3-folder-component/Pulumi.yaml,Pulumi,go,Low,2,0,0,True,33,False,1,Serverless + Static Hosting,0,0.712
282083829/aws-go-s3-folder/Pulumi.yaml,Pulumi,go,Low,2,0,0,True,33,False,1,Serverless + Static Hosting,0,0.712
282083829/aws-js-s3-folder-component/Pulumi.yaml,Pulumi,typescript,Low,2,0,0,True,33,False,1,Serverless + Static Hosting,0,0.712
476737793/Pulumi.yaml,Pulumi,typescript,Low,2,0,0,True,33,False,1,Serverless + Static Hosting,0,0.712
475231884/vpc-lambda-s3/cdk.json,AWS CDK,typescript,Low,2,0,0,False,0,True,3,Serverless + Static Hosting,0,0.712
500228260/typescript/lambda-manage-s3-event-notification/cdk.json,AWS CDK,typescript,Low,2,0,0,False,0,True,2,Serverless + Static Hosting,0,0.712
500228260/typescript/rekognition-lambda-s3-trigger/cdk.json,AWS CDK,typescript,Low,2,0,0,False,0,True,2,Serverless + Static Hosting,0,0.712
272508670/examples/aws-s3/Pulumi.yaml,Pulumi,typescript,Low,2,0,0,True,21,False,1,Serverless + Static Hosting,0,0.712
385349176/s3/Pulumi.yaml,Pulumi,python,Low,2,0,0,True,35,False,1,Serverless + Static Hosting,0,0.712
500661930/aws-native-ts-s3-folder/Pulumi.yaml,Pulumi,typescript,Low,2,0,0,True,33,False,1,Serverless + Static Hosting,0,0.712
500661930/aws-ts-s3-folder/Pulumi.yaml,Pulumi,typescript,Low,2,0,0,True,33,False,1,Serverless + Static Hosting,0,0.712
500661930/aws-js-s3-folder-component/Pulumi.yaml,Pulumi,typescript,Low,2,0,0,True,33,False,1,Serverless + Static Hosting,0,0.712
500661930/aws-js-s3-folder/Pulumi.yaml,Pulumi,typescript,Low,2,0,0,True,33,False,1,Serverless + Static Hosting,0,0.712
500661930/kubernetes-ts-s3-rollout/Pulumi.yaml,Pulumi,typescript,Low,2,0,0,True,42,False,1,Serverless + Static Hosting,0,0.712
500661930/testing-integration/program/Pulumi.yaml,Pulumi,typescript,Low,2,0,0,True,27,False,1,Serverless + Static Hosting,0,0.712
301885174/Pulumi.yaml,Pulumi,python,Low,2,0,0,True,35,False,1,Serverless + Static Hosting,0,0.712
500661930/aws-py-s3-folder/Pulumi.yaml,Pulumi,python,Low,2,0,0,True,35,False,1,Serverless + Static Hosting,0,0.712
358000399/examples/cra/Pulumi.yaml,Pulumi,typescript,Low,2,0,0,True,19,False,1,Serverless + Static Hosting,0,0.712
375002227/aws-classic-py-s3-staticwebsite/Pulumi.yaml,Pulumi,python,Low,2,0,0,True,35,False,1,Serverless + Static Hosting,0,0.712
525315633/java/aws/native/s3/Pulumi.yaml,Pulumi,java,Low,2,0,0,True,33,False,1,Serverless + Static Hosting,0,0.712
479632230/cdk.json,AWS CDK,typescript,Low,2,0,0,False,0,True,2,Serverless + Static Hosting,0,0.712
456520594/Pulumi.yaml,Pulumi,go,Low,2,0,0,True,31,False,1,Serverless + Static Hosting,0,0.712
437924158/cdk.json,AWS CDK,typescript,Low,2,0,0,False,0,True,3,Serverless + Static Hosting,0,0.712
318160058/s3-lambda/Pulumi.yaml,Pulumi,typescript,Low,2,0,0,False,4,True,2,Serverless + Static Hosting,0,0.712
500661930/aws-native-java-s3-folder/Pulumi.yaml,Pulumi,java,Low,2,0,0,True,33,False,1,Serverless + Static Hosting,0,0.712
470761850/Pulumi.yaml,Pulumi,typescript,Low,2,0,0,True,32,False,1,Serverless + Static Hosting,0,0.712
431948420/cdk.json,AWS CDK,typescript,Low,2,0,0,False,0,True,2,Serverless + Static Hosting,0,0.712
362380606/deployment/Pulumi.yaml,Pulumi,typescript,Low,2,0,0,True,41,False,1,Serverless + Static Hosting,0,0.712
447961119/Pulumi.yaml,Pulumi,typescript,Low,2,0,0,True,33,False,1,Serverless + Static Hosting,0,0.712
525315633/go/aws/test/intg/program/Pulumi.yaml,Pulumi,typescript,Low,2,0,0,True,27,False,1,Serverless + Static Hosting,0,0.712
525315633/go/aws/wsite/Pulumi.yaml,Pulumi,go,Low,2,0,0,True,33,False,1,Serverless + Static Hosting,0,0.712
513876836/applications/pulumi-examples/aws-go-s3-folder-component/Pulumi.yaml,Pulumi,go,Low,2,0,0,True,33,False,1,Serverless + Static Hosting,0,0.712
482782115/cdk.json,AWS CDK,typescript,Low,2,0,0,False,0,True,2,Serverless + Static Hosting,0,0.712
413740135/Pulumi.yaml,Pulumi,python,Low,2,0,0,True,44,False,1,Serverless + Static Hosting,0,0.712
307538347/Pulumi.yaml,Pulumi,typescript,Low,2,0,0,True,39,False,1,Serverless + Static Hosting,0,0.712
234434135/Pulumi.yaml,Pulumi,typescript,Low,2,0,0,True,33,False,1,Serverless + Static Hosting,0,0.712
454440964/Pulumi.yaml,Pulumi,csharp,Low,2,0,0,True,33,False,1,Serverless + Static Hosting,0,0.712
444192978/cdk.json,AWS CDK,typescript,Low,2,0,0,False,0,True,2,Serverless + Static Hosting,0,0.712
436776063/part-one/Pulumi.yaml,Pulumi,python,Low,2,0,0,True,31,False,1,Serverless + Static Hosting,0,0.712
380877948/s3website/Pulumi.yaml,Pulumi,python,Low,2,0,0,True,38,False,1,Serverless + Static Hosting,0,0.712
500661930/aws-go-s3-folder/Pulumi.yaml,Pulumi,go,Low,2,0,0,True,33,False,1,Serverless + Static Hosting,0,0.712
487963691/Pulumi.yaml,Pulumi,typescript,Low,2,0,0,True,57,False,1,Serverless + Static Hosting,0,0.712
322843090/infra/Pulumi.yaml,Pulumi,python,Low,2,0,0,True,63,False,1,Serverless + Static Hosting,0,0.712
108589232/aws-cs-s3-folder/Pulumi.yaml,Pulumi,csharp,Low,2,0,0,True,33,False,1,Serverless + Static Hosting,0,0.712
108589232/aws-go-s3-folder-component/Pulumi.yaml,Pulumi,go,Low,2,0,0,True,33,False,1,Serverless + Static Hosting,0,0.712
338322585/s3-lambda-dynamodb-cdk/cdk/cdk.json,AWS CDK,typescript,Low,2,0,0,False,0,True,3,Serverless + Static Hosting,0,0.712
338322585/s3-lambda-cdk/src/cdk.json,AWS CDK,typescript,Low,2,0,0,False,0,True,2,Serverless + Static Hosting,0,0.712
108589232/aws-py-s3-folder/Pulumi.yaml,Pulumi,python,Low,2,0,0,True,35,False,1,Serverless + Static Hosting,0,0.712
338322585/apigw-s3-cdk/cdk/cdk.json,AWS CDK,typescript,Low,2,0,0,False,0,True,2,Serverless + Static Hosting,0,0.712
500201832/typescript/s3-object-lambda/cdk.json,AWS CDK,typescript,Low,2,0,0,False,0,True,2,Serverless + Static Hosting,0,0.712
500201832/typescript/lambda-manage-s3-event-notification/cdk.json,AWS CDK,typescript,Low,2,0,0,False,0,True,2,Serverless + Static Hosting,0,0.712
500201832/typescript/rekognition-lambda-s3-trigger/cdk.json,AWS CDK,typescript,Low,2,0,0,False,0,True,2,Serverless + Static Hosting,0,0.712
304946845/S3/CreateS3Bucket/aws-go-s3/Pulumi.yaml,Pulumi,go,Low,2,0,0,True,19,False,1,Serverless + Static Hosting,0,0.712
370452507/Pulumi.yaml,Pulumi,typescript,Low,2,0,0,True,33,False,1,Serverless + Static Hosting,0,0.712
526815063/typescript/lambda-manage-s3-event-notification/cdk.json,AWS CDK,typescript,Low,2,0,0,False,0,True,2,Serverless + Static Hosting,0,0.712
515542664/Pulumi.yaml,Pulumi,typescript,Low,2,0,0,True,38,False,1,Serverless + Static Hosting,0,0.712
434960773/cdk.json,AWS CDK,typescript,Low,2,0,0,False,0,True,2,Serverless + Static Hosting,0,0.712
426080495/cdk.json,AWS CDK,typescript,Low,2,0,0,False,0,True,2,Serverless + Static Hosting,0,0.712
526815063/typescript/rekognition-lambda-s3-trigger/cdk.json,AWS CDK,typescript,Low,2,0,0,False,0,True,2,Serverless + Static Hosting,0,0.712
457474198/deployed/projects/be-bucket-492598163938-us-west-2/Pulumi.yaml,Pulumi,python,Low,2,0,0,True,65,False,1,Serverless + Static Hosting,0,0.712
515272031/Pulumi.yaml,Pulumi,typescript,Low,2,0,0,True,39,False,1,Serverless + Static Hosting,0,0.712
523027693/cdk-ecs/cdk.json,AWS CDK,typescript,Low,2,0,0,False,0,True,2,Serverless + Static Hosting,0,0.712
496936128/example1/Pulumi.yaml,Pulumi,python,Low,2,0,0,True,30,False,1,Serverless + Static Hosting,0,0.712
502720827/aws-cdk-examples-master/typescript/s3-object-lambda/cdk.json,AWS CDK,typescript,Low,2,0,0,False,0,True,2,Serverless + Static Hosting,0,0.712
502720827/aws-cdk-examples-master/typescript/lambda-manage-s3-event-notification/cdk.json,AWS CDK,typescript,Low,2,0,0,False,0,True,2,Serverless + Static Hosting,0,0.712
502720827/aws-cdk-examples-master/typescript/rekognition-lambda-s3-trigger/cdk.json,AWS CDK,typescript,Low,2,0,0,False,0,True,2,Serverless + Static Hosting,0,0.712
526815063/typescript/s3-object-lambda/cdk.json,AWS CDK,typescript,Low,2,0,0,False,0,True,2,Serverless + Static Hosting,0,0.712
513876836/applications/pulumi-examples/aws-py-s3-folder/Pulumi.yaml,Pulumi,python,Low,2,0,0,True,35,False,1,Serverless + Static Hosting,0,0.712
372516302/pulumi_s3/Pulumi.yaml,Pulumi,python,Low,2,0,0,True,35,False,1,Serverless + Static Hosting,0,0.712
385661757/typescript/lambda-manage-s3-event-notification/cdk.json,AWS CDK,typescript,Low,2,0,0,False,0,True,2,Serverless + Static Hosting,0,0.712
292109985/go/inline_local_hybrid/cli/Pulumi.yaml,Pulumi,go,Low,2,0,0,True,33,False,1,Serverless + Static Hosting,0,0.712
292109985/nodejs/localProgram-tsnode-mochatests/infrastructure/Pulumi.yaml,Pulumi,typescript,Low,2,0,0,True,35,False,1,Serverless + Static Hosting,0,0.712
330618650/cdk.json,AWS CDK,typescript,Low,2,0,0,False,0,True,2,Serverless + Static Hosting,0,0.712
434004267/cdk.json,AWS CDK,typescript,Low,1,0,0,False,0,False,1,Serverless + Static Hosting,0,0.712
511158547/cdk.json,AWS CDK,javascript,Low,1,0,0,False,0,False,1,Serverless + Static Hosting,0,0.712
524136848/cdk.json,AWS CDK,typescript,Low,1,0,0,False,0,False,1,Serverless + Static Hosting,0,0.712
509973117/cdk.json,AWS CDK,typescript,Low,1,0,0,False,0,False,1,Serverless + Static Hosting,0,0.712
523027693/cdk/cdk.json,AWS CDK,typescript,Low,1,0,0,False,0,False,1,Serverless + Static Hosting,0,0.712
528464711/resources/cdk/s3-ruby-example-create-bucket/cdk.json,AWS CDK,typescript,Low,1,0,0,False,0,False,1,Serverless + Static Hosting,0,0.712
338322585/iot-firehose-s3-cdk/iot-kfh-s3/cdk.json,AWS CDK,typescript,Low,1,0,0,False,0,False,1,Serverless + Static Hosting,0,0.712
338322585/cdk-sfn-s3/cdk.json,AWS CDK,typescript,Low,1,0,0,False,0,False,1,Serverless + Static Hosting,0,0.712
302536644/cdk.json,AWS CDK,typescript,Low,1,0,0,False,0,False,1,Serverless + Static Hosting,0,0.712
445360938/cdk.json,AWS CDK,typescript,Low,1,0,0,False,0,False,1,Serverless + Static Hosting,0,0.712
513749024/cdk.json,AWS CDK,typescript,Low,1,0,0,False,0,False,1,Serverless + Static Hosting,0,0.712
66023605/resources/cdk/s3-ruby-example-create-bucket/cdk.json,AWS CDK,typescript,Low,1,0,0,False,0,False,1,Serverless + Static Hosting,0,0.712
418217192/resources/cdk/s3-ruby-example-create-bucket/cdk.json,AWS CDK,typescript,Low,1,0,0,False,0,False,1,Serverless + Static Hosting,0,0.712
294276301/cdk.json,AWS CDK,typescript,Low,1,0,0,False,0,False,1,Serverless + Static Hosting,0,0.712
421008345/solutions/aws-s3-image-upload/cdk.json,AWS CDK,typescript,Low,1,0,0,False,0,False,1,Serverless + Static Hosting,0,0.712
472972340/cdk.json,AWS CDK,typescript,Low,1,0,0,False,0,False,1,Serverless + Static Hosting,0,0.712
472254354/part7/cdk.json,AWS CDK,typescript,Low,1,0,0,False,0,False,1,Serverless + Static Hosting,0,0.712
472254354/part4/cdk.json,AWS CDK,typescript,Low,1,0,0,False,0,False,1,Serverless + Static Hosting,0,0.712
472254354/part8/cdk.json,AWS CDK,typescript,Low,1,0,0,False,0,False,1,Serverless + Static Hosting,0,0.712
472254354/part3/cdk.json,AWS CDK,typescript,Low,1,0,0,False,0,False,1,Serverless + Static Hosting,0,0.712
472254354/part6/cdk.json,AWS CDK,typescript,Low,1,0,0,False,0,False,1,Serverless + Static Hosting,0,0.712
472254354/part9/cdk.json,AWS CDK,typescript,Low,1,0,0,False,0,False,1,Serverless + Static Hosting,0,0.712
528180163/cdk.json,AWS CDK,typescript,Low,1,0,0,False,0,False,1,Serverless + Static Hosting,0,0.712
164016558/examples/s3-antivurs-example/cdk.json,AWS CDK,typescript,Low,1,0,0,False,0,False,1,Serverless + Static Hosting,0,0.712
385619734/resources/cdk/s3-ruby-example-create-bucket/cdk.json,AWS CDK,typescript,Low,1,0,0,False,0,False,1,Serverless + Static Hosting,0,0.712
443488895/cdk.json,AWS CDK,typescript,Low,1,0,0,False,0,False,1,Serverless + Static Hosting,0,0.712
516558548/cdk.json,AWS CDK,typescript,Low,1,0,0,False,0,False,1,Serverless + Static Hosting,0,0.712
432929307/resources/cdk/s3-ruby-example-create-bucket/cdk.json,AWS CDK,typescript,Low,1,0,0,False,0,False,1,Serverless + Static Hosting,0,0.712
364794328/resources/cdk/s3-ruby-example-create-bucket/cdk.json,AWS CDK,typescript,Low,1,0,0,False,0,False,1,Serverless + Static Hosting,0,0.712
479186206/cdk.json,AWS CDK,typescript,Low,1,0,0,False,0,False,1,Serverless + Static Hosting,0,0.712
438630215/step16_simple_email_service/save-received-mails-in-s3/cdk.json,AWS CDK,typescript,Low,1,0,0,False,0,False,1,Serverless + Static Hosting,0,0.712
480095537/static-site-s3/cdk.json,AWS CDK,typescript,Low,1,0,0,False,0,False,1,Serverless + Static Hosting,0,0.712
520797281/cdk.json,AWS CDK,typescript,Low,1,0,0,False,0,False,1,Serverless + Static Hosting,0,0.712
268075741/cdk-s3-website-deployment/cdk.json,AWS CDK,typescript,Low,1,0,0,False,0,False,1,Serverless + Static Hosting,0,0.712
520134740/cdk.json,AWS CDK,typescript,Low,1,0,0,False,0,False,1,Serverless + Static Hosting,0,0.712
519478297/cdk.json,AWS CDK,typescript,Low,1,0,0,False,0,False,1,Serverless + Static Hosting,0,0.712
475147529/cdk.json,AWS CDK,typescript,Low,1,0,0,False,0,False,1,Serverless + Static Hosting,0,0.712
368300784/cdk/s3/cdk.json,AWS CDK,javascript,Low,1,0,0,False,0,False,1,Serverless + Static Hosting,0,0.712
500618075/cdk.json,AWS CDK,typescript,Low,1,0,0,False,0,False,1,Serverless + Static Hosting,0,0.712
401983027/demo.s3/cdk.json,AWS CDK,typescript,Low,1,0,0,False,0,False,1,Serverless + Static Hosting,0,0.712
481948508/cdk.json,AWS CDK,typescript,Low,1,0,0,False,0,False,1,Serverless + Static Hosting,0,0.712
383504765/resources/cdk/s3-ruby-example-create-bucket/cdk.json,AWS CDK,typescript,Low,1,0,0,False,0,False,1,Serverless + Static Hosting,0,0.712
393462229/cdk.json,AWS CDK,typescript,Low,1,0,0,False,0,False,1,Serverless + Static Hosting,0,0.712
351524272/resources/cdk/s3-ruby-example-create-bucket/cdk.json,AWS CDK,typescript,Low,1,0,0,False,0,False,1,Serverless + Static Hosting,0,0.712
429818831/cdk.json,AWS CDK,typescript,Low,1,0,0,False,0,False,1,Serverless + Static Hosting,0,0.712
501331861/resources/cdk/s3-ruby-example-create-bucket/cdk.json,AWS CDK,typescript,Low,1,0,0,False,0,False,1,Serverless + Static Hosting,0,0.712
286241073/lib/files/cdk.json,AWS CDK,typescript,Low,1,0,0,False,0,False,1,Serverless + Static Hosting,0,0.712
485538720/resources/cdk/s3-ruby-example-create-bucket/cdk.json,AWS CDK,typescript,Low,1,0,0,False,0,False,1,Serverless + Static Hosting,0,0.712
471926301/cdk/s3-cdk/cdk.json,AWS CDK,typescript,Low,1,0,0,False,0,False,1,Serverless + Static Hosting,0,0.712
500271929/cdk.json,AWS CDK,typescript,Low,1,0,0,False,0,False,1,Serverless + Static Hosting,0,0.712
422619130/code/s3/cdk.json,AWS CDK,typescript,Low,1,0,0,False,0,False,1,Serverless + Static Hosting,0,0.712
480585529/cdk.json,AWS CDK,typescript,Low,1,0,0,False,0,False,1,Serverless + Static Hosting,0,0.712
456853793/Conformity/Integration/aws-cdk-conformity-to-s3/cdk.json,AWS CDK,typescript,Low,1,0,0,False,0,False,1,Serverless + Static Hosting,0,0.712
459532878/cdk.json,AWS CDK,typescript,Low,1,0,0,False,0,False,1,Serverless + Static Hosting,0,0.712
513986937/cdk.json,AWS CDK,typescript,Low,1,0,0,False,0,False,1,Serverless + Static Hosting,0,0.712
508435094/cdk.json,AWS CDK,typescript,Low,1,0,0,False,0,False,1,Serverless + Static Hosting,0,0.712
390891138/resources/cdk/s3-ruby-example-create-bucket/cdk.json,AWS CDK,typescript,Low,1,0,0,False,0,False,1,Serverless + Static Hosting,0,0.712
338874999/resources/cdk/s3-ruby-example-create-bucket/cdk.json,AWS CDK,typescript,Low,1,0,0,False,0,False,1,Serverless + Static Hosting,0,0.712
223885392/4-cdk-in-lambda/cdk.json,AWS CDK,javascript,Low,1,0,0,False,0,False,1,Serverless + Static Hosting,0,0.712
450784184/cdk.json,AWS CDK,typescript,Low,1,0,0,False,0,False,1,Serverless + Static Hosting,0,0.712
135867643/infra/s3/cdk.json,AWS CDK,typescript,Low,1,0,0,False,0,False,1,Serverless + Static Hosting,0,0.712
387025681/cdk.json,AWS CDK,typescript,Low,1,0,0,False,0,False,1,Serverless + Static Hosting,0,0.712
484206094/deploy/cdk.json,AWS CDK,typescript,Low,1,0,0,False,0,False,1,Serverless + Static Hosting,0,0.712
192832187/cdk.json,AWS CDK,typescript,Low,1,0,0,False,0,False,1,Serverless + Static Hosting,0,0.712
465318279/cdk.json,AWS CDK,typescript,Low,1,0,0,False,0,False,1,Serverless + Static Hosting,0,0.712
489150669/cdk.json,AWS CDK,typescript,Low,1,0,0,False,0,False,1,Serverless + Static Hosting,0,0.712
372769691/multi-region-s3-crr-kms-cmk/cdk.json,AWS CDK,typescript,Low,1,0,0,False,0,False,1,Serverless + Static Hosting,0,0.712
108589232/aws-py-apigatewayv2-eventbridge/Pulumi.yaml,Pulumi,python,Low,3,0,0,True,64,True,3,Kubernetes Workload,3,0.706
339220681/eks-vpc/Pulumi.yaml,Pulumi,typescript,Low,3,0,0,True,38,True,2,Kubernetes Workload,3,0.706
475025089/aws-ts-apigatewayv2-eventbridge/Pulumi.yaml,Pulumi,typescript,Low,3,0,0,True,64,True,3,Kubernetes Workload,3,0.706
139360495/examples/guestbook-aws-elasticache/Pulumi.yaml,Pulumi,typescript,Low,3,0,0,True,93,True,2,Kubernetes Workload,3,0.706
235949348/infrastructure/Pulumi.yaml,Pulumi,typescript,Low,3,0,0,True,49,True,2,Kubernetes Workload,3,0.706
254155269/typescript/aws/eks-platform/external-dns/Pulumi.yaml,Pulumi,typescript,Low,3,0,0,True,39,True,2,Kubernetes Workload,3,0.706
290586638/aws-eks-alb-controller-helm-x509-selfsigned-ts/Pulumi.yaml,Pulumi,typescript,Low,3,0,0,True,39,True,2,Kubernetes Workload,3,0.706
442476775/Pulumi.yaml,Pulumi,python,Low,3,0,0,True,163,True,3,Kubernetes Workload,3,0.706
145051421/examples/fargate/Pulumi.yaml,Pulumi,typescript,Low,3,0,0,True,33,True,2,Kubernetes Workload,3,0.706
475025089/aws-py-apigatewayv2-eventbridge/Pulumi.yaml,Pulumi,python,Low,3,0,0,True,64,True,3,Kubernetes Workload,3,0.706
417586173/py-aws-eks-on-fargate/eks/Pulumi.yaml,Pulumi,python,Low,3,0,0,True,25,True,2,Kubernetes Workload,3,0.706
290586638/Pulumi-Workshop/k8s-ingress-route53-ts/Pulumi.yaml,Pulumi,typescript,Low,3,0,0,True,39,True,2,Kubernetes Workload,3,0.706
375002227/aws-classic-ts-eks-vpc-sg-default-rules/Pulumi.yaml,Pulumi,typescript,Low,3,0,0,True,39,True,2,Kubernetes Workload,3,0.706
417586173/py-aws-eks-on-fargate/vpc/Pulumi.yaml,Pulumi,typescript,Low,3,0,0,True,14,True,2,Kubernetes Workload,3,0.706
376950720/pulumi/python/infrastructure/aws/eks/Pulumi.yaml,Pulumi,python,Low,3,0,0,True,42,True,2,Kubernetes Workload,3,0.706
500661930/aws-ts-apigatewayv2-eventbridge/Pulumi.yaml,Pulumi,typescript,Low,3,0,0,True,64,True,3,Kubernetes Workload,3,0.706
108589232/aws-ts-apigatewayv2-eventbridge/Pulumi.yaml,Pulumi,typescript,Low,3,0,0,True,64,True,3,Kubernetes Workload,3,0.706
145051421/examples/fargate-py/Pulumi.yaml,Pulumi,python,Low,3,0,0,True,33,True,2,Kubernetes Workload,3,0.706
500661930/aws-py-apigatewayv2-eventbridge/Pulumi.yaml,Pulumi,python,Low,3,0,0,True,64,True,3,Kubernetes Workload,3,0.706
487065478/examples/complex-full-stack-go/Pulumi.yaml,Pulumi,go,Low,3,0,0,True,63,True,2,Kubernetes Workload,3,0.706
223281682/eks-hosted/02-cluster-services/Pulumi.yaml,Pulumi,typescript,Low,3,0,0,True,68,True,2,Kubernetes Workload,3,0.706
248899921/kubernetes/aws-ts-helm-rbac/Pulumi.yaml,Pulumi,typescript,Low,3,0,0,True,75,True,2,Kubernetes Workload,3,0.706
466639489/Pulumi.yaml,Pulumi,python,Low,2,0,0,True,42,False,1,Kubernetes Workload,3,0.706
525426724/k8s/stacks/Pulumi.yaml,Pulumi,go,Low,2,0,0,True,32,False,1,Kubernetes Workload,3,0.706
407370847/pulumisrc/Pulumi.yaml,Pulumi,python,Low,2,0,0,True,42,False,1,Kubernetes Workload,3,0.706
342048710/iac/Pulumi.yaml,Pulumi,typescript,Low,2,0,0,True,18,False,1,Kubernetes Workload,3,0.706
521013570/Pulumi.yaml,Pulumi,typescript,Low,2,0,0,True,19,False,1,Kubernetes Workload,3,0.706
184460929/Pulumi.yaml,Pulumi,go,Low,2,0,0,True,31,False,1,Kubernetes Workload,3,0.706
525315633/java/aws/eks/Pulumi.yaml,Pulumi,java,Low,2,0,0,True,56,False,1,Kubernetes Workload,3,0.706
92832781/digitalocean/ts/digitalocean-ts-k8s/Pulumi.yaml,Pulumi,typescript,Low,2,0,0,True,60,False,1,Kubernetes Workload,3,0.706
525426724/aws/eks/Pulumi.yaml,Pulumi,go,Low,2,0,0,True,39,False,1,Kubernetes Workload,3,0.706
357509257/Pulumi.yaml,Pulumi,typescript,Low,2,0,0,True,39,False,1,Kubernetes Workload,3,0.706
452488249/Pulumi.yaml,Pulumi,go,Low,2,0,0,True,66,False,1,Kubernetes Workload,3,0.706
218375686/infrastructure/Pulumi.yaml,Pulumi,python,Low,2,0,0,True,42,False,1,Kubernetes Workload,3,0.706
325358958/kubernetes-csharp/Pulumi.yaml,Pulumi,csharp,Low,2,0,0,True,38,False,1,Kubernetes Workload,3,0.706
92832781/others/kubernetes-ts-nginx/Pulumi.yaml,Pulumi,typescript,Low,2,0,0,True,69,False,1,Kubernetes Workload,3,0.706
92832781/azure/ts/azure-ts-aks-helm/Pulumi.yaml,Pulumi,typescript,Low,2,0,0,True,80,False,1,Kubernetes Workload,3,0.706
92832781/others/kubernetes-ts-multicloud/Pulumi.yaml,Pulumi,typescript,Low,2,0,0,True,59,False,1,Kubernetes Workload,3,0.706
92832781/others/kubernetes-py-guestbook/simple/Pulumi.yaml,Pulumi,python,Low,2,0,0,True,107,False,1,Kubernetes Workload,3,0.706
92832781/others/kubernetes-cs-guestbook/simple/Pulumi.yaml,Pulumi,csharp,Low,2,0,0,True,107,False,1,Kubernetes Workload,3,0.706
92832781/others/kubernetes-cs-guestbook/components/Pulumi.yaml,Pulumi,csharp,Low,2,0,0,True,107,False,1,Kubernetes Workload,3,0.706
92832781/others/kubernetes-ts-jenkins/Pulumi.yaml,Pulumi,typescript,Low,2,0,0,True,32,False,1,Kubernetes Workload,3,0.706
92832781/others/kubernetes-ts-guestbook/simple/Pulumi.yaml,Pulumi,typescript,Low,2,0,0,True,107,False,1,Kubernetes Workload,3,0.706
92832781/others/kubernetes-ts-guestbook/components/Pulumi.yaml,Pulumi,typescript,Low,2,0,0,True,107,False,1,Kubernetes Workload,3,0.706
525386554/Pulumi.yaml,Pulumi,go,Low,2,0,0,True,38,False,1,Kubernetes Workload,3,0.706
525315633/java/gcp/gke/Pulumi.yaml,Pulumi,java,Low,2,0,0,True,65,False,1,Kubernetes Workload,3,0.706
92832781/azure/cs/azure-cs-aks-private-container-registry/Pulumi.yaml,Pulumi,csharp,Low,2,0,0,True,153,False,1,Kubernetes Workload,3,0.706
92832781/azure/cs/azure-cs-aks/Pulumi.yaml,Pulumi,csharp,Low,2,0,0,True,49,False,1,Kubernetes Workload,3,0.706
92832781/azure/go/azure-go-aks/Pulumi.yaml,Pulumi,go,Low,2,0,0,True,49,False,1,Kubernetes Workload,3,0.706
92832781/azure/py/azure-py-aks-multicluster/Pulumi.yaml,Pulumi,python,Low,2,0,0,True,127,False,1,Kubernetes Workload,3,0.706
112892985/examples/pulumi/k8s-deployment/Pulumi.yaml,Pulumi,typescript,Low,2,0,0,True,46,False,1,Kubernetes Workload,3,0.706
500661930/kubernetes-ts-guestbook/simple/Pulumi.yaml,Pulumi,typescript,Low,2,0,0,True,107,False,1,Kubernetes Workload,3,0.706
500661930/kubernetes-ts-guestbook/components/Pulumi.yaml,Pulumi,typescript,Low,2,0,0,True,107,False,1,Kubernetes Workload,3,0.706
500661930/kubernetes-py-nginx/Pulumi.yaml,Pulumi,python,Low,2,0,0,True,69,False,1,Kubernetes Workload,3,0.706
500661930/gcp-ts-gke/Pulumi.yaml,Pulumi,typescript,Low,2,0,0,True,64,False,1,Kubernetes Workload,3,0.706
500661930/azure-go-aks-multicluster/Pulumi.yaml,Pulumi,go,Low,2,0,0,True,107,False,1,Kubernetes Workload,3,0.706
500661930/classic-azure-ts-aks-with-diagnostics/Pulumi.yaml,Pulumi,typescript,Low,2,0,0,True,71,False,1,Kubernetes Workload,3,0.706
500661930/classic-azure-fs-aks/Pulumi.yaml,Pulumi,csharp,Low,2,0,0,True,58,False,1,Kubernetes Workload,3,0.706
258527843/aks/Pulumi.yaml,Pulumi,csharp,Low,2,0,0,True,49,False,1,Kubernetes Workload,3,0.706
500661930/google-native-ts-k8s-ruby-on-rails-postgresql/infra/Pulumi.yaml,Pulumi,typescript,Low,2,0,0,True,73,False,1,Kubernetes Workload,3,0.706
429716155/src/Infrastructure/Pulumi.yaml,Pulumi,csharp,Low,2,0,0,True,38,False,1,Kubernetes Workload,3,0.706
486639397/infra/pulumi/kubernetes/Pulumi.yaml,Pulumi,typescript,Low,2,0,0,True,46,False,1,Kubernetes Workload,3,0.706
481214975/cicd-with-gha-and-pulumi-operator/Pulumi.yaml,Pulumi,typescript,Low,2,0,0,True,106,False,1,Kubernetes Workload,3,0.706
481214975/cicd-with-gha-and-pulumi-operator/gitops/Pulumi.yaml,Pulumi,typescript,Low,2,0,0,True,46,False,1,Kubernetes Workload,3,0.706
365972159/Pulumi.yaml,Pulumi,typescript,Low,2,0,0,True,46,False,1,Kubernetes Workload,3,0.706
112892985/examples/pulumi/k8s-namespace/Pulumi.yaml,Pulumi,typescript,Low,2,0,0,True,46,False,1,Kubernetes Workload,3,0.706
510569695/Pulumi.yaml,Pulumi,go,Low,2,0,0,True,22,False,1,Kubernetes Workload,3,0.706
266175432/infra/aks/Pulumi.yaml,Pulumi,typescript,Low,2,0,0,True,36,False,1,Kubernetes Workload,3,0.706
266175432/infra/k8s/Pulumi.yaml,Pulumi,typescript,Low,2,0,0,True,52,False,1,Kubernetes Workload,3,0.706
216529759/cluster/pulumi/aws/eks/Pulumi.yaml,Pulumi,typescript,Low,2,0,0,True,21,False,1,Kubernetes Workload,3,0.706
289179361/pulumi/Pulumi.yaml,Pulumi,go,Low,2,0,0,True,55,False,1,Kubernetes Workload,3,0.706
525315633/java/k8s/Pulumi.yaml,Pulumi,java,Low,2,0,0,True,40,False,1,Kubernetes Workload,3,0.706
92832781/aws/ts/aws-ts-eks/Pulumi.yaml,Pulumi,typescript,Low,2,0,0,True,19,False,1,Kubernetes Workload,3,0.706
92832781/aws/ts/aws-ts-eks-migrate-nodegroups/Pulumi.yaml,Pulumi,typescript,Low,2,0,0,True,159,False,1,Kubernetes Workload,3,0.706
489257845/Pulumi.yaml,Pulumi,typescript,Low,2,0,0,True,39,False,1,Kubernetes Workload,3,0.706
500661930/azure-cs-aks/Pulumi.yaml,Pulumi,csharp,Low,2,0,0,True,74,False,1,Kubernetes Workload,3,0.706
506016156/Pulumi.yaml,Pulumi,typescript,Low,2,0,0,True,46,False,1,Kubernetes Workload,3,0.706
160573791/gcp/03-cluster-configuration/Pulumi.yaml,Pulumi,typescript,Low,2,0,0,True,43,False,1,Kubernetes Workload,3,0.706
160573791/azure/01-identity/Pulumi.yaml,Pulumi,typescript,Low,2,0,0,True,59,False,1,Kubernetes Workload,3,0.706
160573791/azure/02-managed-infra/Pulumi.yaml,Pulumi,typescript,Low,2,0,0,True,58,False,1,Kubernetes Workload,3,0.706
160573791/azure/05-app-services/Pulumi.yaml,Pulumi,typescript,Low,2,0,0,True,48,False,1,Kubernetes Workload,3,0.706
160573791/azure/06-apps/build-deploy-container/Pulumi.yaml,Pulumi,typescript,Low,2,0,0,True,73,False,1,Kubernetes Workload,3,0.706
250097257/aws/01-identity/Pulumi.yaml,Pulumi,typescript,Low,2,0,0,True,63,False,1,Kubernetes Workload,3,0.706
250097257/aws/02-managed-infra/Pulumi.yaml,Pulumi,typescript,Low,2,0,0,True,63,False,1,Kubernetes Workload,3,0.706
250097257/aws/03-cluster-configuration/Pulumi.yaml,Pulumi,typescript,Low,2,0,0,True,44,False,1,Kubernetes Workload,3,0.706
375017229/Pulumi.yaml,Pulumi,python,Low,2,0,0,True,40,False,1,Kubernetes Workload,3,0.706
509456165/pulumi/src/infrastructure/k8s_cluster/Pulumi.yaml,Pulumi,python,Low,2,0,0,True,34,False,1,Kubernetes Workload,3,0.706
451560593/Pulumi.yaml,Pulumi,python,Low,2,0,0,True,40,False,1,Kubernetes Workload,3,0.706
434579863/Pulumi.yaml,Pulumi,go,Low,2,0,0,True,34,False,1,Kubernetes Workload,3,0.706
497194353/pulumi/k8s-infra/Pulumi.yaml,Pulumi,typescript,Low,2,0,0,True,40,False,1,Kubernetes Workload,3,0.706
271155198/Pulumi.yaml,Pulumi,typescript,Low,2,0,0,True,36,False,1,Kubernetes Workload,3,0.706
298498283/kubernetes/Pulumi.yaml,Pulumi,go,Low,2,0,0,True,70,False,1,Kubernetes Workload,3,0.706
371365137/kubernetes-userdata/Pulumi.yaml,Pulumi,typescript,Low,2,0,0,True,49,False,1,Kubernetes Workload,3,0.706
375002227/aws-classic-ts-eks-cert-manager/Pulumi.yaml,Pulumi,typescript,Low,2,0,0,True,39,False,1,Kubernetes Workload,3,0.706
383029129/Pulumi.yaml,Pulumi,typescript,Low,2,0,0,True,24,False,1,Kubernetes Workload,3,0.706
332281775/packages/templates/src/project/potionx/deployment/Pulumi.yaml,Pulumi,typescript,Low,2,0,0,True,60,False,1,Kubernetes Workload,3,0.706
259872644/webapp_flask/pulumi_eks/Pulumi.yaml,Pulumi,python,Low,2,0,0,True,40,False,1,Kubernetes Workload,3,0.706
375002227/aws-classic-py-eks/Pulumi.yaml,Pulumi,python,Low,2,0,0,True,35,False,1,Kubernetes Workload,3,0.706
375002227/aws-classic-ts-eks-spot-mg/Pulumi.yaml,Pulumi,typescript,Low,2,0,0,True,39,False,1,Kubernetes Workload,3,0.706
375002227/aws-classic-ts-eks-nodetaint/Pulumi.yaml,Pulumi,typescript,Low,2,0,0,True,39,False,1,Kubernetes Workload,3,0.706
375002227/aws-classic-ts-eks-different-awsprofile/Pulumi.yaml,Pulumi,typescript,Low,2,0,0,True,39,False,1,Kubernetes Workload,3,0.706
375002227/aws-classic-ts-eks/Pulumi.yaml,Pulumi,typescript,Low,2,0,0,True,39,False,1,Kubernetes Workload,3,0.706
375002227/aws-classic-py-eks-spot-nodegroups/Pulumi.yaml,Pulumi,python,Low,2,0,0,True,35,False,1,Kubernetes Workload,3,0.706
375002227/aws-classic-ts-eks-awsx-spot/Pulumi.yaml,Pulumi,typescript,Low,2,0,0,True,39,False,1,Kubernetes Workload,3,0.706
160573791/apps/deployment-secret/Pulumi.yaml,Pulumi,typescript,Low,2,0,0,True,71,False,1,Kubernetes Workload,3,0.706
298498283/network/Pulumi.yaml,Pulumi,go,Low,2,0,0,True,35,False,1,Kubernetes Workload,3,0.706
438719805/infrastructure/Pulumi.yaml,Pulumi,typescript,Low,2,0,0,True,64,False,1,Kubernetes Workload,3,0.706
445552005/Pulumi.yaml,Pulumi,go,Low,2,0,0,True,66,False,1,Kubernetes Workload,3,0.706
204870141/Pulumi.yaml,Pulumi,typescript,Low,2,0,0,True,102,False,1,Kubernetes Workload,3,0.706
345752202/Pulumi.yaml,Pulumi,typescript,Low,2,0,0,True,28,False,1,Kubernetes Workload,3,0.706
379103811/Pulumi.yaml,Pulumi,typescript,Low,2,0,0,True,58,False,1,Kubernetes Workload,3,0.706
517962556/Pulumi.yaml,Pulumi,typescript,Low,2,0,0,True,46,False,1,Kubernetes Workload,3,0.706
92832781/azure/fs/azure-fs-aks/Pulumi.yaml,Pulumi,csharp,Low,2,0,0,True,58,False,1,Kubernetes Workload,3,0.706
362985718/kubernetes/Pulumi.yaml,Pulumi,typescript,Low,2,0,0,True,46,False,1,Kubernetes Workload,3,0.706
487065478/examples/simple-eks-go/Pulumi.yaml,Pulumi,go,Low,2,0,0,True,70,False,1,Kubernetes Workload,3,0.706
463334669/app-wordpress/Pulumi.yaml,Pulumi,python,Low,2,0,0,True,48,False,1,Kubernetes Workload,3,0.706
314376619/Pulumi.yaml,Pulumi,typescript,Low,2,0,0,True,43,False,1,Kubernetes Workload,3,0.706
319103482/azure-k8s-go/Pulumi.yaml,Pulumi,go,Low,2,0,0,True,29,False,1,Kubernetes Workload,3,0.706
319103482/kubernetes-go/Pulumi.yaml,Pulumi,go,Low,2,0,0,True,38,False,1,Kubernetes Workload,3,0.706
524838651/Pulumi.yaml,Pulumi,csharp,Low,2,0,0,True,38,False,1,Kubernetes Workload,3,0.706
392320235/02-openfaas/Pulumi.yaml,Pulumi,go,Low,2,0,0,True,38,False,1,Kubernetes Workload,3,0.706
233265533/app/Pulumi.yaml,Pulumi,typescript,Low,2,0,0,True,42,False,1,Kubernetes Workload,3,0.706
441237440/Pulumi.yaml,Pulumi,typescript,Low,2,0,0,True,50,False,1,Kubernetes Workload,3,0.706
327561355/digitalocean-ts-k8s/Pulumi.yaml,Pulumi,typescript,Low,2,0,0,True,60,False,1,Kubernetes Workload,3,0.706
443737084/k8s-pulumi/Pulumi.yaml,Pulumi,python,Low,2,0,0,True,46,False,1,Kubernetes Workload,3,0.706
456517989/Pulumi.yml,Pulumi,go,Low,2,0,0,True,26,False,1,Kubernetes Workload,3,0.706
456517989/stacks/guestbook/Pulumi.yaml,Pulumi,go,Low,2,0,0,True,107,False,1,Kubernetes Workload,3,0.706
439063907/pulumi/Pulumi.yaml,Pulumi,go,Low,2,0,0,True,39,False,1,Kubernetes Workload,3,0.706
92832781/aws/py/aws-py-eks/Pulumi.yaml,Pulumi,python,Low,2,0,0,True,40,False,1,Kubernetes Workload,3,0.706
515085163/jenkins/Pulumi.yaml,Pulumi,go,Low,2,0,0,True,26,False,1,Kubernetes Workload,3,0.706
169332867/Pulumi.yaml,Pulumi,typescript,Low,2,0,0,True,72,False,1,Kubernetes Workload,3,0.706
284830713/Pulumi.yaml,Pulumi,typescript,Low,2,0,0,True,46,False,1,Kubernetes Workload,3,0.706
293744246/infra/namespaces/Pulumi.yaml,Pulumi,typescript,Low,2,0,0,True,23,False,1,Kubernetes Workload,3,0.706
466638724/Pulumi.yaml,Pulumi,python,Low,2,0,0,True,42,False,1,Kubernetes Workload,3,0.706
249071852/Pulumi.yaml,Pulumi,typescript,Low,2,0,0,True,46,False,1,Kubernetes Workload,3,0.706
392320235/01-aiven/Pulumi.yaml,Pulumi,go,Low,2,0,0,True,38,False,1,Kubernetes Workload,3,0.706
233265533/infra/Pulumi.yaml,Pulumi,typescript,Low,2,0,0,True,36,False,1,Kubernetes Workload,3,0.706
500661930/gcp-go-gke/Pulumi.yaml,Pulumi,go,Low,2,0,0,True,39,False,1,Kubernetes Workload,3,0.706
500661930/digitalocean-py-k8s/Pulumi.yaml,Pulumi,python,Low,2,0,0,True,70,False,1,Kubernetes Workload,3,0.706
446253752/longhorn/souther/Pulumi.yaml,Pulumi,typescript,Low,2,0,0,True,46,False,1,Kubernetes Workload,3,0.706
446253752/loki/norther/Pulumi.yaml,Pulumi,typescript,Low,2,0,0,True,46,False,1,Kubernetes Workload,3,0.706
446253752/rabbitmq/souther/Pulumi.yaml,Pulumi,typescript,Low,2,0,0,True,46,False,1,Kubernetes Workload,3,0.706
446253752/rancher/norther/Pulumi.yaml,Pulumi,typescript,Low,2,0,0,True,46,False,1,Kubernetes Workload,3,0.706
294736276/pulumi-py/Pulumi.yaml,Pulumi,python,Low,2,0,0,True,67,False,1,Kubernetes Workload,3,0.706
176063544/quickstart/Pulumi.yaml,Pulumi,typescript,Low,2,0,0,True,46,False,1,Kubernetes Workload,3,0.706
269263848/ts-k8s/Pulumi.yaml,Pulumi,typescript,Low,2,0,0,True,60,False,1,Kubernetes Workload,3,0.706
269263848/ts-k8s/step1/Pulumi.yaml,Pulumi,typescript,Low,2,0,0,True,60,False,1,Kubernetes Workload,3,0.706
446253752/minio/norther/Pulumi.yaml,Pulumi,typescript,Low,2,0,0,True,46,False,1,Kubernetes Workload,3,0.706
446253752/owncloud/souther/Pulumi.yaml,Pulumi,typescript,Low,2,0,0,True,46,False,1,Kubernetes Workload,3,0.706
446253752/jenkins/norther/Pulumi.yaml,Pulumi,typescript,Low,2,0,0,True,46,False,1,Kubernetes Workload,3,0.706
446253752/opensearch/souther/Pulumi.yaml,Pulumi,typescript,Low,2,0,0,True,46,False,1,Kubernetes Workload,3,0.706
92832781/gcp/ts/gcp-ts-gke/Pulumi.yaml,Pulumi,typescript,Low,2,0,0,True,64,False,1,Kubernetes Workload,3,0.706
446253752/vector/norther/Pulumi.yaml,Pulumi,typescript,Low,2,0,0,True,46,False,1,Kubernetes Workload,3,0.706
446253752/vector/souther/Pulumi.yaml,Pulumi,typescript,Low,2,0,0,True,46,False,1,Kubernetes Workload,3,0.706
446253752/longhorn/norther/Pulumi.yaml,Pulumi,typescript,Low,2,0,0,True,46,False,1,Kubernetes Workload,3,0.706
500661930/gcp-java-gke-hello-world/Pulumi.yaml,Pulumi,java,Low,2,0,0,True,65,False,1,Kubernetes Workload,3,0.706
500661930/kubernetes-ts-jenkins/Pulumi.yaml,Pulumi,typescript,Low,2,0,0,True,32,False,1,Kubernetes Workload,3,0.706
500661930/kubernetes-go-helm-release-wordpress/Pulumi.yaml,Pulumi,go,Low,2,0,0,True,27,False,1,Kubernetes Workload,3,0.706
500661930/azure-py-aks-multicluster/Pulumi.yaml,Pulumi,python,Low,2,0,0,True,107,False,1,Kubernetes Workload,3,0.706
500661930/classic-azure-ts-aks-helm/Pulumi.yaml,Pulumi,typescript,Low,2,0,0,True,80,False,1,Kubernetes Workload,3,0.706
500661930/kubernetes-go-exposed-deployment/Pulumi.yaml,Pulumi,go,Low,2,0,0,True,27,False,1,Kubernetes Workload,3,0.706
500661930/aws-ts-eks-distro/Pulumi.yaml,Pulumi,typescript,Low,2,0,0,True,39,False,1,Kubernetes Workload,3,0.706
500661930/classic-azure-ts-aks-keda/Pulumi.yaml,Pulumi,typescript,Low,2,0,0,True,135,False,1,Kubernetes Workload,3,0.706
457073242/Pulumi.yaml,Pulumi,typescript,Low,2,0,0,True,46,False,1,Kubernetes Workload,3,0.706
272508670/examples/blue-green/Pulumi.yaml,Pulumi,typescript,Low,2,0,0,True,86,False,1,Kubernetes Workload,3,0.706
500661930/kubernetes-go-guestbook/components/Pulumi.yaml,Pulumi,go,Low,2,0,0,True,107,False,1,Kubernetes Workload,3,0.706
500661930/kubernetes-py-helm-release-wordpress/Pulumi.yaml,Pulumi,python,Low,2,0,0,True,77,False,1,Kubernetes Workload,3,0.706
419980289/pulumi-k8s/Pulumi.yaml,Pulumi,python,Low,2,0,0,True,42,False,1,Kubernetes Workload,3,0.706
446253752/alerta/norther/Pulumi.yaml,Pulumi,typescript,Low,2,0,0,True,46,False,1,Kubernetes Workload,3,0.706
446253752/promtail/norther/Pulumi.yaml,Pulumi,typescript,Low,2,0,0,True,46,False,1,Kubernetes Workload,3,0.706
446253752/promtail/souther/Pulumi.yaml,Pulumi,typescript,Low,2,0,0,True,46,False,1,Kubernetes Workload,3,0.706
446253752/argo-cd/norther/Pulumi.yaml,Pulumi,typescript,Low,2,0,0,True,46,False,1,Kubernetes Workload,3,0.706
290586638/kubernetes_examples/gcp-mb-car/Pulumi.yaml,Pulumi,typescript,Low,2,0,0,True,46,False,1,Kubernetes Workload,3,0.706
290586638/aws-eks-wordpress-helm3/aws-eks/apps/wordpress/Pulumi.yaml,Pulumi,typescript,Low,2,0,0,True,73,False,1,Kubernetes Workload,3,0.706
290586638/aws-eks-wordpress-helm3/aws-eks/cluster-services/Pulumi.yaml,Pulumi,typescript,Low,2,0,0,True,34,False,1,Kubernetes Workload,3,0.706
290586638/aws-eks-wordpress-helm3/aws-eks/infrastructure/Pulumi.yaml,Pulumi,typescript,Low,2,0,0,True,63,False,1,Kubernetes Workload,3,0.706
290586638/Pulumi-Workshop/k8s-autoscaling-nodes/Pulumi.yaml,Pulumi,typescript,Low,2,0,0,True,46,False,1,Kubernetes Workload,3,0.706
290586638/aws-ts-eks-getiamrole/Pulumi.yaml,Pulumi,typescript,Low,2,0,0,True,39,False,1,Kubernetes Workload,3,0.706
290586638/aws-py-eks-blog-worker-nodes-and-node-group/Pulumi.yaml,Pulumi,python,Low,2,0,0,True,35,False,1,Kubernetes Workload,3,0.706
290586638/aws-py-eks-fix-dependson-spot-nodes/Pulumi.yaml,Pulumi,python,Low,2,0,0,True,35,False,1,Kubernetes Workload,3,0.706
290586638/aws-eks-k8s-ts/Pulumi.yaml,Pulumi,typescript,Low,2,0,0,True,39,False,1,Kubernetes Workload,3,0.706
290586638/aws-eks-py/Pulumi.yaml,Pulumi,python,Low,2,0,0,True,35,False,1,Kubernetes Workload,3,0.706
500661930/kubernetes-go-helm-wordpress/Pulumi.yaml,Pulumi,go,Low,2,0,0,True,27,False,1,Kubernetes Workload,3,0.706
290586638/kubernetes_examples/aws-eks-cluster-provider-awsregion-changed/Pulumi.yaml,Pulumi,typescript,Low,2,0,0,True,39,False,1,Kubernetes Workload,3,0.706
290586638/kubernetes_examples/kubernetes-dotnet-ingress/Pulumi.yaml,Pulumi,csharp,Low,2,0,0,True,38,False,1,Kubernetes Workload,3,0.706
290586638/kubernetes_examples/kubernetes-ts-staged-rollout-with-prometheus/Pulumi.yaml,Pulumi,typescript,Low,2,0,0,True,46,False,1,Kubernetes Workload,3,0.706
500661930/azure-cs-aks-multicluster/Pulumi.yaml,Pulumi,csharp,Low,2,0,0,True,107,False,1,Kubernetes Workload,3,0.706
500661930/aws-java-eks-minimal/Pulumi.yaml,Pulumi,java,Low,2,0,0,True,37,False,1,Kubernetes Workload,3,0.706
500661930/aws-py-eks/Pulumi.yaml,Pulumi,python,Low,2,0,0,True,40,False,1,Kubernetes Workload,3,0.706
500661930/kubernetes-ts-nginx/Pulumi.yaml,Pulumi,typescript,Low,2,0,0,True,69,False,1,Kubernetes Workload,3,0.706
500661930/classic-azure-ts-aks-multicluster/Pulumi.yaml,Pulumi,typescript,Low,2,0,0,True,107,False,1,Kubernetes Workload,3,0.706
500661930/gcp-cs-gke/Pulumi.yaml,Pulumi,csharp,Low,2,0,0,True,39,False,1,Kubernetes Workload,3,0.706
500661930/kubernetes-ts-multicloud/Pulumi.yaml,Pulumi,typescript,Low,2,0,0,True,59,False,1,Kubernetes Workload,3,0.706
500661930/kubernetes-py-guestbook/simple/Pulumi.yaml,Pulumi,python,Low,2,0,0,True,107,False,1,Kubernetes Workload,3,0.706
116869354/tests/ci-cluster/Pulumi.yaml,Pulumi,typescript,Low,2,0,0,True,36,False,1,Kubernetes Workload,3,0.706
451523309/tests/examples/aws-java-pulumiup-platform/Pulumi.yaml,Pulumi,java,Low,2,0,0,True,51,False,1,Kubernetes Workload,3,0.706
500661930/kubernetes-cs-guestbook/simple/Pulumi.yaml,Pulumi,csharp,Low,2,0,0,True,107,False,1,Kubernetes Workload,3,0.706
500661930/kubernetes-cs-guestbook/components/Pulumi.yaml,Pulumi,csharp,Low,2,0,0,True,107,False,1,Kubernetes Workload,3,0.706
290586638/k8s-educative/autoscaling_deployments_and_statefulsets/go-demo-5-api-hpa/Pulumi.yaml,Pulumi,python,Low,2,0,0,True,42,False,1,Kubernetes Workload,3,0.706
482928219/Pulumi.yaml,Pulumi,typescript,Low,2,0,0,True,39,False,1,Kubernetes Workload,3,0.706
284083579/Pulumi.yaml,Pulumi,python,Low,2,0,0,True,64,False,1,Kubernetes Workload,3,0.706
481400762/Pulumi.yaml,Pulumi,typescript,Low,2,0,0,True,69,False,1,Kubernetes Workload,3,0.706
500661930/aws-cs-eks/Pulumi.yaml,Pulumi,csharp,Low,2,0,0,True,66,False,1,Kubernetes Workload,3,0.706
500661930/aws-ts-eks/Pulumi.yaml,Pulumi,typescript,Low,2,0,0,True,19,False,1,Kubernetes Workload,3,0.706
500661930/aws-go-eks/Pulumi.yaml,Pulumi,go,Low,2,0,0,True,66,False,1,Kubernetes Workload,3,0.706
500661930/digitalocean-ts-k8s/Pulumi.yaml,Pulumi,typescript,Low,2,0,0,True,60,False,1,Kubernetes Workload,3,0.706
500661930/kubernetes-py-exposed-deployment/Pulumi.yaml,Pulumi,python,Low,2,0,0,True,31,False,1,Kubernetes Workload,3,0.706
500661930/classic-azure-go-aks-multicluster/Pulumi.yaml,Pulumi,go,Low,2,0,0,True,107,False,1,Kubernetes Workload,3,0.706
500661930/kubernetes-go-configmap-rollout/Pulumi.yaml,Pulumi,go,Low,2,0,0,True,38,False,1,Kubernetes Workload,3,0.706
500661930/crd2pulumi-crontabs/kubernetes-ts-crontabs/Pulumi.yaml,Pulumi,typescript,Low,2,0,0,True,46,False,1,Kubernetes Workload,3,0.706
500661930/kubernetes-py-jenkins/Pulumi.yaml,Pulumi,python,Low,2,0,0,True,32,False,1,Kubernetes Workload,3,0.706
500661930/kubernetes-go-guestbook/simple/Pulumi.yaml,Pulumi,go,Low,2,0,0,True,107,False,1,Kubernetes Workload,3,0.706
500661930/gcp-ts-gke-serviceaccount/Pulumi.yaml,Pulumi,typescript,Low,2,0,0,True,58,False,1,Kubernetes Workload,3,0.706
500661930/aws-ts-eks-migrate-nodegroups/Pulumi.yaml,Pulumi,typescript,Low,2,0,0,True,159,False,1,Kubernetes Workload,3,0.706
500661930/azure-go-aks/Pulumi.yaml,Pulumi,go,Low,2,0,0,True,53,False,1,Kubernetes Workload,3,0.706
500661930/aws-ts-eks-hello-world/Pulumi.yaml,Pulumi,typescript,Low,2,0,0,True,36,False,1,Kubernetes Workload,3,0.706
500661930/gcp-ts-gke-hello-world/Pulumi.yaml,Pulumi,typescript,Low,2,0,0,True,65,False,1,Kubernetes Workload,3,0.706
500661930/gcp-ts-k8s-ruby-on-rails-postgresql/infra/Pulumi.yaml,Pulumi,typescript,Low,2,0,0,True,73,False,1,Kubernetes Workload,3,0.706
92832781/aws/ts/aws-ts-eks-hello-world/Pulumi.yaml,Pulumi,typescript,Low,2,0,0,True,36,False,1,Kubernetes Workload,3,0.706
92832781/digitalocean/cs/digitalocean-cs-k8s/Pulumi.yaml,Pulumi,csharp,Low,2,0,0,True,60,False,1,Kubernetes Workload,3,0.706
92832781/digitalocean/py/digitalocean-py-k8s/Pulumi.yaml,Pulumi,python,Low,2,0,0,True,70,False,1,Kubernetes Workload,3,0.706
92832781/gcp/ts/gcp-ts-gke-hello-world/Pulumi.yaml,Pulumi,typescript,Low,2,0,0,True,65,False,1,Kubernetes Workload,3,0.706
92832781/gcp/ts/gcp-ts-k8s-ruby-on-rails-postgresql/infra/Pulumi.yaml,Pulumi,typescript,Low,2,0,0,True,73,False,1,Kubernetes Workload,3,0.706
160573791/apps/configmap-rollout/Pulumi.yaml,Pulumi,typescript,Low,2,0,0,True,109,False,1,Kubernetes Workload,3,0.706
92832781/gcp/cs/gcp-cs-gke/Pulumi.yaml,Pulumi,csharp,Low,2,0,0,True,39,False,1,Kubernetes Workload,3,0.706
92832781/gcp/py/gcp-py-gke/Pulumi.yaml,Pulumi,python,Low,2,0,0,True,64,False,1,Kubernetes Workload,3,0.706
500661930/digitalocean-cs-k8s/Pulumi.yaml,Pulumi,csharp,Low,2,0,0,True,60,False,1,Kubernetes Workload,3,0.706
92832781/azure/ts/azure-ts-aks-multicluster/Pulumi.yaml,Pulumi,typescript,Low,2,0,0,True,107,False,1,Kubernetes Workload,3,0.706
92832781/azure/ts/azure-ts-aks-keda/Pulumi.yaml,Pulumi,typescript,Low,2,0,0,True,135,False,1,Kubernetes Workload,3,0.706
500661930/azure-ts-aks-multicluster/Pulumi.yaml,Pulumi,typescript,Low,2,0,0,True,107,False,1,Kubernetes Workload,3,0.706
500661930/misc/scripts/testinfra/Pulumi.yaml,Pulumi,typescript,Low,2,0,0,True,36,False,1,Kubernetes Workload,3,0.706
500661930/gcp-py-gke/Pulumi.yaml,Pulumi,python,Low,2,0,0,True,64,False,1,Kubernetes Workload,3,0.706
186155916/Pulumi.yaml,Pulumi,typescript,Low,2,0,0,True,53,False,1,Kubernetes Workload,3,0.706
325842940/aks/Pulumi.yaml,Pulumi,typescript,Low,2,0,0,True,16,False,1,Kubernetes Workload,3,0.706
446253752/vault/norther/Pulumi.yaml,Pulumi,typescript,Low,2,0,0,True,46,False,1,Kubernetes Workload,3,0.706
446253752/metallb/norther/Pulumi.yaml,Pulumi,typescript,Low,2,0,0,True,46,False,1,Kubernetes Workload,3,0.706
446253752/metallb/souther/Pulumi.yaml,Pulumi,typescript,Low,2,0,0,True,46,False,1,Kubernetes Workload,3,0.706
446253752/prometheus/norther/Pulumi.yaml,Pulumi,typescript,Low,2,0,0,True,46,False,1,Kubernetes Workload,3,0.706
446253752/prometheus/souther/Pulumi.yaml,Pulumi,typescript,Low,2,0,0,True,46,False,1,Kubernetes Workload,3,0.706
207891765/Pulumi.yaml,Pulumi,typescript,Low,2,0,0,True,60,False,1,Kubernetes Workload,3,0.706
500661930/kubernetes-py-guestbook/components/Pulumi.yaml,Pulumi,python,Low,2,0,0,True,107,False,1,Kubernetes Workload,3,0.706
500661930/kubernetes-cs-helm-release-wordpress/Pulumi.yaml,Pulumi,csharp,Low,2,0,0,True,77,False,1,Kubernetes Workload,3,0.706
272508670/test/ci-cluster/Pulumi.yaml,Pulumi,typescript,Low,2,0,0,True,36,False,1,Kubernetes Workload,3,0.706
272508670/deploy/deploy-operator-py/Pulumi.yaml,Pulumi,python,Low,2,0,0,True,37,False,1,Kubernetes Workload,3,0.706
419401398/k8s/Pulumi.yaml,Pulumi,typescript,Low,2,0,0,True,46,False,1,Kubernetes Workload,3,0.706
272508670/deploy/deploy-operator-cs/Pulumi.yaml,Pulumi,csharp,Low,2,0,0,True,33,False,1,Kubernetes Workload,3,0.706
272508670/deploy/deploy-operator-ts/Pulumi.yaml,Pulumi,typescript,Low,2,0,0,True,42,False,1,Kubernetes Workload,3,0.706
406930679/Pulumi.yaml,Pulumi,python,Low,2,0,0,True,35,False,1,Kubernetes Workload,3,0.706
346493989/pulumi/Pulumi.yaml,Pulumi,go,Low,2,0,0,True,24,False,1,Kubernetes Workload,3,0.706
112892985/plugins/pulumi/test/test-project-k8s/k8s-namespace/Pulumi.yaml,Pulumi,typescript,Low,2,0,0,True,46,False,1,Kubernetes Workload,3,0.706
112892985/plugins/pulumi/test/test-project-k8s/k8s-deployment/Pulumi.yaml,Pulumi,typescript,Low,2,0,0,True,46,False,1,Kubernetes Workload,3,0.706
308494297/application/Pulumi.yaml,Pulumi,go,Low,2,0,0,True,38,False,1,Kubernetes Workload,3,0.706
308494297/cluster/Pulumi.yaml,Pulumi,typescript,Low,2,0,0,True,39,False,1,Kubernetes Workload,3,0.706
460249407/Pulumi.yaml,Pulumi,go,Low,2,0,0,True,38,False,1,Kubernetes Workload,3,0.706
218234412/cluster/pulumi/aws/eks/Pulumi.yaml,Pulumi,typescript,Low,2,0,0,True,21,False,1,Kubernetes Workload,3,0.706
438967884/kubernetesx-nginx/Pulumi.yaml,Pulumi,typescript,Low,2,0,0,True,46,False,1,Kubernetes Workload,3,0.706
500661930/crd2pulumi-crontabs/kubernetes-go-crontabs/Pulumi.yaml,Pulumi,go,Low,2,0,0,True,38,False,1,Kubernetes Workload,3,0.706
500661930/classic-azure-py-aks-multicluster/Pulumi.yaml,Pulumi,python,Low,2,0,0,True,127,False,1,Kubernetes Workload,3,0.706
253514173/pulumi/Pulumi.yaml,Pulumi,typescript,Low,2,0,0,True,46,False,1,Kubernetes Workload,3,0.706
489609381/backend/Pulumi.yaml,Pulumi,typescript,Low,2,0,0,True,41,False,1,Kubernetes Workload,3,0.706
272508670/deploy/deploy-operator-go/Pulumi.yaml,Pulumi,go,Low,2,0,0,True,33,False,1,Kubernetes Workload,3,0.706
468476004/pulumi/nginxmanifest/Pulumi.yaml,Pulumi,go,Low,2,0,0,True,38,False,1,Kubernetes Workload,3,0.706
285190181/Pulumi.yaml,Pulumi,typescript,Low,2,0,0,True,62,False,1,Kubernetes Workload,3,0.706
459553166/Pulumi.yaml,Pulumi,typescript,Low,2,0,0,True,46,False,1,Kubernetes Workload,3,0.706
240809118/pulumi/k8s-apps/Pulumi.yaml,Pulumi,typescript,Low,2,0,0,True,46,False,1,Kubernetes Workload,3,0.706
240809118/pulumi/k8s-general/Pulumi.yaml,Pulumi,typescript,Low,2,0,0,True,46,False,1,Kubernetes Workload,3,0.706
223281682/gke-hosted/02-kubernetes/Pulumi.yaml,Pulumi,typescript,Low,2,0,0,True,59,False,1,Kubernetes Workload,3,0.706
223281682/aks-hosted/01-infrastructure/Pulumi.yaml,Pulumi,typescript,Low,2,0,0,True,46,False,1,Kubernetes Workload,3,0.706
223281682/aks-hosted/02-kubernetes/Pulumi.yaml,Pulumi,typescript,Low,2,0,0,True,25,False,1,Kubernetes Workload,3,0.706
350967062/Pulumi.yaml,Pulumi,typescript,Low,2,0,0,True,92,False,1,Kubernetes Workload,3,0.706
279406893/gcp/Pulumi.yaml,Pulumi,typescript,Low,2,0,0,True,70,False,1,Kubernetes Workload,3,0.706
455493781/deploy/Pulumi.yaml,Pulumi,typescript,Low,2,0,0,True,46,False,1,Kubernetes Workload,3,0.706
149165150/examples/trivial-service-trace-example/Pulumi.yaml,Pulumi,typescript,Low,2,0,0,True,99,False,1,Kubernetes Workload,3,0.706
149165150/examples/trivial-pulumi-example/Pulumi.yaml,Pulumi,typescript,Low,2,0,0,True,99,False,1,Kubernetes Workload,3,0.706
261876675/rancher2/Pulumi.yaml,Pulumi,go,Low,2,0,0,True,35,False,1,Kubernetes Workload,3,0.706
108589232/aws-ts-eks-hello-world/Pulumi.yaml,Pulumi,typescript,Low,2,0,0,True,36,False,1,Kubernetes Workload,3,0.706
420288157/Pulumi.yaml,Pulumi,typescript,Low,2,0,0,True,20,False,1,Kubernetes Workload,3,0.706
480397875/cdk.json,AWS CDK,typescript,Low,2,0,0,False,0,True,2,Kubernetes Workload,3,0.706
188002676/Pulumi.yaml,Pulumi,typescript,Low,2,0,0,True,46,False,1,Kubernetes Workload,3,0.706
490301591/kubernetes/Pulumi.yaml,Pulumi,typescript,Low,2,0,0,True,39,False,1,Kubernetes Workload,3,0.706
355315167/devops/Pulumi.yaml,Pulumi,typescript,Low,2,0,0,True,46,False,1,Kubernetes Workload,3,0.706
322120564/providers/packet-example/Pulumi.yaml,Pulumi,typescript,Low,2,0,0,True,46,False,1,Kubernetes Workload,3,0.706
322120564/providers/digitalocean-example/Pulumi.yaml,Pulumi,typescript,Low,2,0,0,True,46,False,1,Kubernetes Workload,3,0.706
418256350/examples/simple-coredns-ts/Pulumi.yaml,Pulumi,typescript,Low,2,0,0,True,40,False,1,Kubernetes Workload,3,0.706
418256350/examples/simple-coredns-py/Pulumi.yaml,Pulumi,python,Low,2,0,0,True,40,False,1,Kubernetes Workload,3,0.706
282083829/gcp-go-gke/Pulumi.yaml,Pulumi,go,Low,2,0,0,True,39,False,1,Kubernetes Workload,3,0.706
282083829/digitalocean-py-k8s/Pulumi.yaml,Pulumi,python,Low,2,0,0,True,70,False,1,Kubernetes Workload,3,0.706
282083829/azure-fs-aks/Pulumi.yaml,Pulumi,csharp,Low,2,0,0,True,58,False,1,Kubernetes Workload,3,0.706
282083829/azure-ts-aks-helm/Pulumi.yaml,Pulumi,typescript,Low,2,0,0,True,80,False,1,Kubernetes Workload,3,0.706
282083829/aws-go-eks/Pulumi.yaml,Pulumi,go,Low,2,0,0,True,66,False,1,Kubernetes Workload,3,0.706
282083829/digitalocean-ts-k8s/Pulumi.yaml,Pulumi,typescript,Low,2,0,0,True,60,False,1,Kubernetes Workload,3,0.706
170246291/app/Pulumi.yaml,Pulumi,typescript,Low,2,0,0,True,19,False,1,Kubernetes Workload,3,0.706
282083829/gcp-ts-gke-hello-world/Pulumi.yaml,Pulumi,typescript,Low,2,0,0,True,65,False,1,Kubernetes Workload,3,0.706
282083829/gcp-ts-k8s-ruby-on-rails-postgresql/infra/Pulumi.yaml,Pulumi,typescript,Low,2,0,0,True,73,False,1,Kubernetes Workload,3,0.706
282083829/aws-cs-eks/Pulumi.yaml,Pulumi,csharp,Low,2,0,0,True,66,False,1,Kubernetes Workload,3,0.706
282083829/azure-ts-aks-keda/Pulumi.yaml,Pulumi,typescript,Low,2,0,0,True,135,False,1,Kubernetes Workload,3,0.706
282083829/aws-ts-eks/Pulumi.yaml,Pulumi,typescript,Low,2,0,0,True,19,False,1,Kubernetes Workload,3,0.706
282083829/azure-py-aks-multicluster/Pulumi.yaml,Pulumi,python,Low,2,0,0,True,127,False,1,Kubernetes Workload,3,0.706
282083829/kubernetes-cs-guestbook/components/Pulumi.yaml,Pulumi,csharp,Low,2,0,0,True,107,False,1,Kubernetes Workload,3,0.706
282083829/kubernetes-go-guestbook/simple/Pulumi.yaml,Pulumi,go,Low,2,0,0,True,107,False,1,Kubernetes Workload,3,0.706
282083829/kubernetes-go-guestbook/components/Pulumi.yaml,Pulumi,go,Low,2,0,0,True,107,False,1,Kubernetes Workload,3,0.706
282083829/aws-ts-eks-migrate-nodegroups/Pulumi.yaml,Pulumi,typescript,Low,2,0,0,True,159,False,1,Kubernetes Workload,3,0.706
282083829/misc/scripts/testinfra/Pulumi.yaml,Pulumi,typescript,Low,2,0,0,True,36,False,1,Kubernetes Workload,3,0.706
282083829/gcp-py-gke/Pulumi.yaml,Pulumi,python,Low,2,0,0,True,64,False,1,Kubernetes Workload,3,0.706
282083829/kubernetes-ts-jenkins/Pulumi.yaml,Pulumi,typescript,Low,2,0,0,True,32,False,1,Kubernetes Workload,3,0.706
282083829/kubernetes-ts-guestbook/simple/Pulumi.yaml,Pulumi,typescript,Low,2,0,0,True,107,False,1,Kubernetes Workload,3,0.706
421038584/Pulumi.yaml,Pulumi,typescript,Low,2,0,0,True,39,False,1,Kubernetes Workload,3,0.706
282083829/kubernetes-ts-guestbook/components/Pulumi.yaml,Pulumi,typescript,Low,2,0,0,True,107,False,1,Kubernetes Workload,3,0.706
282083829/kubernetes-py-nginx/Pulumi.yaml,Pulumi,python,Low,2,0,0,True,69,False,1,Kubernetes Workload,3,0.706
282083829/gcp-ts-gke/Pulumi.yaml,Pulumi,typescript,Low,2,0,0,True,64,False,1,Kubernetes Workload,3,0.706
282083829/azure-go-aks-multicluster/Pulumi.yaml,Pulumi,go,Low,2,0,0,True,107,False,1,Kubernetes Workload,3,0.706
282083829/digitalocean-cs-k8s/Pulumi.yaml,Pulumi,csharp,Low,2,0,0,True,60,False,1,Kubernetes Workload,3,0.706
282083829/azure-cs-aks/Pulumi.yaml,Pulumi,csharp,Low,2,0,0,True,49,False,1,Kubernetes Workload,3,0.706
278625618/aws.cfg.OrganizationManagedRule-csharp/Pulumi.yaml,Pulumi,csharp,Low,2,0,0,True,14,False,0,Pulumi Multi-Language Repos,7,0.514
278625618/aws.secretsmanager.Secret.basic-python/Pulumi.yaml,Pulumi,python,Low,2,0,0,True,14,False,0,Pulumi Multi-Language Repos,7,0.514
278625618/aws.iam.SshKey-go/Pulumi.yaml,Pulumi,go,Low,2,0,0,True,14,False,0,Pulumi Multi-Language Repos,7,0.514
278625618/aws.route53.DelegationSet-go/Pulumi.yaml,Pulumi,go,Low,2,0,0,True,14,False,0,Pulumi Multi-Language Repos,7,0.514
278625618/aws.elasticsearch.Domain.log-publishing-to-cloudwatch-logs-python/Pulumi.yaml,Pulumi,python,Low,2,0,0,True,14,False,0,Pulumi Multi-Language Repos,7,0.514
278625618/aws.secretsmanager.getSecretRotation.retrieve-secret-rotation-configuration-typescript/Pulumi.yaml,Pulumi,typescript,Low,2,0,0,True,14,False,0,Pulumi Multi-Language Repos,7,0.514
278625618/aws.wafregional.SizeConstraintSet-csharp/Pulumi.yaml,Pulumi,csharp,Low,2,0,0,True,14,False,0,Pulumi Multi-Language Repos,7,0.514
278625618/aws.ec2.DefaultVpc-python/Pulumi.yaml,Pulumi,python,Low,2,0,0,True,14,False,0,Pulumi Multi-Language Repos,7,0.514
278625618/aws.elasticloadbalancing.ListenerPolicy.custom-policy-csharp/Pulumi.yaml,Pulumi,csharp,Low,2,0,0,True,14,False,0,Pulumi Multi-Language Repos,7,0.514
278625618/aws.cognito.UserGroup-python/Pulumi.yaml,Pulumi,python,Low,2,0,0,True,14,False,0,Pulumi Multi-Language Repos,7,0.514
278625618/aws.getArn-typescript/Pulumi.yaml,Pulumi,typescript,Low,2,0,0,True,14,False,0,Pulumi Multi-Language Repos,7,0.514
278625618/aws.storagegateway.SmbFileShare.guest-authentication-go/Pulumi.yaml,Pulumi,go,Low,2,0,0,True,14,False,0,Pulumi Multi-Language Repos,7,0.514
278625618/aws.cloudformation.Stack-typescript/Pulumi.yaml,Pulumi,typescript,Low,2,0,0,True,14,False,0,Pulumi Multi-Language Repos,7,0.514
278625618/aws.alb.getTargetGroup-typescript/Pulumi.yaml,Pulumi,typescript,Low,2,0,0,True,14,False,0,Pulumi Multi-Language Repos,7,0.514
278625618/aws.iam.getUser-csharp/Pulumi.yaml,Pulumi,csharp,Low,2,0,0,True,14,False,0,Pulumi Multi-Language Repos,7,0.514
278625618/aws.ebs.Volume-typescript/Pulumi.yaml,Pulumi,typescript,Low,2,0,0,True,14,False,0,Pulumi Multi-Language Repos,7,0.514
278625618/aws.elb.AppCookieStickinessPolicy-typescript/Pulumi.yaml,Pulumi,typescript,Low,2,0,0,True,14,False,0,Pulumi Multi-Language Repos,7,0.514
278625618/aws.rds.GlobalCluster-go/Pulumi.yaml,Pulumi,go,Low,2,0,0,True,14,False,0,Pulumi Multi-Language Repos,7,0.514
278625618/aws.secretsmanager.SecretRotation.basic-csharp/Pulumi.yaml,Pulumi,csharp,Low,2,0,0,True,14,False,0,Pulumi Multi-Language Repos,7,0.514
278625618/aws.lambda.FunctionEventInvokeConfig.configuration-for-function-published-version-typescript/Pulumi.yaml,Pulumi,typescript,Low,2,0,0,True,14,False,0,Pulumi Multi-Language Repos,7,0.514
278625618/aws.backup.getPlan-go/Pulumi.yaml,Pulumi,go,Low,2,0,0,True,14,False,0,Pulumi Multi-Language Repos,7,0.514
278625618/aws.rds.getInstance-csharp/Pulumi.yaml,Pulumi,csharp,Low,2,0,0,True,14,False,0,Pulumi Multi-Language Repos,7,0.514
278625618/aws.ec2transitgateway.RouteTableAssociation-csharp/Pulumi.yaml,Pulumi,csharp,Low,2,0,0,True,14,False,0,Pulumi Multi-Language Repos,7,0.514
278625618/aws.ec2.SecurityGroupRule-go/Pulumi.yaml,Pulumi,go,Low,2,0,0,True,14,False,0,Pulumi Multi-Language Repos,7,0.514
278625618/aws.iam.UserLoginProfile-go/Pulumi.yaml,Pulumi,go,Low,2,0,0,True,14,False,0,Pulumi Multi-Language Repos,7,0.514
278625618/aws.wafregional.getWebAcl-python/Pulumi.yaml,Pulumi,python,Low,2,0,0,True,14,False,0,Pulumi Multi-Language Repos,7,0.514
278625618/aws.apigateway.RestApi.regional-endpoint-type-typescript/Pulumi.yaml,Pulumi,typescript,Low,2,0,0,True,14,False,0,Pulumi Multi-Language Repos,7,0.514
278625618/aws.ec2.DefaultRouteTable.with-tags-typescript/Pulumi.yaml,Pulumi,typescript,Low,2,0,0,True,14,False,0,Pulumi Multi-Language Repos,7,0.514
278625618/aws.getElasticIp.search-by-filters-ec2-classic-or-vpc-python/Pulumi.yaml,Pulumi,python,Low,2,0,0,True,14,False,0,Pulumi Multi-Language Repos,7,0.514
278625618/aws.cloudwatch.MetricAlarm-go/Pulumi.yaml,Pulumi,go,Low,2,0,0,True,14,False,0,Pulumi Multi-Language Repos,7,0.514
278625618/aws.glue.CatalogTable.basic-table-go/Pulumi.yaml,Pulumi,go,Low,2,0,0,True,14,False,0,Pulumi Multi-Language Repos,7,0.514
278625618/aws.ses.ActiveReceiptRuleSet-python/Pulumi.yaml,Pulumi,python,Low,2,0,0,True,14,False,0,Pulumi Multi-Language Repos,7,0.514
278625618/aws.ebs.SnapshotCopy-csharp/Pulumi.yaml,Pulumi,csharp,Low,2,0,0,True,14,False,0,Pulumi Multi-Language Repos,7,0.514
278625618/aws.alb.TargetGroup.instance-target-group-go/Pulumi.yaml,Pulumi,go,Low,2,0,0,True,14,False,0,Pulumi Multi-Language Repos,7,0.514
278625618/aws.glue.Trigger.conditional-trigger-go/Pulumi.yaml,Pulumi,go,Low,2,0,0,True,14,False,0,Pulumi Multi-Language Repos,7,0.514
278625618/aws.pinpoint.SmsChannel-python/Pulumi.yaml,Pulumi,python,Low,2,0,0,True,14,False,0,Pulumi Multi-Language Repos,7,0.514
278625618/aws.ram.getResourceShare-python/Pulumi.yaml,Pulumi,python,Low,2,0,0,True,14,False,0,Pulumi Multi-Language Repos,7,0.514
278625618/aws.codebuild.Webhook.bitbucket-and-github-python/Pulumi.yaml,Pulumi,python,Low,2,0,0,True,14,False,0,Pulumi Multi-Language Repos,7,0.514
278625618/aws.lambda.FunctionEventInvokeConfig.error-handling-configuration-go/Pulumi.yaml,Pulumi,go,Low,2,0,0,True,14,False,0,Pulumi Multi-Language Repos,7,0.514
278625618/aws.ec2.DefaultVpc-csharp/Pulumi.yaml,Pulumi,csharp,Low,2,0,0,True,14,False,0,Pulumi Multi-Language Repos,7,0.514
278625618/aws.alb.ListenerRule-python/Pulumi.yaml,Pulumi,python,Low,2,0,0,True,14,False,0,Pulumi Multi-Language Repos,7,0.514
278625618/aws.iam.ServiceLinkedRole-go/Pulumi.yaml,Pulumi,go,Low,2,0,0,True,14,False,0,Pulumi Multi-Language Repos,7,0.514
278625618/aws.directconnect.Connection-go/Pulumi.yaml,Pulumi,go,Low,2,0,0,True,14,False,0,Pulumi Multi-Language Repos,7,0.514
278625618/aws.route53.ResolverEndpoint-go/Pulumi.yaml,Pulumi,go,Low,2,0,0,True,14,False,0,Pulumi Multi-Language Repos,7,0.514
278625618/aws.waf.Rule-csharp/Pulumi.yaml,Pulumi,csharp,Low,2,0,0,True,14,False,0,Pulumi Multi-Language Repos,7,0.514
278625618/aws.cognito.UserPoolClient.create-a-basic-user-pool-client-typescript/Pulumi.yaml,Pulumi,typescript,Low,2,0,0,True,14,False,0,Pulumi Multi-Language Repos,7,0.514
278625618/aws.codedeploy.Application.server-application-python/Pulumi.yaml,Pulumi,python,Low,2,0,0,True,14,False,0,Pulumi Multi-Language Repos,7,0.514
278625618/aws.waf.getRule-python/Pulumi.yaml,Pulumi,python,Low,2,0,0,True,14,False,0,Pulumi Multi-Language Repos,7,0.514
278625618/aws.ec2.getLaunchTemplate.filter-typescript/Pulumi.yaml,Pulumi,typescript,Low,2,0,0,True,14,False,0,Pulumi Multi-Language Repos,7,0.514
278625618/aws.ec2.RouteTableAssociation-csharp/Pulumi.yaml,Pulumi,csharp,Low,2,0,0,True,14,False,0,Pulumi Multi-Language Repos,7,0.514
278625618/aws.codedeploy.DeploymentGroup.blue-green-deployments-with-ecs-csharp/Pulumi.yaml,Pulumi,csharp,Low,2,0,0,True,14,False,0,Pulumi Multi-Language Repos,7,0.514
278625618/aws.applicationloadbalancing.Listener.authenticate-oidc-action-python/Pulumi.yaml,Pulumi,python,Low,2,0,0,True,14,False,0,Pulumi Multi-Language Repos,7,0.514
278625618/aws.apigatewayv2.Api.basic-http-api-csharp/Pulumi.yaml,Pulumi,csharp,Low,2,0,0,True,14,False,0,Pulumi Multi-Language Repos,7,0.514
278625618/aws.iot.ThingType-python/Pulumi.yaml,Pulumi,python,Low,2,0,0,True,14,False,0,Pulumi Multi-Language Repos,7,0.514
278625618/aws.cloudwatch.LogGroup-go/Pulumi.yaml,Pulumi,go,Low,2,0,0,True,14,False,0,Pulumi Multi-Language Repos,7,0.514
278625618/aws.gamelift.GameSessionQueue-python/Pulumi.yaml,Pulumi,python,Low,2,0,0,True,14,False,0,Pulumi Multi-Language Repos,7,0.514
278625618/aws.rds.RoleAssociation-go/Pulumi.yaml,Pulumi,go,Low,2,0,0,True,14,False,0,Pulumi Multi-Language Repos,7,0.514
278625618/aws.secretsmanager.getSecret.arn-go/Pulumi.yaml,Pulumi,go,Low,2,0,0,True,14,False,0,Pulumi Multi-Language Repos,7,0.514
278625618/aws.budgets.Budget-python/Pulumi.yaml,Pulumi,python,Low,2,0,0,True,14,False,0,Pulumi Multi-Language Repos,7,0.514
278625618/aws.s3.BucketObject.server-side-encryption-with-s3-default-master-key-typescript/Pulumi.yaml,Pulumi,typescript,Low,2,0,0,True,14,False,0,Pulumi Multi-Language Repos,7,0.514
278625618/aws.quicksight.User-csharp/Pulumi.yaml,Pulumi,csharp,Low,2,0,0,True,14,False,0,Pulumi Multi-Language Repos,7,0.514
278625618/aws.glacier.VaultLock.permanently-applying-glacier-vault-lock-policy-typescript/Pulumi.yaml,Pulumi,typescript,Low,2,0,0,True,14,False,0,Pulumi Multi-Language Repos,7,0.514
278625618/aws.ec2.FlowLog.cloudwatch-logging-python/Pulumi.yaml,Pulumi,python,Low,2,0,0,True,14,False,0,Pulumi Multi-Language Repos,7,0.514
278625618/aws.codepipeline.Webhook-python/Pulumi.yaml,Pulumi,python,Low,2,0,0,True,14,False,0,Pulumi Multi-Language Repos,7,0.514
278625618/aws.ec2transitgateway.RouteTablePropagation-go/Pulumi.yaml,Pulumi,go,Low,2,0,0,True,14,False,0,Pulumi Multi-Language Repos,7,0.514
278625618/aws.applicationloadbalancing.Listener.forward-action-python/Pulumi.yaml,Pulumi,python,Low,2,0,0,True,14,False,0,Pulumi Multi-Language Repos,7,0.514
278625618/aws.codepipeline.Pipeline-csharp/Pulumi.yaml,Pulumi,csharp,Low,2,0,0,True,14,False,0,Pulumi Multi-Language Repos,7,0.514
278625618/aws.appmesh.VirtualNode.listener-health-check-csharp/Pulumi.yaml,Pulumi,csharp,Low,2,0,0,True,14,False,0,Pulumi Multi-Language Repos,7,0.514
278625618/aws.ecr.LifecyclePolicy.policy-on-untagged-image-python/Pulumi.yaml,Pulumi,python,Low,2,0,0,True,14,False,0,Pulumi Multi-Language Repos,7,0.514
278625618/aws.wafregional.RateBasedRule-go/Pulumi.yaml,Pulumi,go,Low,2,0,0,True,14,False,0,Pulumi Multi-Language Repos,7,0.514
278625618/aws.iot.Certificate.without-csr-python/Pulumi.yaml,Pulumi,python,Low,2,0,0,True,14,False,0,Pulumi Multi-Language Repos,7,0.514
278625618/aws.ec2transitgateway.Route.standard-usage-python/Pulumi.yaml,Pulumi,python,Low,2,0,0,True,14,False,0,Pulumi Multi-Language Repos,7,0.514
278625618/aws.opsworks.RailsAppLayer-typescript/Pulumi.yaml,Pulumi,typescript,Low,2,0,0,True,14,False,0,Pulumi Multi-Language Repos,7,0.514
278625618/aws.autoscaling.Group-csharp/Pulumi.yaml,Pulumi,csharp,Low,2,0,0,True,14,False,0,Pulumi Multi-Language Repos,7,0.514
278625618/aws.cloudwatch.EventTarget-csharp/Pulumi.yaml,Pulumi,csharp,Low,2,0,0,True,14,False,0,Pulumi Multi-Language Repos,7,0.514
278625618/aws.lambda.getAlias-csharp/Pulumi.yaml,Pulumi,csharp,Low,2,0,0,True,14,False,0,Pulumi Multi-Language Repos,7,0.514
278625618/aws.waf.SqlInjectionMatchSet-go/Pulumi.yaml,Pulumi,go,Low,2,0,0,True,14,False,0,Pulumi Multi-Language Repos,7,0.514
278625618/aws.cloudformation.StackSet-typescript/Pulumi.yaml,Pulumi,typescript,Low,2,0,0,True,14,False,0,Pulumi Multi-Language Repos,7,0.514
278625618/aws.wafregional.GeoMatchSet-python/Pulumi.yaml,Pulumi,python,Low,2,0,0,True,14,False,0,Pulumi Multi-Language Repos,7,0.514
278625618/aws.ec2.getInstanceTypeOfferings-go/Pulumi.yaml,Pulumi,go,Low,2,0,0,True,14,False,0,Pulumi Multi-Language Repos,7,0.514
278625618/aws.cfg.ConfigurationAggregator.organization-based-aggregation-csharp/Pulumi.yaml,Pulumi,csharp,Low,2,0,0,True,14,False,0,Pulumi Multi-Language Repos,7,0.514
278625618/aws.dax.SubnetGroup-python/Pulumi.yaml,Pulumi,python,Low,2,0,0,True,14,False,0,Pulumi Multi-Language Repos,7,0.514
278625618/aws.rds.SubnetGroup-go/Pulumi.yaml,Pulumi,go,Low,2,0,0,True,14,False,0,Pulumi Multi-Language Repos,7,0.514
278625618/aws.cloudformation.StackSetInstance-python/Pulumi.yaml,Pulumi,python,Low,2,0,0,True,14,False,0,Pulumi Multi-Language Repos,7,0.514
278625618/aws.ec2.getInstanceTypeOffering-python/Pulumi.yaml,Pulumi,python,Low,2,0,0,True,14,False,0,Pulumi Multi-Language Repos,7,0.514
278625618/aws.ec2.NatGateway-typescript/Pulumi.yaml,Pulumi,typescript,Low,2,0,0,True,14,False,0,Pulumi Multi-Language Repos,7,0.514
278625618/aws.rds.Snapshot-csharp/Pulumi.yaml,Pulumi,csharp,Low,2,0,0,True,14,False,0,Pulumi Multi-Language Repos,7,0.514
278625618/aws.wafregional.RateBasedRule-csharp/Pulumi.yaml,Pulumi,csharp,Low,2,0,0,True,14,False,0,Pulumi Multi-Language Repos,7,0.514
278625618/aws.apigatewayv2.Route.basic-typescript/Pulumi.yaml,Pulumi,typescript,Low,2,0,0,True,14,False,0,Pulumi Multi-Language Repos,7,0.514
278625618/aws.ssm.getParameter-go/Pulumi.yaml,Pulumi,go,Low,2,0,0,True,14,False,0,Pulumi Multi-Language Repos,7,0.514
278625618/aws.apigateway.UsagePlanKey-typescript/Pulumi.yaml,Pulumi,typescript,Low,2,0,0,True,14,False,0,Pulumi Multi-Language Repos,7,0.514
278625618/aws.iam.Group-python/Pulumi.yaml,Pulumi,python,Low,2,0,0,True,14,False,0,Pulumi Multi-Language Repos,7,0.514
278625618/aws.ec2.VpcEndpointService.basic-go/Pulumi.yaml,Pulumi,go,Low,2,0,0,True,14,False,0,Pulumi Multi-Language Repos,7,0.514
278625618/aws.apigateway.DocumentationPart-csharp/Pulumi.yaml,Pulumi,csharp,Low,2,0,0,True,14,False,0,Pulumi Multi-Language Repos,7,0.514
278625618/aws.appmesh.Route.http-routing-typescript/Pulumi.yaml,Pulumi,typescript,Low,2,0,0,True,14,False,0,Pulumi Multi-Language Repos,7,0.514
278625618/aws.ec2.Eip-python/Pulumi.yaml,Pulumi,python,Low,2,0,0,True,14,False,0,Pulumi Multi-Language Repos,7,0.514
278625618/aws.ec2.RouteTableAssociation-typescript/Pulumi.yaml,Pulumi,typescript,Low,2,0,0,True,14,False,0,Pulumi Multi-Language Repos,7,0.514
278625618/aws.efs.AccessPoint-python/Pulumi.yaml,Pulumi,python,Low,2,0,0,True,14,False,0,Pulumi Multi-Language Repos,7,0.514
278625618/aws.glue.Crawler.catalog-target-python/Pulumi.yaml,Pulumi,python,Low,2,0,0,True,14,False,0,Pulumi Multi-Language Repos,7,0.514
278625618/aws.kinesis.FirehoseDeliveryStream.redshift-destination-go/Pulumi.yaml,Pulumi,go,Low,2,0,0,True,14,False,0,Pulumi Multi-Language Repos,7,0.514
278625618/aws.ec2.RouteTableAssociation-python/Pulumi.yaml,Pulumi,python,Low,2,0,0,True,14,False,0,Pulumi Multi-Language Repos,7,0.514
278625618/aws.ses.IdentityPolicy-python/Pulumi.yaml,Pulumi,python,Low,2,0,0,True,14,False,0,Pulumi Multi-Language Repos,7,0.514
278625618/aws.lb.Listener.authenticate-oidc-action-python/Pulumi.yaml,Pulumi,python,Low,2,0,0,True,14,False,0,Pulumi Multi-Language Repos,7,0.514
278625618/aws.ses.ConfigurationSet-python/Pulumi.yaml,Pulumi,python,Low,2,0,0,True,14,False,0,Pulumi Multi-Language Repos,7,0.514
278625618/aws.elb.ListenerPolicy.aws-predefined-security-policy-python/Pulumi.yaml,Pulumi,python,Low,2,0,0,True,14,False,0,Pulumi Multi-Language Repos,7,0.514
278625618/aws.lb.LoadBalancer.specifying-elastic-ips-go/Pulumi.yaml,Pulumi,go,Low,2,0,0,True,14,False,0,Pulumi Multi-Language Repos,7,0.514
278625618/aws.directconnect.ConnectionAssociation-typescript/Pulumi.yaml,Pulumi,typescript,Low,2,0,0,True,14,False,0,Pulumi Multi-Language Repos,7,0.514
278625618/aws.datasync.S3Location-typescript/Pulumi.yaml,Pulumi,typescript,Low,2,0,0,True,14,False,0,Pulumi Multi-Language Repos,7,0.514
278625618/aws.redshift.getCluster-go/Pulumi.yaml,Pulumi,go,Low,2,0,0,True,14,False,0,Pulumi Multi-Language Repos,7,0.514
278625618/aws.glue.Trigger.scheduled-trigger-csharp/Pulumi.yaml,Pulumi,csharp,Low,2,0,0,True,14,False,0,Pulumi Multi-Language Repos,7,0.514
278625618/aws.kinesis.FirehoseDeliveryStream.splunk-destination-go/Pulumi.yaml,Pulumi,go,Low,2,0,0,True,14,False,0,Pulumi Multi-Language Repos,7,0.514
278625618/aws.ec2.getRouteTable-go/Pulumi.yaml,Pulumi,go,Low,2,0,0,True,14,False,0,Pulumi Multi-Language Repos,7,0.514
278625618/aws.waf.getRateBasedRule-typescript/Pulumi.yaml,Pulumi,typescript,Low,2,0,0,True,14,False,0,Pulumi Multi-Language Repos,7,0.514
278625618/aws.ec2.AmiCopy-python/Pulumi.yaml,Pulumi,python,Low,2,0,0,True,14,False,0,Pulumi Multi-Language Repos,7,0.514
278625618/aws.wafregional.SizeConstraintSet-typescript/Pulumi.yaml,Pulumi,typescript,Low,2,0,0,True,14,False,0,Pulumi Multi-Language Repos,7,0.514
278625618/aws.ec2.VpnGatewayRoutePropagation-csharp/Pulumi.yaml,Pulumi,csharp,Low,2,0,0,True,14,False,0,Pulumi Multi-Language Repos,7,0.514
278625618/aws.apigateway.MethodResponse-typescript/Pulumi.yaml,Pulumi,typescript,Low,2,0,0,True,14,False,0,Pulumi Multi-Language Repos,7,0.514
278625618/aws.elasticbeanstalk.ConfigurationTemplate-go/Pulumi.yaml,Pulumi,go,Low,2,0,0,True,14,False,0,Pulumi Multi-Language Repos,7,0.514
278625618/aws.kms.Grant-python/Pulumi.yaml,Pulumi,python,Low,2,0,0,True,14,False,0,Pulumi Multi-Language Repos,7,0.514
278625618/aws.iam.AccessKey-go/Pulumi.yaml,Pulumi,go,Low,2,0,0,True,14,False,0,Pulumi Multi-Language Repos,7,0.514
278625618/aws.iam.User-typescript/Pulumi.yaml,Pulumi,typescript,Low,2,0,0,True,14,False,0,Pulumi Multi-Language Repos,7,0.514
278625618/aws.ecr.getAuthorizationToken-typescript/Pulumi.yaml,Pulumi,typescript,Low,2,0,0,True,14,False,0,Pulumi Multi-Language Repos,7,0.514
278625618/aws.cloudwatch.getLogGroup-csharp/Pulumi.yaml,Pulumi,csharp,Low,2,0,0,True,14,False,0,Pulumi Multi-Language Repos,7,0.514
278625618/aws.ec2clientvpn.NetworkAssociation-go/Pulumi.yaml,Pulumi,go,Low,2,0,0,True,14,False,0,Pulumi Multi-Language Repos,7,0.514
278625618/aws.glue.Classifier.csv-classifier-typescript/Pulumi.yaml,Pulumi,typescript,Low,2,0,0,True,14,False,0,Pulumi Multi-Language Repos,7,0.514
278625618/aws.batch.JobDefinition-csharp/Pulumi.yaml,Pulumi,csharp,Low,2,0,0,True,14,False,0,Pulumi Multi-Language Repos,7,0.514
278625618/aws.dlm.LifecyclePolicy-csharp/Pulumi.yaml,Pulumi,csharp,Low,2,0,0,True,14,False,0,Pulumi Multi-Language Repos,7,0.514
278625618/aws.ec2.VpnConnection.virtual-private-gateway-csharp/Pulumi.yaml,Pulumi,csharp,Low,2,0,0,True,14,False,0,Pulumi Multi-Language Repos,7,0.514
278625618/aws.ec2.getVpcDhcpOptions.lookup-by-dhcp-options-id-python/Pulumi.yaml,Pulumi,python,Low,2,0,0,True,14,False,0,Pulumi Multi-Language Repos,7,0.514
278625618/aws.glue.Trigger.conditional-trigger-with-crawler-action-typescript/Pulumi.yaml,Pulumi,typescript,Low,2,0,0,True,14,False,0,Pulumi Multi-Language Repos,7,0.514
278625618/aws.globalaccelerator.Listener-csharp/Pulumi.yaml,Pulumi,csharp,Low,2,0,0,True,14,False,0,Pulumi Multi-Language Repos,7,0.514
278625618/aws.workspaces.IpGroup-typescript/Pulumi.yaml,Pulumi,typescript,Low,2,0,0,True,14,False,0,Pulumi Multi-Language Repos,7,0.514
278625618/aws.outposts.getSite-go/Pulumi.yaml,Pulumi,go,Low,2,0,0,True,14,False,0,Pulumi Multi-Language Repos,7,0.514
278625618/aws.waf.GeoMatchSet-csharp/Pulumi.yaml,Pulumi,csharp,Low,2,0,0,True,14,False,0,Pulumi Multi-Language Repos,7,0.514
278625618/aws.directoryservice.getDirectory-go/Pulumi.yaml,Pulumi,go,Low,2,0,0,True,14,False,0,Pulumi Multi-Language Repos,7,0.514
278625618/aws.cloudwatch.LogStream-typescript/Pulumi.yaml,Pulumi,typescript,Low,2,0,0,True,14,False,0,Pulumi Multi-Language Repos,7,0.514
278625618/aws.guardduty.OrganizationAdminAccount-python/Pulumi.yaml,Pulumi,python,Low,2,0,0,True,14,False,0,Pulumi Multi-Language Repos,7,0.514
278625618/aws.elb.ListenerPolicy.custom-policy-python/Pulumi.yaml,Pulumi,python,Low,2,0,0,True,14,False,0,Pulumi Multi-Language Repos,7,0.514
278625618/aws.secretsmanager.Secret.rotation-configuration-typescript/Pulumi.yaml,Pulumi,typescript,Low,2,0,0,True,14,False,0,Pulumi Multi-Language Repos,7,0.514
278625618/aws.appmesh.Mesh.basic-python/Pulumi.yaml,Pulumi,python,Low,2,0,0,True,14,False,0,Pulumi Multi-Language Repos,7,0.514
278625618/aws.wafregional.Rule-typescript/Pulumi.yaml,Pulumi,typescript,Low,2,0,0,True,14,False,0,Pulumi Multi-Language Repos,7,0.514
278625618/aws.cloudwatch.EventRule-typescript/Pulumi.yaml,Pulumi,typescript,Low,2,0,0,True,14,False,0,Pulumi Multi-Language Repos,7,0.514
278625618/aws.lambda.getAlias-go/Pulumi.yaml,Pulumi,go,Low,2,0,0,True,14,False,0,Pulumi Multi-Language Repos,7,0.514
278625618/aws.elb.Attachment-typescript/Pulumi.yaml,Pulumi,typescript,Low,2,0,0,True,14,False,0,Pulumi Multi-Language Repos,7,0.514
278625618/aws.ec2.Route-python/Pulumi.yaml,Pulumi,python,Low,2,0,0,True,14,False,0,Pulumi Multi-Language Repos,7,0.514
278625618/aws.dms.ReplicationInstance-csharp/Pulumi.yaml,Pulumi,csharp,Low,2,0,0,True,14,False,0,Pulumi Multi-Language Repos,7,0.514
278625618/aws.apigateway.DomainName.regional-acm-certificate-python/Pulumi.yaml,Pulumi,python,Low,2,0,0,True,14,False,0,Pulumi Multi-Language Repos,7,0.514
278625618/aws.appsync.GraphQLApi.enabling-logging-typescript/Pulumi.yaml,Pulumi,typescript,Low,2,0,0,True,14,False,0,Pulumi Multi-Language Repos,7,0.514
278625618/aws.lb.Listener.redirect-action-python/Pulumi.yaml,Pulumi,python,Low,2,0,0,True,14,False,0,Pulumi Multi-Language Repos,7,0.514
278625618/aws.eks.FargateProfile.example-iam-role-for-eks-fargate-profile-python/Pulumi.yaml,Pulumi,python,Low,2,0,0,True,14,False,0,Pulumi Multi-Language Repos,7,0.514
278625618/aws.opsworks.Stack-python/Pulumi.yaml,Pulumi,python,Low,2,0,0,True,14,False,0,Pulumi Multi-Language Repos,7,0.514
278625618/aws.kms.Key-python/Pulumi.yaml,Pulumi,python,Low,2,0,0,True,14,False,0,Pulumi Multi-Language Repos,7,0.514
278625618/aws.iam.AccountPasswordPolicy-python/Pulumi.yaml,Pulumi,python,Low,2,0,0,True,14,False,0,Pulumi Multi-Language Repos,7,0.514
278625618/aws.lightsail.StaticIp-csharp/Pulumi.yaml,Pulumi,csharp,Low,2,0,0,True,14,False,0,Pulumi Multi-Language Repos,7,0.514
278625618/aws.ec2.getVpcEndpoint-go/Pulumi.yaml,Pulumi,go,Low,2,0,0,True,14,False,0,Pulumi Multi-Language Repos,7,0.514
278625618/aws.organizations.getOrganization.list-all-account-ids-for-the-organization-csharp/Pulumi.yaml,Pulumi,csharp,Low,2,0,0,True,14,False,0,Pulumi Multi-Language Repos,7,0.514
278625618/aws.fsx.WindowsFileSystem.using-a-self-managed-microsoft-active-directory-csharp/Pulumi.yaml,Pulumi,csharp,Low,2,0,0,True,14,False,0,Pulumi Multi-Language Repos,7,0.514
278625618/aws.workspaces.Directory-typescript/Pulumi.yaml,Pulumi,typescript,Low,2,0,0,True,14,False,0,Pulumi Multi-Language Repos,7,0.514
278625618/aws.apigatewayv2.RouteResponse.basic-typescript/Pulumi.yaml,Pulumi,typescript,Low,2,0,0,True,14,False,0,Pulumi Multi-Language Repos,7,0.514
278625618/aws.wafregional.getWebAcl-typescript/Pulumi.yaml,Pulumi,typescript,Low,2,0,0,True,14,False,0,Pulumi Multi-Language Repos,7,0.514
278625618/aws.pinpoint.EventStream-python/Pulumi.yaml,Pulumi,python,Low,2,0,0,True,14,False,0,Pulumi Multi-Language Repos,7,0.514
278625618/aws.pinpoint.GcmChannel-csharp/Pulumi.yaml,Pulumi,csharp,Low,2,0,0,True,14,False,0,Pulumi Multi-Language Repos,7,0.514
278625618/aws.wafregional.XssMatchSet-csharp/Pulumi.yaml,Pulumi,csharp,Low,2,0,0,True,14,False,0,Pulumi Multi-Language Repos,7,0.514
278625618/aws.servicediscovery.PrivateDnsNamespace-typescript/Pulumi.yaml,Pulumi,typescript,Low,2,0,0,True,14,False,0,Pulumi Multi-Language Repos,7,0.514
278625618/aws.glue.Job.python-job-typescript/Pulumi.yaml,Pulumi,typescript,Low,2,0,0,True,14,False,0,Pulumi Multi-Language Repos,7,0.514
278625618/aws.directconnect.HostedPublicVirtualInterfaceAccepter-csharp/Pulumi.yaml,Pulumi,csharp,Low,2,0,0,True,14,False,0,Pulumi Multi-Language Repos,7,0.514
278625618/aws.ec2.TransitGatewayPeeringAttachmentAccepter-typescript/Pulumi.yaml,Pulumi,typescript,Low,2,0,0,True,14,False,0,Pulumi Multi-Language Repos,7,0.514
278625618/aws.opsworks.MemcachedLayer-csharp/Pulumi.yaml,Pulumi,csharp,Low,2,0,0,True,14,False,0,Pulumi Multi-Language Repos,7,0.514
278625618/aws.ec2.VpcEndpointSubnetAssociation-python/Pulumi.yaml,Pulumi,python,Low,2,0,0,True,14,False,0,Pulumi Multi-Language Repos,7,0.514
278625618/aws.wafv2.getWebAcl-csharp/Pulumi.yaml,Pulumi,csharp,Low,2,0,0,True,14,False,0,Pulumi Multi-Language Repos,7,0.514
278625618/aws.route53.QueryLog-go/Pulumi.yaml,Pulumi,go,Low,2,0,0,True,14,False,0,Pulumi Multi-Language Repos,7,0.514
278625618/aws.neptune.ClusterParameterGroup-typescript/Pulumi.yaml,Pulumi,typescript,Low,2,0,0,True,14,False,0,Pulumi Multi-Language Repos,7,0.514
278625618/aws.glacier.VaultLock.testing-glacier-vault-lock-policy-python/Pulumi.yaml,Pulumi,python,Low,2,0,0,True,14,False,0,Pulumi Multi-Language Repos,7,0.514
278625618/aws.appsync.GraphQLApi.with-schema-typescript/Pulumi.yaml,Pulumi,typescript,Low,2,0,0,True,14,False,0,Pulumi Multi-Language Repos,7,0.514
278625618/aws.iam.getServerCertificate-python/Pulumi.yaml,Pulumi,python,Low,2,0,0,True,14,False,0,Pulumi Multi-Language Repos,7,0.514
278625618/aws.sqs.QueuePolicy-csharp/Pulumi.yaml,Pulumi,csharp,Low,2,0,0,True,14,False,0,Pulumi Multi-Language Repos,7,0.514
278625618/aws.alb.getLoadBalancer-go/Pulumi.yaml,Pulumi,go,Low,2,0,0,True,14,False,0,Pulumi Multi-Language Repos,7,0.514
278625618/aws.iam.UserPolicy-typescript/Pulumi.yaml,Pulumi,typescript,Low,2,0,0,True,14,False,0,Pulumi Multi-Language Repos,7,0.514
278625618/aws.sns.SmsPreferences-python/Pulumi.yaml,Pulumi,python,Low,2,0,0,True,14,False,0,Pulumi Multi-Language Repos,7,0.514
278625618/aws.elasticloadbalancingv2.getListener-typescript/Pulumi.yaml,Pulumi,typescript,Low,2,0,0,True,14,False,0,Pulumi Multi-Language Repos,7,0.514
278625618/aws.cfg.OrganizationManagedRule-go/Pulumi.yaml,Pulumi,go,Low,2,0,0,True,14,False,0,Pulumi Multi-Language Repos,7,0.514
278625618/aws.directconnect.getGateway-go/Pulumi.yaml,Pulumi,go,Low,2,0,0,True,14,False,0,Pulumi Multi-Language Repos,7,0.514
278625618/aws.s3.Bucket.private-bucket-w-tags-typescript/Pulumi.yaml,Pulumi,typescript,Low,2,0,0,True,14,False,0,Pulumi Multi-Language Repos,7,0.514
278625618/aws.elasticloadbalancing.getLoadBalancer-typescript/Pulumi.yaml,Pulumi,typescript,Low,2,0,0,True,14,False,0,Pulumi Multi-Language Repos,7,0.514
278625618/aws.guardduty.InviteAccepter-typescript/Pulumi.yaml,Pulumi,typescript,Low,2,0,0,True,14,False,0,Pulumi Multi-Language Repos,7,0.514
278625618/aws.directconnect.TransitVirtualInterface-python/Pulumi.yaml,Pulumi,python,Low,2,0,0,True,14,False,0,Pulumi Multi-Language Repos,7,0.514
278625618/aws.route53.HealthCheck.cloudwatch-alarm-check-typescript/Pulumi.yaml,Pulumi,typescript,Low,2,0,0,True,14,False,0,Pulumi Multi-Language Repos,7,0.514
278625618/aws.iam.getAccountAlias-python/Pulumi.yaml,Pulumi,python,Low,2,0,0,True,14,False,0,Pulumi Multi-Language Repos,7,0.514
278625618/aws.lb.TargetGroup.ip-target-group-csharp/Pulumi.yaml,Pulumi,csharp,Low,2,0,0,True,14,False,0,Pulumi Multi-Language Repos,7,0.514
278625618/aws.organizations.getOrganization.list-all-account-ids-for-the-organization-typescript/Pulumi.yaml,Pulumi,typescript,Low,2,0,0,True,14,False,0,Pulumi Multi-Language Repos,7,0.514
278625618/aws.emr.SecurityConfiguration-go/Pulumi.yaml,Pulumi,go,Low,2,0,0,True,14,False,0,Pulumi Multi-Language Repos,7,0.514
278625618/aws.apigatewayv2.RouteResponse.basic-go/Pulumi.yaml,Pulumi,go,Low,2,0,0,True,14,False,0,Pulumi Multi-Language Repos,7,0.514
278625618/aws.ec2.FlowLog.s3-logging-python/Pulumi.yaml,Pulumi,python,Low,2,0,0,True,14,False,0,Pulumi Multi-Language Repos,7,0.514
278625618/aws.ecr.getImage-go/Pulumi.yaml,Pulumi,go,Low,2,0,0,True,14,False,0,Pulumi Multi-Language Repos,7,0.514
278625618/aws.glue.getScript.generate-python-script-csharp/Pulumi.yaml,Pulumi,csharp,Low,2,0,0,True,14,False,0,Pulumi Multi-Language Repos,7,0.514
278625618/aws.elastictranscoder.Pipeline-typescript/Pulumi.yaml,Pulumi,typescript,Low,2,0,0,True,14,False,0,Pulumi Multi-Language Repos,7,0.514
278625618/aws.applicationloadbalancing.ListenerCertificate-typescript/Pulumi.yaml,Pulumi,typescript,Low,2,0,0,True,14,False,0,Pulumi Multi-Language Repos,7,0.514
278625618/aws.cloudtrail.getServiceAccount-csharp/Pulumi.yaml,Pulumi,csharp,Low,2,0,0,True,14,False,0,Pulumi Multi-Language Repos,7,0.514
278625618/aws.s3.BucketMetric.add-metrics-configuration-for-entire-s3-bucket-python/Pulumi.yaml,Pulumi,python,Low,2,0,0,True,14,False,0,Pulumi Multi-Language Repos,7,0.514
278625618/aws.ec2transitgateway.getTransitGateway.by-identifier-go/Pulumi.yaml,Pulumi,go,Low,2,0,0,True,14,False,0,Pulumi Multi-Language Repos,7,0.514
278625618/aws.backup.getPlan-python/Pulumi.yaml,Pulumi,python,Low,2,0,0,True,14,False,0,Pulumi Multi-Language Repos,7,0.514
278625618/aws.pinpoint.EmailChannel-go/Pulumi.yaml,Pulumi,go,Low,2,0,0,True,14,False,0,Pulumi Multi-Language Repos,7,0.514
278625618/aws.cloudtrail.Trail.logging-all-lambda-function-invocations-typescript/Pulumi.yaml,Pulumi,typescript,Low,2,0,0,True,14,False,0,Pulumi Multi-Language Repos,7,0.514
278625618/aws.opsworks.CustomLayer-csharp/Pulumi.yaml,Pulumi,csharp,Low,2,0,0,True,14,False,0,Pulumi Multi-Language Repos,7,0.514
278625618/aws.appsync.GraphQLApi.enabling-logging-python/Pulumi.yaml,Pulumi,python,Low,2,0,0,True,14,False,0,Pulumi Multi-Language Repos,7,0.514
278625618/aws.globalaccelerator.Accelerator-go/Pulumi.yaml,Pulumi,go,Low,2,0,0,True,14,False,0,Pulumi Multi-Language Repos,7,0.514
278625618/aws.sagemaker.Endpoint-csharp/Pulumi.yaml,Pulumi,csharp,Low,2,0,0,True,14,False,0,Pulumi Multi-Language Repos,7,0.514
278625618/aws.apigateway.DocumentationPart-python/Pulumi.yaml,Pulumi,python,Low,2,0,0,True,14,False,0,Pulumi Multi-Language Repos,7,0.514
278625618/aws.ec2transitgateway.getPeeringAttachment.by-identifier-go/Pulumi.yaml,Pulumi,go,Low,2,0,0,True,14,False,0,Pulumi Multi-Language Repos,7,0.514
278625618/aws.ec2.getNetworkAcls-go/Pulumi.yaml,Pulumi,go,Low,2,0,0,True,14,False,0,Pulumi Multi-Language Repos,7,0.514
278625618/aws.msk.getCluster-csharp/Pulumi.yaml,Pulumi,csharp,Low,2,0,0,True,14,False,0,Pulumi Multi-Language Repos,7,0.514
278625618/aws.s3.BucketObject.s3-object-lock-typescript/Pulumi.yaml,Pulumi,typescript,Low,2,0,0,True,14,False,0,Pulumi Multi-Language Repos,7,0.514
278625618/aws.securityhub.ProductSubscription-csharp/Pulumi.yaml,Pulumi,csharp,Low,2,0,0,True,14,False,0,Pulumi Multi-Language Repos,7,0.514
278625618/aws.ecs.getContainerDefinition-typescript/Pulumi.yaml,Pulumi,typescript,Low,2,0,0,True,14,False,0,Pulumi Multi-Language Repos,7,0.514
278625618/aws.storagegateway.Cache-go/Pulumi.yaml,Pulumi,go,Low,2,0,0,True,14,False,0,Pulumi Multi-Language Repos,7,0.514
278625618/aws.cfg.RecorderStatus-typescript/Pulumi.yaml,Pulumi,typescript,Low,2,0,0,True,14,False,0,Pulumi Multi-Language Repos,7,0.514
278625618/aws.appmesh.Route.http-header-routing-python/Pulumi.yaml,Pulumi,python,Low,2,0,0,True,14,False,0,Pulumi Multi-Language Repos,7,0.514
278625618/aws.ec2.getNetworkInterfaces-typescript/Pulumi.yaml,Pulumi,typescript,Low,2,0,0,True,14,False,0,Pulumi Multi-Language Repos,7,0.514
278625618/aws.alb.LoadBalancer.specifying-elastic-ips-python/Pulumi.yaml,Pulumi,python,Low,2,0,0,True,14,False,0,Pulumi Multi-Language Repos,7,0.514
278625618/aws.waf.ByteMatchSet-csharp/Pulumi.yaml,Pulumi,csharp,Low,2,0,0,True,14,False,0,Pulumi Multi-Language Repos,7,0.514
278625618/aws.datasync.NfsLocation-python/Pulumi.yaml,Pulumi,python,Low,2,0,0,True,14,False,0,Pulumi Multi-Language Repos,7,0.514
278625618/aws.organizations.Organization-python/Pulumi.yaml,Pulumi,python,Low,2,0,0,True,14,False,0,Pulumi Multi-Language Repos,7,0.514
278625618/aws.apigatewayv2.Api.basic-websocket-api-python/Pulumi.yaml,Pulumi,python,Low,2,0,0,True,14,False,0,Pulumi Multi-Language Repos,7,0.514
278625618/aws.ec2.VpcDhcpOptions-typescript/Pulumi.yaml,Pulumi,typescript,Low,2,0,0,True,14,False,0,Pulumi Multi-Language Repos,7,0.514
278625618/aws.opsworks.UserProfile-typescript/Pulumi.yaml,Pulumi,typescript,Low,2,0,0,True,14,False,0,Pulumi Multi-Language Repos,7,0.514
278625618/aws.secretsmanager.getSecretRotation.retrieve-secret-rotation-configuration-csharp/Pulumi.yaml,Pulumi,csharp,Low,2,0,0,True,14,False,0,Pulumi Multi-Language Repos,7,0.514
278625618/aws.route53.ResolverRuleAssociation-go/Pulumi.yaml,Pulumi,go,Low,2,0,0,True,14,False,0,Pulumi Multi-Language Repos,7,0.514
278625618/aws.guardduty.IPSet-typescript/Pulumi.yaml,Pulumi,typescript,Low,2,0,0,True,14,False,0,Pulumi Multi-Language Repos,7,0.514
278625618/aws.pinpoint.BaiduChannel-go/Pulumi.yaml,Pulumi,go,Low,2,0,0,True,14,False,0,Pulumi Multi-Language Repos,7,0.514
278625618/aws.ses.ReceiptRuleSet-python/Pulumi.yaml,Pulumi,python,Low,2,0,0,True,14,False,0,Pulumi Multi-Language Repos,7,0.514
278625618/aws.ec2.TrafficMirrorFilter-typescript/Pulumi.yaml,Pulumi,typescript,Low,2,0,0,True,14,False,0,Pulumi Multi-Language Repos,7,0.514
278625618/aws.rds.Snapshot-go/Pulumi.yaml,Pulumi,go,Low,2,0,0,True,14,False,0,Pulumi Multi-Language Repos,7,0.514
278625618/aws.ec2.Fleet-csharp/Pulumi.yaml,Pulumi,csharp,Low,2,0,0,True,14,False,0,Pulumi Multi-Language Repos,7,0.514
278625618/aws.waf.RegexPatternSet-csharp/Pulumi.yaml,Pulumi,csharp,Low,2,0,0,True,14,False,0,Pulumi Multi-Language Repos,7,0.514
278625618/aws.opsworks.HaproxyLayer-python/Pulumi.yaml,Pulumi,python,Low,2,0,0,True,14,False,0,Pulumi Multi-Language Repos,7,0.514
278625618/aws.ec2transitgateway.getRouteTable.by-identifier-csharp/Pulumi.yaml,Pulumi,csharp,Low,2,0,0,True,14,False,0,Pulumi Multi-Language Repos,7,0.514
278625618/aws.ec2.getCoipPool-csharp/Pulumi.yaml,Pulumi,csharp,Low,2,0,0,True,14,False,0,Pulumi Multi-Language Repos,7,0.514
278625618/aws.dms.ReplicationSubnetGroup-csharp/Pulumi.yaml,Pulumi,csharp,Low,2,0,0,True,14,False,0,Pulumi Multi-Language Repos,7,0.514
278625618/aws.glue.Classifier.xml-classifier-csharp/Pulumi.yaml,Pulumi,csharp,Low,2,0,0,True,14,False,0,Pulumi Multi-Language Repos,7,0.514
278625618/aws.iot.TopicRule-typescript/Pulumi.yaml,Pulumi,typescript,Low,2,0,0,True,14,False,0,Pulumi Multi-Language Repos,7,0.514
278625618/aws.glacier.VaultLock.permanently-applying-glacier-vault-lock-policy-csharp/Pulumi.yaml,Pulumi,csharp,Low,2,0,0,True,14,False,0,Pulumi Multi-Language Repos,7,0.514
278625618/aws.apigatewayv2.Authorizer.basic-http-api-csharp/Pulumi.yaml,Pulumi,csharp,Low,2,0,0,True,14,False,0,Pulumi Multi-Language Repos,7,0.514
278625618/aws.cur.ReportDefinition-python/Pulumi.yaml,Pulumi,python,Low,2,0,0,True,14,False,0,Pulumi Multi-Language Repos,7,0.514
278625618/aws.ec2.VpcDhcpOptions-go/Pulumi.yaml,Pulumi,go,Low,2,0,0,True,14,False,0,Pulumi Multi-Language Repos,7,0.514
278625618/aws.docdb.ClusterSnapshot-typescript/Pulumi.yaml,Pulumi,typescript,Low,2,0,0,True,14,False,0,Pulumi Multi-Language Repos,7,0.514
278625618/aws.lb.TargetGroup.ip-target-group-python/Pulumi.yaml,Pulumi,python,Low,2,0,0,True,14,False,0,Pulumi Multi-Language Repos,7,0.514
278625618/aws.backup.getPlan-typescript/Pulumi.yaml,Pulumi,typescript,Low,2,0,0,True,14,False,0,Pulumi Multi-Language Repos,7,0.514
278625618/aws.efs.FileSystem.efs-file-system-w-tags-python/Pulumi.yaml,Pulumi,python,Low,2,0,0,True,14,False,0,Pulumi Multi-Language Repos,7,0.514
278625618/aws.rds.Instance.storage-autoscaling-csharp/Pulumi.yaml,Pulumi,csharp,Low,2,0,0,True,14,False,0,Pulumi Multi-Language Repos,7,0.514
278625618/aws.elasticloadbalancingv2.LoadBalancer.specifying-elastic-ips-typescript/Pulumi.yaml,Pulumi,typescript,Low,2,0,0,True,14,False,0,Pulumi Multi-Language Repos,7,0.514
278625618/aws.ec2clientvpn.NetworkAssociation-python/Pulumi.yaml,Pulumi,python,Low,2,0,0,True,14,False,0,Pulumi Multi-Language Repos,7,0.514
278625618/aws.codedeploy.DeploymentConfig.lambda-usage-typescript/Pulumi.yaml,Pulumi,typescript,Low,2,0,0,True,14,False,0,Pulumi Multi-Language Repos,7,0.514
278625618/aws.efs.getFileSystem-go/Pulumi.yaml,Pulumi,go,Low,2,0,0,True,14,False,0,Pulumi Multi-Language Repos,7,0.514
278625618/aws.elasticloadbalancingv2.TargetGroup.lambda-target-group-python/Pulumi.yaml,Pulumi,python,Low,2,0,0,True,14,False,0,Pulumi Multi-Language Repos,7,0.514
278625618/aws.ec2.getSecurityGroups-typescript/Pulumi.yaml,Pulumi,typescript,Low,2,0,0,True,14,False,0,Pulumi Multi-Language Repos,7,0.514
278625618/aws.ec2.TransitGatewayPeeringAttachmentAccepter-csharp/Pulumi.yaml,Pulumi,csharp,Low,2,0,0,True,14,False,0,Pulumi Multi-Language Repos,7,0.514
278625618/aws.lb.TargetGroup.lambda-target-group-typescript/Pulumi.yaml,Pulumi,typescript,Low,2,0,0,True,14,False,0,Pulumi Multi-Language Repos,7,0.514
278625618/aws.cloudwatch.getLogGroup-go/Pulumi.yaml,Pulumi,go,Low,2,0,0,True,14,False,0,Pulumi Multi-Language Repos,7,0.514
278625618/aws.codecommit.Repository-csharp/Pulumi.yaml,Pulumi,csharp,Low,2,0,0,True,14,False,0,Pulumi Multi-Language Repos,7,0.514
278625618/aws.rds.ClusterInstance-python/Pulumi.yaml,Pulumi,python,Low,2,0,0,True,14,False,0,Pulumi Multi-Language Repos,7,0.514
278625618/aws.ec2.Instance-typescript/Pulumi.yaml,Pulumi,typescript,Low,2,0,0,True,14,False,0,Pulumi Multi-Language Repos,7,0.514
278625618/aws.codedeploy.DeploymentGroup.blue-green-deployments-with-servers-and-classic-elb-csharp/Pulumi.yaml,Pulumi,csharp,Low,2,0,0,True,14,False,0,Pulumi Multi-Language Repos,7,0.514
278625618/aws.glue.Crawler.dynamodb-target-go/Pulumi.yaml,Pulumi,go,Low,2,0,0,True,14,False,0,Pulumi Multi-Language Repos,7,0.514
278625618/aws.wafregional.RegexPatternSet-python/Pulumi.yaml,Pulumi,python,Low,2,0,0,True,14,False,0,Pulumi Multi-Language Repos,7,0.514
278625618/aws.cognito.UserPool.basic-configuration-csharp/Pulumi.yaml,Pulumi,csharp,Low,2,0,0,True,14,False,0,Pulumi Multi-Language Repos,7,0.514
278625618/aws.ec2.getLocalGateways-go/Pulumi.yaml,Pulumi,go,Low,2,0,0,True,14,False,0,Pulumi Multi-Language Repos,7,0.514
278625618/aws.ec2.SpotFleetRequest.using-multiple-launch-specifications-go/Pulumi.yaml,Pulumi,go,Low,2,0,0,True,14,False,0,Pulumi Multi-Language Repos,7,0.514
278625618/aws.ec2.ProxyProtocolPolicy-typescript/Pulumi.yaml,Pulumi,typescript,Low,2,0,0,True,14,False,0,Pulumi Multi-Language Repos,7,0.514
278625618/aws.iam.UserPolicyAttachment-typescript/Pulumi.yaml,Pulumi,typescript,Low,2,0,0,True,14,False,0,Pulumi Multi-Language Repos,7,0.514
278625618/aws.elasticloadbalancingv2.TargetGroup.instance-target-group-csharp/Pulumi.yaml,Pulumi,csharp,Low,2,0,0,True,14,False,0,Pulumi Multi-Language Repos,7,0.514
278625618/aws.ebs.Snapshot-csharp/Pulumi.yaml,Pulumi,csharp,Low,2,0,0,True,14,False,0,Pulumi Multi-Language Repos,7,0.514
278625618/aws.ec2.TransitGatewayPeeringAttachmentAccepter-python/Pulumi.yaml,Pulumi,python,Low,2,0,0,True,14,False,0,Pulumi Multi-Language Repos,7,0.514
278625618/aws.ec2.VpcDhcpOptionsAssociation-go/Pulumi.yaml,Pulumi,go,Low,2,0,0,True,14,False,0,Pulumi Multi-Language Repos,7,0.514
278625618/aws.redshift.SnapshotScheduleAssociation-csharp/Pulumi.yaml,Pulumi,csharp,Low,2,0,0,True,14,False,0,Pulumi Multi-Language Repos,7,0.514
278625618/aws.ec2.NetworkInterfaceSecurityGroupAttachment-csharp/Pulumi.yaml,Pulumi,csharp,Low,2,0,0,True,14,False,0,Pulumi Multi-Language Repos,7,0.514
278625618/aws.lambda.FunctionEventInvokeConfig.configuration-for-function-latest-unpublished-version-go/Pulumi.yaml,Pulumi,go,Low,2,0,0,True,14,False,0,Pulumi Multi-Language Repos,7,0.514
278625618/aws.ram.ResourceShareAccepter-python/Pulumi.yaml,Pulumi,python,Low,2,0,0,True,14,False,0,Pulumi Multi-Language Repos,7,0.514
278625618/aws.cloudwatch.MetricAlarm-typescript/Pulumi.yaml,Pulumi,typescript,Low,2,0,0,True,14,False,0,Pulumi Multi-Language Repos,7,0.514
167551626/infrastructure_as_code/packages/trading-ec2-codepipeline/cdk.json,AWS CDK,javascript,Low,2,0,0,False,0,True,2,CDK General Infrastructure,1,0.5
516455531/cdk.json,AWS CDK,typescript,Low,2,0,0,False,0,True,2,CDK General Infrastructure,1,0.5
436997906/cdk.json,AWS CDK,typescript,Low,2,0,0,False,0,True,2,CDK General Infrastructure,1,0.5
339499943/cdk.json,AWS CDK,typescript,Low,2,0,0,False,0,True,2,CDK General Infrastructure,1,0.5
393959250/backend/cdk.json,AWS CDK,typescript,Low,2,0,0,False,0,True,2,CDK General Infrastructure,1,0.5
491727489/cdk.json,AWS CDK,typescript,Low,2,0,0,False,0,True,2,CDK General Infrastructure,1,0.5
476251774/cdk.json,AWS CDK,typescript,Low,2,0,0,False,0,True,2,CDK General Infrastructure,1,0.5
526815063/go/ecs/fargate-with-alb/cdk.json,AWS CDK,go,Low,2,0,0,False,0,True,2,CDK General Infrastructure,1,0.5
502720827/aws-cdk-examples-master/typescript/lambda-cloudwatch-dashboard/cdk.json,AWS CDK,typescript,Low,2,0,0,False,0,True,2,CDK General Infrastructure,1,0.5
444939167/go/ecs/fargate-with-alb/cdk.json,AWS CDK,go,Low,2,0,0,False,0,True,2,CDK General Infrastructure,1,0.5
500201832/go/ecs/fargate-with-alb/cdk.json,AWS CDK,go,Low,2,0,0,False,0,True,2,CDK General Infrastructure,1,0.5
500201832/go/ecs/fargate-alb-pattern/cdk.json,AWS CDK,go,Low,2,0,0,False,0,True,2,CDK General Infrastructure,1,0.5
444939167/go/ecs/fargate-alb-pattern/cdk.json,AWS CDK,go,Low,2,0,0,False,0,True,2,CDK General Infrastructure,1,0.5
325497573/ecs-ec2-rds-cdk/cdk.json,AWS CDK,typescript,Low,2,0,0,False,0,True,3,CDK General Infrastructure,1,0.5
529086055/cdk.json,AWS CDK,typescript,Low,2,0,0,False,0,True,2,CDK General Infrastructure,1,0.5
479067423/go/ecs/fargate-alb-pattern/cdk.json,AWS CDK,go,Low,2,0,0,False,0,True,2,CDK General Infrastructure,1,0.5
477755601/cdk.json,AWS CDK,typescript,Low,2,0,0,False,0,True,2,CDK General Infrastructure,1,0.5
203405998/cdk.json,AWS CDK,typescript,Low,2,0,0,False,0,True,2,CDK General Infrastructure,1,0.5
526815063/go/ecs/fargate-alb-pattern/cdk.json,AWS CDK,go,Low,2,0,0,False,0,True,2,CDK General Infrastructure,1,0.5
486890812/apigateway-nonproxy-lambda/cdk.json,AWS CDK,typescript,Low,2,0,0,False,0,True,2,CDK General Infrastructure,1,0.5
500228260/typescript/lambda-cloudwatch-dashboard/cdk.json,AWS CDK,typescript,Low,2,0,0,False,0,True,2,CDK General Infrastructure,1,0.5
393913827/ecs-ec2-rds-cdk/cdk.json,AWS CDK,typescript,Low,2,0,0,False,0,True,3,CDK General Infrastructure,1,0.5
449971845/cdk.json,AWS CDK,typescript,Low,2,0,0,False,0,True,2,CDK General Infrastructure,1,0.5
399007041/ecs-ec2-rds-cdk/cdk.json,AWS CDK,typescript,Low,2,0,0,False,0,True,3,CDK General Infrastructure,1,0.5
513706223/cdk/cdk.json,AWS CDK,typescript,Low,2,0,0,False,0,True,2,CDK General Infrastructure,1,0.5
452325672/cdk.json,AWS CDK,typescript,Low,2,0,0,False,0,True,2,CDK General Infrastructure,1,0.5
483724902/cdk.json,AWS CDK,typescript,Low,2,0,0,False,0,True,2,CDK General Infrastructure,1,0.5
490744926/cdk.json,AWS CDK,typescript,Low,2,0,0,False,0,True,2,CDK General Infrastructure,1,0.5
490933423/cdk.json,AWS CDK,typescript,Low,2,0,0,False,0,True,2,CDK General Infrastructure,1,0.5
498889043/cdk.json,AWS CDK,typescript,Low,2,0,0,False,0,True,2,CDK General Infrastructure,1,0.5
441611753/cdk.json,AWS CDK,typescript,Low,2,0,0,False,0,True,2,CDK General Infrastructure,1,0.5
509056911/cdk.json,AWS CDK,typescript,Low,2,0,0,False,0,True,2,CDK General Infrastructure,1,0.5
168772474/typescript/lambda-cloudwatch-dashboard/cdk.json,AWS CDK,typescript,Low,2,0,0,False,0,True,2,CDK General Infrastructure,1,0.5
135867643/lambda/eventbridge-lambda/cdk.json,AWS CDK,typescript,Low,2,0,0,False,0,True,2,CDK General Infrastructure,1,0.5
510794552/cdk.json,AWS CDK,typescript,Low,2,0,0,False,0,True,2,CDK General Infrastructure,1,0.5
479067423/typescript/lambda-cloudwatch-dashboard/cdk.json,AWS CDK,typescript,Low,2,0,0,False,0,True,2,CDK General Infrastructure,1,0.5
526683691/Fargate-Schedular-DynamoDB/cdk.json,AWS CDK,typescript,Low,2,0,0,False,0,True,2,CDK General Infrastructure,1,0.5
526683691/Lambda-Schedular-DynamoDB/cdk.json,AWS CDK,typescript,Low,2,0,0,False,0,True,2,CDK General Infrastructure,1,0.5
443906484/ecs-rds-construct/cdk.json,AWS CDK,typescript,Low,2,0,0,False,0,True,2,CDK General Infrastructure,1,0.5
520554218/cdk.json,AWS CDK,typescript,Low,2,0,0,False,0,True,2,CDK General Infrastructure,1,0.5
300235978/cdk.json,AWS CDK,typescript,Low,2,0,0,False,0,True,2,CDK General Infrastructure,1,0.5
479067423/go/ecs/fargate-with-alb/cdk.json,AWS CDK,go,Low,2,0,0,False,0,True,2,CDK General Infrastructure,1,0.5
298464882/cdk.json,AWS CDK,typescript,Low,2,0,0,False,0,True,3,CDK General Infrastructure,1,0.5
462726707/cdk.json,AWS CDK,typescript,Low,2,0,0,False,0,True,2,CDK General Infrastructure,1,0.5
460435599/cdk.json,AWS CDK,typescript,Low,2,0,0,False,0,True,2,CDK General Infrastructure,1,0.5
435223093/Serverless:CDK/serverless-patterns/apigw-lambda-dynamodb-xray/cdk/cdk.json,AWS CDK,typescript,Low,2,0,0,False,0,True,3,CDK General Infrastructure,1,0.5
447418175/cdk.json,AWS CDK,typescript,Low,2,0,0,False,0,True,2,CDK General Infrastructure,1,0.5
196982471/lambda-apigateway/cdk.json,AWS CDK,typescript,Low,2,0,0,False,0,True,2,CDK General Infrastructure,1,0.5
417359463/cdk.json,AWS CDK,typescript,Low,2,0,0,False,0,True,2,CDK General Infrastructure,1,0.5
483569475/cdk.json,AWS CDK,typescript,Low,2,0,0,False,0,True,2,CDK General Infrastructure,1,0.5
450736497/multi-step-functions-eventbridge/cdk.json,AWS CDK,typescript,Low,2,0,0,False,0,True,2,CDK General Infrastructure,1,0.5
518504353/cdk.json,AWS CDK,typescript,Low,2,0,0,False,0,True,3,CDK General Infrastructure,1,0.5
298654286/cdk/cdk-apigw-lambda-rdsaurora/cdk.json,AWS CDK,typescript,Low,2,0,0,False,0,True,2,CDK General Infrastructure,1,0.5
435223093/Serverless:CDK/serverless-patterns/cloudfront-le-apigw-cdk/cdk.json,AWS CDK,typescript,Low,2,0,0,False,0,True,2,CDK General Infrastructure,1,0.5
439745640/cdk.json,AWS CDK,typescript,Low,2,0,0,False,0,True,2,CDK General Infrastructure,1,0.5
454745882/cognito-api-lambda/cdk.json,AWS CDK,typescript,Low,2,0,0,False,0,True,2,CDK General Infrastructure,1,0.5
454745882/alb-lambda/cdk.json,AWS CDK,typescript,Low,2,0,0,False,0,True,2,CDK General Infrastructure,1,0.5
454745882/alb-ec2-asg/cdk.json,AWS CDK,typescript,Low,2,0,0,False,0,True,2,CDK General Infrastructure,1,0.5
374241079/go/ecs/fargate-with-alb/cdk.json,AWS CDK,go,Low,2,0,0,False,0,True,2,CDK General Infrastructure,1,0.5
435851485/cdk.json,AWS CDK,typescript,Low,2,0,0,False,0,True,2,CDK General Infrastructure,1,0.5
338322585/cloudfront-le-apigw-cdk/cdk.json,AWS CDK,typescript,Low,2,0,0,False,0,True,2,CDK General Infrastructure,1,0.5
202494073/cdk.json,AWS CDK,typescript,Low,2,0,0,False,0,True,2,CDK General Infrastructure,1,0.5
394517712/go/ecs/fargate-alb-pattern/cdk.json,AWS CDK,go,Low,2,0,0,False,0,True,2,CDK General Infrastructure,1,0.5
394517712/go/ecs/fargate-with-alb/cdk.json,AWS CDK,go,Low,2,0,0,False,0,True,2,CDK General Infrastructure,1,0.5
494395662/cdk.json,AWS CDK,typescript,Low,2,0,0,False,0,True,2,CDK General Infrastructure,1,0.5
374241079/go/ecs/fargate-alb-pattern/cdk.json,AWS CDK,go,Low,2,0,0,False,0,True,2,CDK General Infrastructure,1,0.5
315105985/cdk/rest-api/proxy-lambda/cdk.json,AWS CDK,typescript,Low,2,0,0,False,0,True,2,CDK General Infrastructure,1,0.5
457322326/cdk.json,AWS CDK,typescript,Low,2,0,0,False,0,True,2,CDK General Infrastructure,1,0.5
474677303/cdk.json,AWS CDK,typescript,Low,2,0,0,False,0,True,2,CDK General Infrastructure,1,0.5
479813368/cdk.json,AWS CDK,typescript,Low,2,0,0,False,0,True,2,CDK General Infrastructure,1,0.5
261960354/cdk.json,AWS CDK,typescript,Low,2,0,0,False,0,True,3,CDK General Infrastructure,1,0.5
444943851/cdk.json,AWS CDK,typescript,Low,2,0,0,False,0,True,2,CDK General Infrastructure,1,0.5
466185258/cdk.json,AWS CDK,typescript,Low,2,0,0,False,0,True,2,CDK General Infrastructure,1,0.5
455741564/ecs/ecs-network-load-balancer-service/cdk.json,AWS CDK,typescript,Low,2,0,0,False,0,True,2,CDK General Infrastructure,1,0.5
443361666/cdk.json,AWS CDK,typescript,Low,2,0,0,False,0,True,2,CDK General Infrastructure,1,0.5
338322585/apigw-lambda-dynamodb-xray/cdk/cdk.json,AWS CDK,typescript,Low,2,0,0,False,0,True,3,CDK General Infrastructure,1,0.5
455741564/ecs/ecs-service-with-advanced-alb-config/cdk.json,AWS CDK,typescript,Low,2,0,0,False,0,True,2,CDK General Infrastructure,1,0.5
304814932/cdk.json,AWS CDK,typescript,Low,2,0,0,False,0,True,2,CDK General Infrastructure,1,0.5
502720827/aws-cdk-examples-master/go/ecs/fargate-alb-pattern/cdk.json,AWS CDK,go,Low,2,0,0,False,0,True,2,CDK General Infrastructure,1,0.5
489362653/go/ecs/fargate-alb-pattern/cdk.json,AWS CDK,go,Low,2,0,0,False,0,True,2,CDK General Infrastructure,1,0.5
489362653/go/ecs/fargate-with-alb/cdk.json,AWS CDK,go,Low,2,0,0,False,0,True,2,CDK General Infrastructure,1,0.5
502720827/aws-cdk-examples-master/go/ecs/fargate-with-alb/cdk.json,AWS CDK,go,Low,2,0,0,False,0,True,2,CDK General Infrastructure,1,0.5
455741564/ecs/fargate-application-load-balanced-service/cdk.json,AWS CDK,typescript,Low,2,0,0,False,0,True,2,CDK General Infrastructure,1,0.5
500228260/go/ecs/fargate-with-alb/cdk.json,AWS CDK,go,Low,2,0,0,False,0,True,2,CDK General Infrastructure,1,0.5
526815063/typescript/lambda-cloudwatch-dashboard/cdk.json,AWS CDK,typescript,Low,2,0,0,False,0,True,2,CDK General Infrastructure,1,0.5
479890525/cdk.json,AWS CDK,typescript,Low,2,0,0,False,0,True,2,CDK General Infrastructure,1,0.5
330251072/cdk/cdk.json,AWS CDK,typescript,Low,2,0,0,False,0,True,2,CDK General Infrastructure,1,0.5
327770317/cdk.json,AWS CDK,typescript,Low,2,0,0,False,0,True,3,CDK General Infrastructure,1,0.5
460105484/cdk.json,AWS CDK,typescript,Low,2,0,0,False,0,True,3,CDK General Infrastructure,1,0.5
444939167/typescript/lambda-cloudwatch-dashboard/cdk.json,AWS CDK,typescript,Low,2,0,0,False,0,True,2,CDK General Infrastructure,1,0.5
435303537/cdk.json,AWS CDK,typescript,Low,2,0,0,False,0,True,2,CDK General Infrastructure,1,0.5
445126366/ecs-rds-construct/cdk.json,AWS CDK,typescript,Low,2,0,0,False,0,True,2,CDK General Infrastructure,1,0.5
405325180/go/ecs/fargate-alb-pattern/cdk.json,AWS CDK,go,Low,2,0,0,False,0,True,2,CDK General Infrastructure,1,0.5
405325180/go/ecs/fargate-with-alb/cdk.json,AWS CDK,go,Low,2,0,0,False,0,True,2,CDK General Infrastructure,1,0.5
450213325/cdk.json,AWS CDK,typescript,Low,2,0,0,False,0,True,2,CDK General Infrastructure,1,0.5
496954872/cdk.json,AWS CDK,typescript,Low,2,0,0,False,0,True,2,CDK General Infrastructure,1,0.5
451956118/cdk.json,AWS CDK,typescript,Low,2,0,0,False,0,True,2,CDK General Infrastructure,1,0.5
413061530/typescript/lambda-with-eventbridge/cdk.json,AWS CDK,typescript,Low,2,0,0,False,0,True,2,CDK General Infrastructure,1,0.5
413061530/typescript/lambda-with-dynamodb/cdk.json,AWS CDK,typescript,Low,2,0,0,False,0,True,2,CDK General Infrastructure,1,0.5
338322585/apigw-lambda-iot-cdk/cdk.json,AWS CDK,typescript,Low,2,0,0,False,0,True,2,CDK General Infrastructure,1,0.5
385661757/go/ecs/fargate-alb-pattern/cdk.json,AWS CDK,go,Low,2,0,0,False,0,True,2,CDK General Infrastructure,1,0.5
385661757/go/ecs/fargate-with-alb/cdk.json,AWS CDK,go,Low,2,0,0,False,0,True,2,CDK General Infrastructure,1,0.5
486890812/lambda-dynamodb/cdk.json,AWS CDK,typescript,Low,2,0,0,False,0,True,2,CDK General Infrastructure,1,0.5
457625512/cdk.json,AWS CDK,typescript,Low,2,0,0,False,0,True,2,CDK General Infrastructure,1,0.5
486890812/apigateway-http-lambda-integration/cdk.json,AWS CDK,typescript,Low,2,0,0,False,0,True,2,CDK General Infrastructure,1,0.5
168772474/go/ecs/fargate-with-alb/cdk.json,AWS CDK,go,Low,2,0,0,False,0,True,2,CDK General Infrastructure,1,0.5
486890812/lambda-eventsource-sqs/cdk.json,AWS CDK,typescript,Low,2,0,0,False,0,True,2,CDK General Infrastructure,1,0.5
486890812/apigateway-lambda/cdk.json,AWS CDK,typescript,Low,2,0,0,False,0,True,2,CDK General Infrastructure,1,0.5
438000927/cdk.json,AWS CDK,typescript,Low,2,0,0,False,0,True,2,CDK General Infrastructure,1,0.5
489362653/typescript/lambda-cloudwatch-dashboard/cdk.json,AWS CDK,typescript,Low,2,0,0,False,0,True,2,CDK General Infrastructure,1,0.5
413168239/ecs-ec2-rds-cdk/cdk.json,AWS CDK,typescript,Low,2,0,0,False,0,True,3,CDK General Infrastructure,1,0.5
500201832/typescript/lambda-cloudwatch-dashboard/cdk.json,AWS CDK,typescript,Low,2,0,0,False,0,True,2,CDK General Infrastructure,1,0.5
296754549/cdk.json,AWS CDK,typescript,Low,2,0,0,False,0,True,2,CDK General Infrastructure,1,0.5
486890812/aws-lambda-destination-eventbridge/cdk.json,AWS CDK,typescript,Low,2,0,0,False,0,True,2,CDK General Infrastructure,1,0.5
509108953/step-functions-athena/cdk.json,AWS CDK,typescript,Low,2,0,0,False,0,True,2,CDK General Infrastructure,1,0.5
520867984/cdk.json,AWS CDK,typescript,Low,2,0,0,False,0,True,2,CDK General Infrastructure,1,0.5
196420868/apig-lambda-kinesis-lambda/cdk.json,AWS CDK,typescript,Low,2,0,0,False,0,True,2,CDK General Infrastructure,1,0.5
500228260/go/ecs/fargate-alb-pattern/cdk.json,AWS CDK,go,Low,2,0,0,False,0,True,2,CDK General Infrastructure,1,0.5
424711468/cdk.json,AWS CDK,typescript,Low,2,0,0,False,0,True,2,CDK General Infrastructure,1,0.5
168772474/go/ecs/fargate-alb-pattern/cdk.json,AWS CDK,go,Low,2,0,0,False,0,True,2,CDK General Infrastructure,1,0.5
524852834/infra/cdk.json,AWS CDK,python,Low,1,0,0,False,0,False,0,CDK General Infrastructure,1,0.5
493512615/cdk.json,AWS CDK,typescript,Low,1,0,0,False,0,False,0,CDK General Infrastructure,1,0.5
347912926/infra/cdk.json,AWS CDK,typescript,Low,1,0,0,False,0,False,0,CDK General Infrastructure,1,0.5
355606816/cdk.json,AWS CDK,python,Low,1,0,0,False,0,False,0,CDK General Infrastructure,1,0.5
521747741/cdk.json,AWS CDK,typescript,Low,1,0,0,False,0,False,0,CDK General Infrastructure,1,0.5
303190264/cdk.json,AWS CDK,typescript,Low,1,0,0,False,0,False,1,CDK General Infrastructure,1,0.5
317029142/cdk.json,AWS CDK,python,Low,1,0,0,False,0,False,0,CDK General Infrastructure,1,0.5
187242293/cdk.json,AWS CDK,javascript,Low,1,0,0,False,0,False,0,CDK General Infrastructure,1,0.5
479959200/cdk.json,AWS CDK,typescript,Low,1,0,0,False,0,False,0,CDK General Infrastructure,1,0.5
493505213/cdk.json,AWS CDK,typescript,Low,1,0,0,False,0,False,0,CDK General Infrastructure,1,0.5
518877972/examples/typescript/basic/cdk.json,AWS CDK,typescript,Low,1,0,0,False,0,False,0,CDK General Infrastructure,1,0.5
371929824/src/demo/python/cdk.json,AWS CDK,python,Low,1,0,0,False,0,False,0,CDK General Infrastructure,1,0.5
365064855/cdk.json,AWS CDK,python,Low,1,0,0,False,0,False,0,CDK General Infrastructure,1,0.5
371929824/src/demo/csharp/cdk.json,AWS CDK,csharp,Low,1,0,0,False,0,False,0,CDK General Infrastructure,1,0.5
360880038/cdk.json,AWS CDK,typescript,Low,1,0,0,False,0,False,0,CDK General Infrastructure,1,0.5
506599095/cdk.json,AWS CDK,typescript,Low,1,0,0,False,0,False,0,CDK General Infrastructure,1,0.5
467491460/dotnet/source/Templates/AWS/Devon4Net.Application.CDK/cdk.json,AWS CDK,csharp,Low,1,0,0,False,0,False,0,CDK General Infrastructure,1,0.5
176753912/cdk.json,AWS CDK,typescript,Low,1,0,0,False,0,False,0,CDK General Infrastructure,1,0.5
196982471/rails-sidekiq-redis-rds/infra/cdk.json,AWS CDK,typescript,Low,1,0,0,False,0,False,0,CDK General Infrastructure,1,0.5
502608022/cdk.json,AWS CDK,javascript,Low,1,0,0,False,0,False,0,CDK General Infrastructure,1,0.5
272352144/cdk.json,AWS CDK,python,Low,1,0,0,False,0,False,0,CDK General Infrastructure,1,0.5
437031977/cdk/cdk.json,AWS CDK,python,Low,1,0,0,False,0,False,0,CDK General Infrastructure,1,0.5
491821580/cdk.json,AWS CDK,python,Low,1,0,0,False,0,False,0,CDK General Infrastructure,1,0.5
530349851/cdk.json,AWS CDK,typescript,Low,1,0,0,False,0,False,0,CDK General Infrastructure,1,0.5
295980652/ep11/cdk.json,AWS CDK,python,Low,1,0,0,False,0,False,0,CDK General Infrastructure,1,0.5
248620120/cdk/cdk.json,AWS CDK,typescript,Low,1,0,0,False,0,False,0,CDK General Infrastructure,1,0.5
413129392/18-step-functions-ecs-job/aws/cdk.json,AWS CDK,typescript,Low,1,0,0,False,0,False,0,CDK General Infrastructure,1,0.5
467561947/cdk.json,AWS CDK,typescript,Low,1,0,0,False,0,False,0,CDK General Infrastructure,1,0.5
523120556/server/cdk.json,AWS CDK,typescript,Low,1,0,0,False,0,False,0,CDK General Infrastructure,1,0.5
413129392/20-cw-metric-alarms/aws/cdk.json,AWS CDK,typescript,Low,1,0,0,False,0,False,0,CDK General Infrastructure,1,0.5
343509055/cdk.json,AWS CDK,javascript,Low,1,0,0,False,0,False,0,CDK General Infrastructure,1,0.5
504119975/infrastructure/cdk.json,AWS CDK,python,Low,1,0,0,False,0,False,0,CDK General Infrastructure,1,0.5
485584023/hello-cdk/cdk.json,AWS CDK,python,Low,1,0,0,False,0,False,0,CDK General Infrastructure,1,0.5
372798213/cdk.json,AWS CDK,python,Low,1,0,0,False,0,False,0,CDK General Infrastructure,1,0.5
519460107/cdk.json,AWS CDK,typescript,Low,1,0,0,False,0,False,0,CDK General Infrastructure,1,0.5
522089492/AirBalloonCDK/cdk.json,AWS CDK,java,Low,1,0,0,False,0,False,0,CDK General Infrastructure,1,0.5
413129392/17-sqs-ws-chat-apigw-sqs-integration/aws/cdk.json,AWS CDK,typescript,Low,1,0,0,False,0,False,0,CDK General Infrastructure,1,0.5
305050615/cdk.json,AWS CDK,typescript,Low,1,0,0,False,0,False,0,CDK General Infrastructure,1,0.5
229990803/cdk.json,AWS CDK,python,Low,1,0,0,False,0,False,0,CDK General Infrastructure,1,0.5
336818776/cdk.json,AWS CDK,typescript,Low,1,0,0,False,0,False,0,CDK General Infrastructure,1,0.5
280139826/cdk.json,AWS CDK,python,Low,1,0,0,False,0,False,0,CDK General Infrastructure,1,0.5
413129392/16-sqs-ws-chat/aws/cdk.json,AWS CDK,typescript,Low,1,0,0,False,0,False,0,CDK General Infrastructure,1,0.5
516238079/cdk.json,AWS CDK,typescript,Low,1,0,0,False,0,False,0,CDK General Infrastructure,1,0.5
244568364/cdk.json,AWS CDK,typescript,Low,1,0,0,False,0,False,0,CDK General Infrastructure,1,0.5
407474345/deploy/cdk/cdk.json,AWS CDK,csharp,Low,1,0,0,False,0,False,0,CDK General Infrastructure,1,0.5
332317757/cdk.json,AWS CDK,python,Low,1,0,0,False,0,False,0,CDK General Infrastructure,1,0.5
467770067/cdk.json,AWS CDK,typescript,Low,1,0,0,False,0,False,0,CDK General Infrastructure,1,0.5
294899315/cdk.json,AWS CDK,typescript,Low,1,0,0,False,0,False,0,CDK General Infrastructure,1,0.5
454930813/cdk.json,AWS CDK,python,Low,1,0,0,False,0,False,0,CDK General Infrastructure,1,0.5
411808376/textract-pipeline/cdk.json,AWS CDK,typescript,Low,1,0,0,False,0,False,0,CDK General Infrastructure,1,0.5
413129392/19-sns-push-notification/aws/cdk.json,AWS CDK,typescript,Low,1,0,0,False,0,False,0,CDK General Infrastructure,1,0.5
342927613/cdk.json,AWS CDK,typescript,Low,1,0,0,False,0,False,0,CDK General Infrastructure,1,0.5
344215742/cdk.json,AWS CDK,java,Low,1,0,0,False,0,False,0,CDK General Infrastructure,1,0.5
279563980/cdk.json,AWS CDK,typescript,Low,1,0,0,False,0,False,0,CDK General Infrastructure,1,0.5
410152716/cdk.json,AWS CDK,typescript,Low,1,0,0,False,0,False,0,CDK General Infrastructure,1,0.5
442783413/cdk.json,AWS CDK,typescript,Low,1,0,0,False,0,False,0,CDK General Infrastructure,1,0.5
322210623/aws/ecs/cdk.json,AWS CDK,typescript,Low,1,0,0,False,0,False,0,CDK General Infrastructure,1,0.5
256585867/cdk/cdk.json,AWS CDK,javascript,Low,1,0,0,False,0,False,0,CDK General Infrastructure,1,0.5
521412316/cdk.json,AWS CDK,typescript,Low,1,0,0,False,0,False,0,CDK General Infrastructure,1,0.5
528997071/cdk.json,AWS CDK,typescript,Low,1,0,0,False,0,False,0,CDK General Infrastructure,1,0.5
443507718/cdk.json,AWS CDK,typescript,Low,1,0,0,False,0,False,0,CDK General Infrastructure,1,0.5
487077920/cdk.json,AWS CDK,typescript,Low,1,0,0,False,0,False,0,CDK General Infrastructure,1,0.5
468903373/step02_choice_part1/cdk.json,AWS CDK,typescript,Low,1,0,0,False,0,False,0,CDK General Infrastructure,1,0.5
468903373/step00_simple_Step_Function/cdk.json,AWS CDK,typescript,Low,1,0,0,False,0,False,0,CDK General Infrastructure,1,0.5
468903373/step03_parallel/cdk.json,AWS CDK,typescript,Low,1,0,0,False,0,False,0,CDK General Infrastructure,1,0.5
468903373/step01_pass_wait/cdk.json,AWS CDK,typescript,Low,1,0,0,False,0,False,0,CDK General Infrastructure,1,0.5
288443392/cdk.json,AWS CDK,python,Low,1,0,0,False,0,False,0,CDK General Infrastructure,1,0.5
122529924/tests/functional/cdk/test_multistack/cdk.json,AWS CDK,typescript,Low,1,0,0,False,0,False,0,CDK General Infrastructure,1,0.5
122529924/infrastructure/public/common/bucket-and-user.cdk/cdk.json,AWS CDK,javascript,Low,1,0,0,False,0,False,0,CDK General Infrastructure,1,0.5
502475474/cdk.json,AWS CDK,typescript,Low,1,0,0,False,0,False,0,CDK General Infrastructure,1,0.5
122529924/runway/templates/cdk-csharp/cdk.json,AWS CDK,csharp,Low,1,0,0,False,0,False,0,CDK General Infrastructure,1,0.5
122529924/runway/templates/cdk-tsc/cdk.json,AWS CDK,javascript,Low,1,0,0,False,0,False,0,CDK General Infrastructure,1,0.5
356472170/aws-bot-setup/aws-bot-infrastructure/cdk.json,AWS CDK,python,Low,1,0,0,False,0,False,0,CDK General Infrastructure,1,0.5
312821613/cdk.json,AWS CDK,csharp,Low,1,0,0,False,0,False,0,CDK General Infrastructure,1,0.5
268140327/infrastructure/cdk.json,AWS CDK,typescript,Low,1,0,0,False,0,False,0,CDK General Infrastructure,1,0.5
291651910/cdk/cdk.json,AWS CDK,python,Low,1,0,0,False,0,False,0,CDK General Infrastructure,1,0.5
205961625/cdk.json,AWS CDK,typescript,Low,1,0,0,False,0,False,0,CDK General Infrastructure,1,0.5
484114023/cdk.json,AWS CDK,typescript,Low,1,0,0,False,0,False,0,CDK General Infrastructure,1,0.5
337033200/blog-cdk-cicd-cdkpipeline/cdk/cdk.json,AWS CDK,typescript,Low,1,0,0,False,0,False,0,CDK General Infrastructure,1,0.5
337033200/lambda-pipeline/cdk.json,AWS CDK,typescript,Low,1,0,0,False,0,False,1,CDK General Infrastructure,1,0.5
340018852/cdk.json,AWS CDK,java,Low,1,0,0,False,0,False,0,CDK General Infrastructure,1,0.5
374180773/cdk.json,AWS CDK,typescript,Low,1,0,0,False,0,False,0,CDK General Infrastructure,1,0.5
122529924/runway/templates/cdk-py/cdk.json,AWS CDK,python,Low,1,0,0,False,0,False,0,CDK General Infrastructure,1,0.5
473803191/cdk.json,AWS CDK,typescript,Low,1,0,0,False,0,False,0,CDK General Infrastructure,1,0.5
427269905/cdk-circuit-breaker/cdk.json,AWS CDK,csharp,Low,1,0,0,False,0,False,0,CDK General Infrastructure,1,0.5
368947904/rds/CDK/cdk.json,AWS CDK,python,Low,1,0,0,False,0,False,0,CDK General Infrastructure,1,0.5
470883376/cdk.json,AWS CDK,typescript,Low,1,0,0,False,0,False,0,CDK General Infrastructure,1,0.5
264460700/cdk/cdk.json,AWS CDK,typescript,Low,1,0,0,False,0,False,0,CDK General Infrastructure,1,0.5
311415798/cdk.json,AWS CDK,javascript,Low,1,0,0,False,0,False,0,CDK General Infrastructure,1,0.5
525929724/cdk.json,AWS CDK,go,Low,1,0,0,False,0,False,1,CDK General Infrastructure,1,0.5
307832023/cdk/cdk.json,AWS CDK,python,Low,1,0,0,False,0,False,0,CDK General Infrastructure,1,0.5
410308318/cdk.json,AWS CDK,typescript,Low,1,0,0,False,0,False,0,CDK General Infrastructure,1,0.5
454709179/cdk.json,AWS CDK,typescript,Low,1,0,0,False,0,False,0,CDK General Infrastructure,1,0.5
257384145/cdk.json,AWS CDK,java,Low,1,0,0,False,0,False,0,CDK General Infrastructure,1,0.5
446622402/cdk.json,AWS CDK,python,Low,1,0,0,False,0,False,0,CDK General Infrastructure,1,0.5
364794328/resources/cdk/textract_example_s3_sns_sqs/cdk.json,AWS CDK,typescript,Low,1,0,0,False,0,False,0,CDK General Infrastructure,1,0.5
364794328/resources/cdk/dynamodb-ruby-example-create-users-table/cdk.json,AWS CDK,typescript,Low,1,0,0,False,0,False,1,CDK General Infrastructure,1,0.5
364794328/resources/cdk/lambda_using_api_gateway/cdk.json,AWS CDK,typescript,Low,1,0,0,False,0,False,0,CDK General Infrastructure,1,0.5
364794328/resources/cdk/python_example_code_secretsmanager_demo/cdk.json,AWS CDK,typescript,Low,1,0,0,False,0,False,0,CDK General Infrastructure,1,0.5
364794328/resources/cdk/kinesis-iam-unauthenticated-role/cdk.json,AWS CDK,typescript,Low,1,0,0,False,0,False,0,CDK General Infrastructure,1,0.5
364794328/resources/cdk/go_example_lambda/cdk.json,AWS CDK,typescript,Low,1,0,0,False,0,False,0,CDK General Infrastructure,1,0.5
364794328/resources/cdk/python_example_code_stepfunctions_demo/cdk.json,AWS CDK,typescript,Low,1,0,0,False,0,False,0,CDK General Infrastructure,1,0.5
364794328/resources/cdk/javascript_example_lambda_aws-service/cdk.json,AWS CDK,typescript,Low,1,0,0,False,0,False,0,CDK General Infrastructure,1,0.5
364794328/resources/cdk/javascript_example_code_transcribe_demo/cdk.json,AWS CDK,typescript,Low,1,0,0,False,0,False,0,CDK General Infrastructure,1,0.5
364794328/resources/cdk/python_example_code_apigateway_websocket/cdk.json,AWS CDK,typescript,Low,1,0,0,False,0,False,0,CDK General Infrastructure,1,0.5
364794328/resources/cdk/python_example_code_apigateway_aws_service/cdk.json,AWS CDK,typescript,Low,1,0,0,False,0,False,0,CDK General Infrastructure,1,0.5
364794328/resources/cdk/kenesis-example-create-stream/cdk.json,AWS CDK,typescript,Low,1,0,0,False,0,False,0,CDK General Infrastructure,1,0.5
364794328/resources/cdk/javascript_example_code_polly_aws_service/cdk.json,AWS CDK,typescript,Low,1,0,0,False,0,False,0,CDK General Infrastructure,1,0.5
364794328/resources/cdk/dynamodb_ruby_example_create_movies_table/cdk.json,AWS CDK,typescript,Low,1,0,0,False,0,False,0,CDK General Infrastructure,1,0.5
364794328/tools/cdk_app_template/cdk.json,AWS CDK,typescript,Low,1,0,0,False,0,False,0,CDK General Infrastructure,1,0.5
481542608/simulate-traffic/cdk.json,AWS CDK,typescript,Low,1,0,0,False,0,False,0,CDK General Infrastructure,1,0.5
481542608/workshop-stack/cdk.json,AWS CDK,typescript,Low,1,0,0,False,0,False,0,CDK General Infrastructure,1,0.5
369888551/cdk.json,AWS CDK,python,Low,1,0,0,False,0,False,0,CDK General Infrastructure,1,0.5
505465117/cdk.json,AWS CDK,typescript,Low,1,0,0,False,0,False,0,CDK General Infrastructure,1,0.5
473685837/cdk.json,AWS CDK,typescript,Low,1,0,0,False,0,False,0,CDK General Infrastructure,1,0.5
331447370/packages/sns-email-forms/cdk.json,AWS CDK,javascript,Low,1,0,0,False,0,False,0,CDK General Infrastructure,1,0.5
163931067/cdk.json,AWS CDK,javascript,Low,1,0,0,False,0,False,0,CDK General Infrastructure,1,0.5
484100626/cdk.json,AWS CDK,typescript,Low,1,0,0,False,0,False,0,CDK General Infrastructure,1,0.5
458287537/cdk.json,AWS CDK,typescript,Low,1,0,0,False,0,False,0,CDK General Infrastructure,1,0.5
366232736/cdk.json,AWS CDK,python,Low,1,0,0,False,0,False,0,CDK General Infrastructure,1,0.5
478488555/cdk.json,AWS CDK,typescript,Low,1,0,0,False,0,False,0,CDK General Infrastructure,1,0.5
292234492/cdk.json,AWS CDK,typescript,Low,1,0,0,False,0,False,0,CDK General Infrastructure,1,0.5
228879140/cdk.json,AWS CDK,typescript,Low,1,0,0,False,0,False,0,CDK General Infrastructure,1,0.5
354938490/cdk.json,AWS CDK,typescript,Low,1,0,0,False,0,False,0,CDK General Infrastructure,1,0.5
275332243/cdk.json,AWS CDK,python,Low,1,0,0,False,0,False,0,CDK General Infrastructure,1,0.5
283175476/cdk.json,AWS CDK,typescript,Low,1,0,0,False,0,False,0,CDK General Infrastructure,1,0.5
189626727/cdk.json,AWS CDK,javascript,Low,1,0,0,False,0,False,0,CDK General Infrastructure,1,0.5
469285953/cdk.json,AWS CDK,typescript,Low,1,0,0,False,0,False,0,CDK General Infrastructure,1,0.5
429291039/cdk.json,AWS CDK,python,Low,1,0,0,False,0,False,0,CDK General Infrastructure,1,0.5
385107749/cdk.json,AWS CDK,csharp,Low,1,0,0,False,0,False,0,CDK General Infrastructure,1,0.5
39575026/cfn/cdk.json,AWS CDK,typescript,Low,1,0,0,False,0,False,0,CDK General Infrastructure,1,0.5
395597865/cdk.json,AWS CDK,typescript,Low,1,0,0,False,0,False,0,CDK General Infrastructure,1,0.5
247551979/cdk/cdk.json,AWS CDK,typescript,Low,1,0,0,False,0,False,0,CDK General Infrastructure,1,0.5
227986602/infra/cdk.json,AWS CDK,typescript,Low,1,0,0,False,0,False,0,CDK General Infrastructure,1,0.5
510951632/deployment/cdk.json,AWS CDK,typescript,Low,1,0,0,False,0,False,0,CDK General Infrastructure,1,0.5
300826924/cdk.json,AWS CDK,javascript,Low,1,0,0,False,0,False,0,CDK General Infrastructure,1,0.5
289443394/ecs-devops-sandbox-cdk/cdk.json,AWS CDK,javascript,Low,1,0,0,False,0,False,1,CDK General Infrastructure,1,0.5
478406665/EntryStack/cdk.json,AWS CDK,javascript,Low,1,0,0,False,0,False,0,CDK General Infrastructure,1,0.5
448362141/week/20/starter files/Deploy-To-AWS/cdk.json,AWS CDK,javascript,Low,1,0,0,False,0,False,0,CDK General Infrastructure,1,0.5
448362141/week/20/starter files/Deploy-To-AWS/starter/cdk.json,AWS CDK,javascript,Low,1,0,0,False,0,False,0,CDK General Infrastructure,1,0.5
468180853/cdk.json,AWS CDK,typescript,Low,1,0,0,False,0,False,0,CDK General Infrastructure,1,0.5
356010999/aws/cdk.json,AWS CDK,csharp,Low,1,0,0,False,0,False,0,CDK General Infrastructure,1,0.5
323919487/cdk.json,AWS CDK,python,Low,1,0,0,False,0,False,0,CDK General Infrastructure,1,0.5
529091197/cdk.json,AWS CDK,typescript,Low,1,0,0,False,0,False,0,CDK General Infrastructure,1,0.5
512917227/cdk.json,AWS CDK,typescript,Low,1,0,0,False,0,False,0,CDK General Infrastructure,1,0.5
431856861/cdk.json,AWS CDK,python,Low,1,0,0,False,0,False,0,CDK General Infrastructure,1,0.5
431856861/runmeta/cdk.json,AWS CDK,typescript,Low,1,0,0,False,0,False,0,CDK General Infrastructure,1,0.5
465441324/cdk.json,AWS CDK,typescript,Low,1,0,0,False,0,False,0,CDK General Infrastructure,1,0.5
392251399/cdk.json,AWS CDK,typescript,Low,1,0,0,False,0,False,0,CDK General Infrastructure,1,0.5
459054505/cdk.json,AWS CDK,typescript,Low,1,0,0,False,0,False,0,CDK General Infrastructure,1,0.5
218097082/backend/unfinished/backend-cdk/cdk.json,AWS CDK,javascript,Low,1,0,0,False,0,False,0,CDK General Infrastructure,1,0.5
278696614/dotnet/MyWidgetService/cdk.json,AWS CDK,csharp,Low,1,0,0,False,0,False,0,CDK General Infrastructure,1,0.5
278696614/dotnet/cdk/simple-web-service/cdk.json,AWS CDK,csharp,Low,1,0,0,False,0,False,0,CDK General Infrastructure,1,0.5
278696614/dotnet/cdk/MyAmplifyApp/cdk.json,AWS CDK,csharp,Low,1,0,0,False,0,False,0,CDK General Infrastructure,1,0.5
278696614/dotnet/cdk/MyCognitoUserPool/cdk.json,AWS CDK,csharp,Low,1,0,0,False,0,False,0,CDK General Infrastructure,1,0.5
318265515/lambda-api-gateway/Pulumi.yaml,Pulumi,typescript,Low,3,0,0,True,35,True,2,Pulumi General Cloud,5,0.497
361116656/Pulumi.yaml,Pulumi,go,Low,3,0,0,True,29,True,2,Pulumi General Cloud,5,0.497
513876836/applications/pulumi-examples/aws-py-wordpress-fargate-rds/Pulumi.yaml,Pulumi,python,Low,3,0,0,True,50,True,2,Pulumi General Cloud,5,0.497
413305634/Pulumi.yaml,Pulumi,python,Low,3,0,0,True,50,True,2,Pulumi General Cloud,5,0.497
132053036/examples_legacy/alb/ec2Instance/Pulumi.yaml,Pulumi,typescript,Low,3,0,0,True,63,True,2,Pulumi General Cloud,5,0.497
375002227/aws-classic-py-ecs-fargate/Pulumi.yaml,Pulumi,python,Low,3,0,0,True,30,True,2,Pulumi General Cloud,5,0.497
108589232/aws-ts-vpc-with-ecs-fargate-py/ecs-fargate-python/Pulumi.yaml,Pulumi,python,Low,3,0,0,True,26,True,2,Pulumi General Cloud,5,0.497
190793470/Pulumi.yaml,Pulumi,python,Low,3,0,0,True,85,True,2,Pulumi General Cloud,5,0.497
461028058/pulumi/Pulumi.yaml,Pulumi,csharp,Low,3,0,0,True,45,True,2,Pulumi General Cloud,5,0.497
318160058/nlb-fargate/Pulumi.yaml,Pulumi,typescript,Low,3,0,0,True,39,True,2,Pulumi General Cloud,5,0.497
446348090/applications/pulumi-examples/aws-py-wordpress-fargate-rds/Pulumi.yaml,Pulumi,python,Low,3,0,0,True,50,True,2,Pulumi General Cloud,5,0.497
108589232/aws-py-wordpress-fargate-rds/Pulumi.yaml,Pulumi,python,Low,3,0,0,True,50,True,2,Pulumi General Cloud,5,0.497
192451966/Pulumi.yaml,Pulumi,typescript,Low,3,0,0,True,59,True,2,Pulumi General Cloud,5,0.497
338110585/Pulumi.yaml,Pulumi,python,Low,3,0,0,True,56,True,3,Pulumi General Cloud,5,0.497
397664066/pulumi-ecsgwstrongdm/Pulumi.yaml,Pulumi,python,Low,3,0,0,True,52,True,2,Pulumi General Cloud,5,0.497
157549419/lambda-http/Pulumi.yaml,Pulumi,typescript,Low,3,0,0,True,77,True,2,Pulumi General Cloud,5,0.497
108589232/aws-py-apigateway-lambda-serverless/Pulumi.yaml,Pulumi,python,Low,3,0,0,True,35,True,2,Pulumi General Cloud,5,0.497
213912615/zaruba-tasks/make/ec2Deployment/deploymentTemplate/ztplDeploymentDirectory/Pulumi.yaml,Pulumi,python,Low,3,0,0,True,21,True,2,Pulumi General Cloud,5,0.497
416475980/lambda-api-gateway/Pulumi.yaml,Pulumi,python,Low,3,0,0,True,77,True,2,Pulumi General Cloud,5,0.497
290586638/aws-vpc-ec2-ts/Pulumi.yaml,Pulumi,typescript,Low,3,0,0,True,39,True,2,Pulumi General Cloud,5,0.497
475025089/aws-py-apigateway-lambda-serverless/Pulumi.yaml,Pulumi,python,Low,3,0,0,True,35,True,2,Pulumi General Cloud,5,0.497
108589232/aws-ts-apigateway-lambda-serverless/Pulumi.yaml,Pulumi,typescript,Low,3,0,0,True,77,True,2,Pulumi General Cloud,5,0.497
417586173/ts-aws-api-lambda-eventbridge-lambda-dynamodb/existing-resources/Pulumi.yaml,Pulumi,typescript,Low,3,0,0,True,39,True,2,Pulumi General Cloud,5,0.497
480516836/Pulumi.yaml,Pulumi,python,Low,3,0,0,True,34,True,2,Pulumi General Cloud,5,0.497
417586173/ts-aws-api-lambda-eventbridge-lambda-dynamodb/lambda-eventbridge-dyndb/Pulumi.yaml,Pulumi,typescript,Low,3,0,0,True,39,True,2,Pulumi General Cloud,5,0.497
475025089/aws-py-wordpress-fargate-rds/Pulumi.yaml,Pulumi,python,Low,3,0,0,True,50,True,2,Pulumi General Cloud,5,0.497
500661930/aws-ts-apigateway-eventbridge/Pulumi.yaml,Pulumi,typescript,Low,3,0,0,True,39,True,2,Pulumi General Cloud,5,0.497
132053036/examples_legacy/alb/lambdaTarget/Pulumi.yaml,Pulumi,typescript,Low,3,0,0,True,56,True,2,Pulumi General Cloud,5,0.497
513876836/applications/pulumi-examples/aws-ts-vpc-with-ecs-fargate-py/ecs-fargate-python/Pulumi.yaml,Pulumi,python,Low,3,0,0,True,26,True,2,Pulumi General Cloud,5,0.497
401119929/pulumi/backend/Pulumi.yaml,Pulumi,typescript,Low,3,0,0,True,26,True,2,Pulumi General Cloud,5,0.497
254155269/typescript/aws/lambda-vpc/Pulumi.yaml,Pulumi,typescript,Low,3,0,0,True,39,True,2,Pulumi General Cloud,5,0.497
475025089/aws-ts-vpc-with-ecs-fargate-py/ecs-fargate-python/Pulumi.yaml,Pulumi,python,Low,3,0,0,True,26,True,2,Pulumi General Cloud,5,0.497
515782237/Pulumi.yaml,Pulumi,python,Low,3,0,0,True,21,True,2,Pulumi General Cloud,5,0.497
448134476/import-from-terraform/Pulumi.yaml,Pulumi,python,Low,3,0,0,True,60,True,2,Pulumi General Cloud,5,0.497
254155269/python/aws/ec2-existing-vpc/Pulumi.yaml,Pulumi,python,Low,3,0,0,True,53,True,2,Pulumi General Cloud,5,0.497
212044144/Pulumi.yaml,Pulumi,python,Low,3,0,0,True,76,True,2,Pulumi General Cloud,5,0.497
500661930/aws-py-apigateway-lambda-serverless/Pulumi.yaml,Pulumi,python,Low,3,0,0,True,35,True,2,Pulumi General Cloud,5,0.497
442419729/Pulumi.yaml,Pulumi,go,Low,3,0,0,True,31,True,2,Pulumi General Cloud,5,0.497
500661930/aws-py-wordpress-fargate-rds/Pulumi.yaml,Pulumi,python,Low,3,0,0,True,50,True,2,Pulumi General Cloud,5,0.497
375002227/aws-classic-ts-vpc-ecs-autoscaling-lt/Pulumi.yaml,Pulumi,typescript,Low,3,0,0,True,39,True,2,Pulumi General Cloud,5,0.497
500661930/aws-ts-vpc-with-ecs-fargate-py/ecs-fargate-python/Pulumi.yaml,Pulumi,python,Low,3,0,0,True,26,True,2,Pulumi General Cloud,5,0.497
140194350/examples/aws/serverless-rest-api-lambda/Pulumi.yaml,Pulumi,typescript,Low,3,0,0,True,49,True,2,Pulumi General Cloud,5,0.497
521583234/Pulumi.yaml,Pulumi,go,Low,3,0,0,True,31,True,2,Pulumi General Cloud,5,0.497
415421939/Pulumi.yaml,Pulumi,typescript,Low,3,0,0,True,75,True,3,Pulumi General Cloud,5,0.497
423111821/Pulumi.yaml,Pulumi,typescript,Low,3,0,0,True,74,True,2,Pulumi General Cloud,5,0.497
108589232/aws-ts-apigateway-eventbridge/Pulumi.yaml,Pulumi,typescript,Low,3,0,0,True,39,True,2,Pulumi General Cloud,5,0.497
475025089/aws-ts-apigateway-eventbridge/Pulumi.yaml,Pulumi,typescript,Low,3,0,0,True,39,True,2,Pulumi General Cloud,5,0.497
446348090/applications/pulumi-examples/aws-ts-vpc-with-ecs-fargate-py/ecs-fargate-python/Pulumi.yaml,Pulumi,python,Low,3,0,0,True,26,True,2,Pulumi General Cloud,5,0.497
480565784/examples/api-websocket-lambda-dynamodb/Pulumi.yaml,Pulumi,typescript,Low,3,0,0,True,41,True,2,Pulumi General Cloud,5,0.497
394471944/iac/lambda-api-gateway/Pulumi.yaml,Pulumi,typescript,Low,3,0,0,True,35,True,2,Pulumi General Cloud,5,0.497
183503993/Pulumi.yaml,Pulumi,python,Low,3,0,0,True,85,True,2,Pulumi General Cloud,5,0.497
475025089/aws-ts-apigateway-lambda-serverless/Pulumi.yaml,Pulumi,typescript,Low,3,0,0,True,77,True,2,Pulumi General Cloud,5,0.497
375002227/aws-classic-py-apigateway-lambda-serverless/Pulumi.yaml,Pulumi,python,Low,3,0,0,True,35,True,2,Pulumi General Cloud,5,0.497
500661930/aws-ts-apigateway-lambda-serverless/Pulumi.yaml,Pulumi,typescript,Low,3,0,0,True,77,True,2,Pulumi General Cloud,5,0.497
172749598/infrastructure/vpc-with-ec2/Pulumi.yaml,Pulumi,python,Low,3,0,0,True,35,True,2,Pulumi General Cloud,5,0.497
462335082/Pulumi.yaml,Pulumi,typescript,Low,2,0,0,True,39,False,0,Pulumi General Cloud,5,0.497
494449234/Pulumi.yaml,Pulumi,typescript,Low,2,0,0,True,29,False,0,Pulumi General Cloud,5,0.497
354089692/.pulumi/Pulumi.yaml,Pulumi,typescript,Low,2,0,0,True,48,False,0,Pulumi General Cloud,5,0.497
473235240/webapp/.ci/Pulumi.yaml,Pulumi,typescript,Low,2,0,0,True,22,False,0,Pulumi General Cloud,5,0.497
525315633/java/aws/cfgs/Pulumi.yaml,Pulumi,java,Low,2,0,0,True,48,False,0,Pulumi General Cloud,5,0.497
451546241/examples/buildkite-pipeline/python/Pulumi.yaml,Pulumi,python,Low,2,0,0,True,31,False,0,Pulumi General Cloud,5,0.497
321737215/tag-check/Pulumi.yaml,Pulumi,typescript,Low,2,0,0,True,39,False,0,Pulumi General Cloud,5,0.497
525245220/backend/Pulumi.yaml,Pulumi,typescript,Low,2,0,0,True,61,False,0,Pulumi General Cloud,5,0.497
321737215/lambda-container-automation/infrastructure/Pulumi.yaml,Pulumi,typescript,Low,2,0,0,True,39,False,0,Pulumi General Cloud,5,0.497
523852758/examples/gosimple/Pulumi.yaml,Pulumi,go,Low,2,0,0,True,27,False,0,Pulumi General Cloud,5,0.497
321737215/ecs-role/Pulumi.yaml,Pulumi,typescript,Low,2,0,0,True,39,False,1,Pulumi General Cloud,5,0.497
451546241/.buildkite/go-install-test/Pulumi.yaml,Pulumi,go,Low,2,0,0,True,27,False,0,Pulumi General Cloud,5,0.497
451546241/examples/buildkite-pipeline/nodejs/Pulumi.yaml,Pulumi,typescript,Low,2,0,0,True,35,False,0,Pulumi General Cloud,5,0.497
476104304/Pulumi.yaml,Pulumi,typescript,Low,2,0,0,True,39,False,0,Pulumi General Cloud,5,0.497
451546241/examples/buildkite-pipeline/go/Pulumi.yaml,Pulumi,go,Low,2,0,0,True,27,False,0,Pulumi General Cloud,5,0.497
422932259/apps/website/Pulumi.yaml,Pulumi,typescript,Low,2,0,0,True,73,False,0,Pulumi General Cloud,5,0.497
265837279/deployment/Pulumi.yaml,Pulumi,python,Low,2,0,0,True,18,False,0,Pulumi General Cloud,5,0.497
477535264/Pulumi.yaml,Pulumi,python,Low,2,0,0,True,35,False,0,Pulumi General Cloud,5,0.497
429412954/Pulumi.yaml,Pulumi,go,Low,2,0,0,True,69,False,0,Pulumi General Cloud,5,0.497
365236940/website/Pulumi.yaml,Pulumi,typescript,Low,2,0,0,True,39,False,0,Pulumi General Cloud,5,0.497
321737215/apigatewaylambda/Pulumi.yaml,Pulumi,typescript,Low,2,0,0,True,39,False,1,Pulumi General Cloud,5,0.497
86045251/PulumiDemo/PulumiDemo/Pulumi.yaml,Pulumi,csharp,Low,2,0,0,True,33,False,0,Pulumi General Cloud,5,0.497
516980412/infrastructure/Pulumi.yaml,Pulumi,typescript,Low,2,0,0,True,37,False,1,Pulumi General Cloud,5,0.497
368908824/examples/ts/Pulumi.yaml,Pulumi,typescript,Low,2,0,0,True,48,False,0,Pulumi General Cloud,5,0.497
248664744/Pulumi.yaml,Pulumi,typescript,Low,2,0,0,True,43,False,0,Pulumi General Cloud,5,0.497
314918482/examples/sample-project/Pulumi.yaml,Pulumi,go,Low,2,0,0,True,23,False,0,Pulumi General Cloud,5,0.497
249292986/Pulumi.yaml,Pulumi,typescript,Low,2,0,0,True,30,False,0,Pulumi General Cloud,5,0.497
368908824/examples/go/Pulumi.yaml,Pulumi,go,Low,2,0,0,True,40,False,0,Pulumi General Cloud,5,0.497
425518821/quickstart/Pulumi.yaml,Pulumi,typescript,Low,2,0,0,True,39,False,0,Pulumi General Cloud,5,0.497
497439628/Pulumi.yaml,Pulumi,java,Low,2,0,0,True,33,False,0,Pulumi General Cloud,5,0.497
421086485/infrastructure/Pulumi.yaml,Pulumi,typescript,Low,2,0,0,True,51,False,0,Pulumi General Cloud,5,0.497
252545327/Pulumi.yaml,Pulumi,typescript,Low,2,0,0,True,35,False,0,Pulumi General Cloud,5,0.497
514891309/Pulumi.yaml,Pulumi,typescript,Low,2,0,0,True,39,False,0,Pulumi General Cloud,5,0.497
447186068/Pulumi.yaml,Pulumi,typescript,Low,2,0,0,True,39,False,0,Pulumi General Cloud,5,0.497
399219725/Pulumi.yaml,Pulumi,python,Low,2,0,0,True,48,False,0,Pulumi General Cloud,5,0.497
403309547/Pulumi.yaml,Pulumi,typescript,Low,2,0,0,True,48,False,0,Pulumi General Cloud,5,0.497
341115246/infra/Pulumi.yaml,Pulumi,csharp,Low,2,0,0,True,45,False,0,Pulumi General Cloud,5,0.497
489279309/webapp/.ci/Pulumi.yaml,Pulumi,typescript,Low,2,0,0,True,22,False,0,Pulumi General Cloud,5,0.497
374835525/Pulumi.yaml,Pulumi,csharp,Low,2,0,0,True,75,False,0,Pulumi General Cloud,5,0.497
442816972/Pulumi.yaml,Pulumi,typescript,Low,2,0,0,True,39,False,0,Pulumi General Cloud,5,0.497
298730322/Pulumi.yaml,Pulumi,csharp,Low,2,0,0,True,31,False,0,Pulumi General Cloud,5,0.497
92832781/aws/py/aws-py-stackreference/company/Pulumi.yaml,Pulumi,python,Low,2,0,0,True,93,False,0,Pulumi General Cloud,5,0.497
473588611/examples/go-teams/Pulumi.yaml,Pulumi,go,Low,2,0,0,True,38,False,0,Pulumi General Cloud,5,0.497
473588611/examples/java-teams/Pulumi.yaml,Pulumi,java,Low,2,0,0,True,38,False,0,Pulumi General Cloud,5,0.497
473588611/examples/ts-webhooks/Pulumi.yaml,Pulumi,typescript,Low,2,0,0,True,35,False,0,Pulumi General Cloud,5,0.497
261478016/Pulumi.yaml,Pulumi,typescript,Low,2,0,0,True,39,False,0,Pulumi General Cloud,5,0.497
144279250/deployment/Pulumi.yaml,Pulumi,typescript,Low,2,0,0,True,42,False,0,Pulumi General Cloud,5,0.497
490423226/pulumi/Pulumi.yaml,Pulumi,typescript,Low,2,0,0,True,48,False,0,Pulumi General Cloud,5,0.497
417125740/examples/simple-python/Pulumi.yaml,Pulumi,python,Low,2,0,0,True,52,False,0,Pulumi General Cloud,5,0.497
293744246/infra/control-plane/Pulumi.yaml,Pulumi,typescript,Low,2,0,0,True,22,False,0,Pulumi General Cloud,5,0.497
325084769/pulumi/Pulumi.yaml,Pulumi,typescript,Low,2,0,0,True,35,False,0,Pulumi General Cloud,5,0.497
169332867/dogo/Pulumi.yaml,Pulumi,go,Low,2,0,0,True,27,False,0,Pulumi General Cloud,5,0.497
92832781/aws/py/aws-py-webserver/Pulumi.yaml,Pulumi,python,Low,2,0,0,True,68,False,0,Pulumi General Cloud,5,0.497
92832781/aws/py/aws-py-appsync/Pulumi.yaml,Pulumi,python,Low,2,0,0,True,71,False,0,Pulumi General Cloud,5,0.497
92832781/aws/py/aws-py-static-website/Pulumi.yaml,Pulumi,python,Low,2,0,0,True,22,False,0,Pulumi General Cloud,5,0.497
92832781/aws/py/aws-py-stackreference/department/Pulumi.yaml,Pulumi,python,Low,2,0,0,True,107,False,0,Pulumi General Cloud,5,0.497
92832781/aws/py/aws-py-stackreference/team/Pulumi.yaml,Pulumi,python,Low,2,0,0,True,93,False,0,Pulumi General Cloud,5,0.497
398121882/Pulumi.yaml,Pulumi,typescript,Low,2,0,0,True,51,False,1,Pulumi General Cloud,5,0.497
92832781/aws/py/aws-py-stepfunctions/Pulumi.yaml,Pulumi,python,Low,2,0,0,True,45,False,1,Pulumi General Cloud,5,0.497
92832781/aws/py/aws-py-fargate/Pulumi.yaml,Pulumi,python,Low,2,0,0,True,75,False,1,Pulumi General Cloud,5,0.497
92832781/aws/py/aws-py-resources/Pulumi.yaml,Pulumi,python,Low,2,0,0,True,75,False,0,Pulumi General Cloud,5,0.497
92832781/aws/js/aws-js-sqs-slack/Pulumi.yaml,Pulumi,typescript,Low,2,0,0,True,35,False,1,Pulumi General Cloud,5,0.497
92832781/aws/go/aws-go-webserver/Pulumi.yaml,Pulumi,go,Low,2,0,0,True,55,False,0,Pulumi General Cloud,5,0.497
293744246/infra/chart/Pulumi.yaml,Pulumi,typescript,Low,2,0,0,True,14,False,0,Pulumi General Cloud,5,0.497
293744246/infra/gcr/Pulumi.yaml,Pulumi,typescript,Low,2,0,0,True,12,False,0,Pulumi General Cloud,5,0.497
293744246/infra/vault/Pulumi.yaml,Pulumi,typescript,Low,2,0,0,True,14,False,0,Pulumi General Cloud,5,0.497
293744246/infra/builder-node-pool/Pulumi.yaml,Pulumi,typescript,Low,2,0,0,True,26,False,0,Pulumi General Cloud,5,0.497
293744246/infra/helmboot/Pulumi.yaml,Pulumi,typescript,Low,2,0,0,True,24,False,0,Pulumi General Cloud,5,0.497
293744246/infra/kaniko/Pulumi.yaml,Pulumi,typescript,Low,2,0,0,True,15,False,0,Pulumi General Cloud,5,0.497
293744246/infra/keyring/Pulumi.yaml,Pulumi,typescript,Low,2,0,0,True,16,False,0,Pulumi General Cloud,5,0.497
271625022/Pulumi.yaml,Pulumi,typescript,Low,2,0,0,True,39,False,0,Pulumi General Cloud,5,0.497
422932259/apps/admin/Pulumi.yaml,Pulumi,typescript,Low,2,0,0,True,69,False,0,Pulumi General Cloud,5,0.497
293744246/infra/dns/Pulumi.yaml,Pulumi,typescript,Low,2,0,0,True,17,False,0,Pulumi General Cloud,5,0.497
438901998/Pulumi.yaml,Pulumi,python,Low,2,0,0,True,29,False,0,Pulumi General Cloud,5,0.497
381845112/Pulumi.yaml,Pulumi,typescript,Low,2,0,0,True,75,False,0,Pulumi General Cloud,5,0.497
455220550/infra/audio-converter/Pulumi.yaml,Pulumi,typescript,Low,2,0,0,True,53,False,1,Pulumi General Cloud,5,0.497
467800660/Pulumi.yaml,Pulumi,typescript,Low,2,0,0,True,39,False,0,Pulumi General Cloud,5,0.497
203114850/Pulumi.yaml,Pulumi,typescript,Low,2,0,0,True,35,False,0,Pulumi General Cloud,5,0.497
507814863/infra/Pulumi.yaml,Pulumi,python,Low,2,0,0,True,35,False,0,Pulumi General Cloud,5,0.497
368908824/examples/py/Pulumi.yaml,Pulumi,python,Low,2,0,0,True,44,False,0,Pulumi General Cloud,5,0.497
32949201/Pulumi.yaml,Pulumi,typescript,Low,2,0,0,True,20,False,0,Pulumi General Cloud,5,0.497
314794439/production/infra/Pulumi.yaml,Pulumi,typescript,Low,2,0,0,True,53,False,0,Pulumi General Cloud,5,0.497
448233575/pulumiaws/Pulumi.yaml,Pulumi,typescript,Low,2,0,0,True,39,False,0,Pulumi General Cloud,5,0.497
448233575/generator/generator-reactfrontend/app/templates/pulumiaws/Pulumi.yaml,Pulumi,typescript,Low,2,0,0,True,39,False,0,Pulumi General Cloud,5,0.497
448233575/generator/testgenerator/pulumiaws/Pulumi.yaml,Pulumi,typescript,Low,2,0,0,True,39,False,0,Pulumi General Cloud,5,0.497
283722331/src/aws/Pulumi.yaml,Pulumi,typescript,Low,2,0,0,True,39,False,0,Pulumi General Cloud,5,0.497
298654745/cms-oauth/infrastructure/Pulumi.yaml,Pulumi,typescript,Low,2,0,0,True,48,False,0,Pulumi General Cloud,5,0.497
298654745/cms/infrastructure/Pulumi.yaml,Pulumi,typescript,Low,2,0,0,True,71,False,0,Pulumi General Cloud,5,0.497
254431936/pulumistart/Pulumi.yaml,Pulumi,python,Low,2,0,0,True,35,False,0,Pulumi General Cloud,5,0.497
495535845/Pulumi.yaml,Pulumi,typescript,Low,2,0,0,True,39,False,0,Pulumi General Cloud,5,0.497
110890790/provisioned-classifier/pulumi/Pulumi.yaml,Pulumi,typescript,Low,2,0,0,True,28,False,0,Pulumi General Cloud,5,0.497
416477793/Pulumi.yaml,Pulumi,go,Low,2,0,0,True,40,False,0,Pulumi General Cloud,5,0.497
386337294/serverless-fastapi/Pulumi.yaml,Pulumi,python,Low,2,0,0,True,35,False,0,Pulumi General Cloud,5,0.497
386337294/sandbox/aws-ts-hello-fargate/Pulumi.yaml,Pulumi,typescript,Low,2,0,0,True,46,False,1,Pulumi General Cloud,5,0.497
386337294/sandbox/aws-ts-apigateway/Pulumi.yaml,Pulumi,typescript,Low,2,0,0,True,38,False,1,Pulumi General Cloud,5,0.497
30375669/pulumi/sandbox/roles/js-simple-ec2/files/Pulumi.yaml,Pulumi,typescript,Low,2,0,0,True,36,False,1,Pulumi General Cloud,5,0.497
495637960/instance/Pulumi.yaml,Pulumi,typescript,Low,2,0,0,True,39,False,0,Pulumi General Cloud,5,0.497
495637960/network/clientvpn/Pulumi.yaml,Pulumi,typescript,Low,2,0,0,True,39,False,0,Pulumi General Cloud,5,0.497
495637960/network/interconnection/Pulumi.yaml,Pulumi,typescript,Low,2,0,0,True,39,False,0,Pulumi General Cloud,5,0.497
354392459/Pulumi.yaml,Pulumi,typescript,Low,2,0,0,True,41,False,0,Pulumi General Cloud,5,0.497
444493829/Pulumi.yaml,Pulumi,typescript,Low,2,0,0,True,39,False,0,Pulumi General Cloud,5,0.497
408580283/infrastructure/Pulumi.yaml,Pulumi,typescript,Low,2,0,0,True,28,False,0,Pulumi General Cloud,5,0.497
283208156/pulumi-go/Pulumi.yaml,Pulumi,go,Low,2,0,0,True,31,False,0,Pulumi General Cloud,5,0.497
525315633/java/aws/cdk/Pulumi.yaml,Pulumi,java,Low,2,0,0,True,48,False,0,Pulumi General Cloud,5,0.497
339220681/r53-conf/Pulumi.yaml,Pulumi,typescript,Low,2,0,0,True,15,False,0,Pulumi General Cloud,5,0.497
267834379/Pulumi.yaml,Pulumi,typescript,Low,2,0,0,True,39,False,1,Pulumi General Cloud,5,0.497
516983933/Pulumi.yaml,Pulumi,python,Low,2,0,0,True,36,False,0,Pulumi General Cloud,5,0.497
192942791/history-training/9-migrer-lapplication-hello-world-vers-les-frameworks-serverless-et-pulumi/pulumi/front/Pulumi.yaml,Pulumi,typescript,Low,2,0,0,True,31,False,0,Pulumi General Cloud,5,0.497
192942791/history-training/37-decouvrir-firestore/pulumi/Pulumi.yaml,Pulumi,typescript,Low,2,0,0,True,25,False,0,Pulumi General Cloud,5,0.497
192942791/bof-search-app/Pulumi.yaml,Pulumi,typescript,Low,2,0,0,True,39,False,0,Pulumi General Cloud,5,0.497
430526820/pulumi-ec2/Pulumi.yaml,Pulumi,python,Low,2,0,0,True,35,False,1,Pulumi General Cloud,5,0.497
430526820/pulumi-s3/Pulumi.yaml,Pulumi,python,Low,2,0,0,True,31,False,0,Pulumi General Cloud,5,0.497
430526820/pulumi-ecs/Pulumi.yaml,Pulumi,python,Low,2,0,0,True,35,False,1,Pulumi General Cloud,5,0.497
501014003/infra/Pulumi.yaml,Pulumi,typescript,Low,2,0,0,True,48,False,0,Pulumi General Cloud,5,0.497
313014819/Pulumi.yaml,Pulumi,python,Low,2,0,0,True,67,False,0,Pulumi General Cloud,5,0.497
420115955/examples/go/Pulumi.yaml,Pulumi,go,Low,2,0,0,True,22,False,0,Pulumi General Cloud,5,0.497
454141615/Pulumi.yaml,Pulumi,typescript,Low,2,0,0,True,48,False,0,Pulumi General Cloud,5,0.497
283208156/pulumi-fargate/Pulumi.yaml,Pulumi,typescript,Low,2,0,0,True,39,False,1,Pulumi General Cloud,5,0.497
172126915/examples/webserver/Pulumi.yaml,Pulumi,typescript,Low,2,0,0,True,27,False,0,Pulumi General Cloud,5,0.497
285758766/infrastructure/Pulumi.yaml,Pulumi,javascript,Low,2,0,0,True,37,False,0,Pulumi General Cloud,5,0.497
514743663/examples/simple/Pulumi.yaml,Pulumi,typescript,Low,2,0,0,True,20,False,0,Pulumi General Cloud,5,0.497
354804792/Pulumi.yaml,Pulumi,python,Low,2,0,0,True,76,False,0,Pulumi General Cloud,5,0.497
495947008/gcp-vpc-net/Pulumi.yaml,Pulumi,python,Low,2,0,0,True,56,False,1,Pulumi General Cloud,5,0.497
495947008/ssh-instance/Pulumi.yaml,Pulumi,python,Low,2,0,0,True,63,False,0,Pulumi General Cloud,5,0.497
498969022/Pulumi.yaml,Pulumi,python,Low,2,0,0,True,28,False,0,Pulumi General Cloud,5,0.497
361260958/examples/nodejs/Pulumi.yaml,Pulumi,typescript,Low,2,0,0,True,42,False,0,Pulumi General Cloud,5,0.497
361260958/examples/go/Pulumi.yaml,Pulumi,go,Low,2,0,0,True,27,False,0,Pulumi General Cloud,5,0.497
361260958/examples/python/Pulumi.yaml,Pulumi,python,Low,2,0,0,True,31,False,0,Pulumi General Cloud,5,0.497
411709593/Pulumi.yaml,Pulumi,typescript,Low,2,0,0,True,54,False,1,Pulumi General Cloud,5,0.497
221987969/pulumi/Pulumi.yaml,Pulumi,go,Low,2,0,0,True,162,False,0,Pulumi General Cloud,5,0.497
216529759/cluster/pulumi/azure/Pulumi.yaml,Pulumi,typescript,Low,2,0,0,True,17,False,0,Pulumi General Cloud,5,0.497
351591087/Pulumi.yaml,Pulumi,go,Low,2,0,0,True,31,False,0,Pulumi General Cloud,5,0.497
142066060/Pulumi.yaml,Pulumi,typescript,Low,2,0,0,True,27,False,0,Pulumi General Cloud,5,0.497
404096050/examples/advanced/Pulumi.yaml,Pulumi,typescript,Low,2,0,0,True,29,False,0,Pulumi General Cloud,5,0.497
404096050/examples/simple/Pulumi.yaml,Pulumi,typescript,Low,2,0,0,True,26,False,0,Pulumi General Cloud,5,0.497
518957147/examples/demo/go/Pulumi.yaml,Pulumi,go,Low,2,0,0,True,32,False,0,Pulumi General Cloud,5,0.497
490079816/packages/infrastructure/Pulumi.yaml,Pulumi,typescript,Low,2,0,0,True,39,False,0,Pulumi General Cloud,5,0.497
487990033/PulumiWebServer/Pulumi.yaml,Pulumi,csharp,Low,2,0,0,True,47,False,0,Pulumi General Cloud,5,0.497
205299074/Pulumi.yaml,Pulumi,typescript,Low,2,0,0,True,58,False,0,Pulumi General Cloud,5,0.497
306371252/MusicStore/Pulumi.yaml,Pulumi,typescript,Low,2,0,0,True,48,False,0,Pulumi General Cloud,5,0.497
495637960/network/vpc/Pulumi.yaml,Pulumi,typescript,Low,2,0,0,True,39,False,0,Pulumi General Cloud,5,0.497
495637960/network/natgateway/Pulumi.yaml,Pulumi,typescript,Low,2,0,0,True,39,False,0,Pulumi General Cloud,5,0.497
495637960/directory/SimpleAD/Pulumi.yaml,Pulumi,typescript,Low,2,0,0,True,39,False,0,Pulumi General Cloud,5,0.497
278847521/infra/Pulumi.yaml,Pulumi,typescript,Low,2,0,0,True,26,False,0,Pulumi General Cloud,5,0.497
235257712/Pulumi.yaml,Pulumi,typescript,Low,2,0,0,True,39,False,1,Pulumi General Cloud,5,0.497
132498774/episodes/064/gke-hello-world/Pulumi.yaml,Pulumi,typescript,Low,2,0,0,True,35,False,0,Pulumi General Cloud,5,0.497
216529759/cluster/pulumi/gcp/gke/Pulumi.yaml,Pulumi,typescript,Low,2,0,0,True,26,False,0,Pulumi General Cloud,5,0.497
525315633/java/azure/hw/Pulumi.yaml,Pulumi,java,Low,2,0,0,True,42,False,0,Pulumi General Cloud,5,0.497
525315633/java/templates/java-gradle/Pulumi.yaml,Pulumi,java,Low,2,0,0,True,48,False,0,Pulumi General Cloud,5,0.497
525315633/java/templates/java/Pulumi.yaml,Pulumi,java,Low,2,0,0,True,47,False,0,Pulumi General Cloud,5,0.497
525315633/java/gcp/hw/Pulumi.yaml,Pulumi,java,Low,2,0,0,True,42,False,0,Pulumi General Cloud,5,0.497
525315633/java/docker/pullimages/Pulumi.yaml,Pulumi,java,Low,2,0,0,True,48,False,0,Pulumi General Cloud,5,0.497
369005866/examples/simple/Pulumi.yaml,Pulumi,typescript,Low,2,0,0,True,20,False,0,Pulumi General Cloud,5,0.497
421382741/Pulumi.yaml,Pulumi,typescript,Low,2,0,0,True,21,False,0,Pulumi General Cloud,5,0.497
444044327/TNC.Samples.Pulumi.VariableGroup.Deployment/Pulumi.yaml,Pulumi,csharp,Low,2,0,0,True,74,False,0,Pulumi General Cloud,5,0.497
525315633/python/aws/s3/Pulumi.yaml,Pulumi,python,Low,2,0,0,True,35,False,0,Pulumi General Cloud,5,0.497
525315633/ts/aws/lamda/raw/Pulumi.yaml,Pulumi,typescript,Low,2,0,0,True,45,False,0,Pulumi General Cloud,5,0.497
525315633/ts/docker/imgcreate/multi/Pulumi.yaml,Pulumi,typescript,Low,2,0,0,True,55,False,0,Pulumi General Cloud,5,0.497
273888926/Pulumi.yaml,Pulumi,typescript,Low,2,0,0,True,40,False,1,Pulumi General Cloud,5,0.497
338104761/Pulumi.yaml,Pulumi,typescript,Low,2,0,0,True,124,False,0,Pulumi General Cloud,5,0.497
474249481/Pulumi.yaml,Pulumi,typescript,Low,2,0,0,True,48,False,0,Pulumi General Cloud,5,0.497
525315633/java/aws/hw/Pulumi.yaml,Pulumi,java,Low,2,0,0,True,33,False,0,Pulumi General Cloud,5,0.497
92832781/aws/js/aws-js-webserver-component/Pulumi.yaml,Pulumi,typescript,Low,2,0,0,True,55,False,0,Pulumi General Cloud,5,0.497
366110051/youno-verifier/infra/Pulumi.yaml,Pulumi,typescript,Low,2,0,0,True,24,False,0,Pulumi General Cloud,5,0.497
421123466/aws/Pulumi.yaml,Pulumi,typescript,Low,2,0,0,True,39,False,0,Pulumi General Cloud,5,0.497
421123466/gcp/Pulumi.yaml,Pulumi,typescript,Low,2,0,0,True,70,False,0,Pulumi General Cloud,5,0.497
476571517/Pulumi.yaml,Pulumi,python,Low,2,0,0,True,19,False,0,Pulumi General Cloud,5,0.497
487538563/Basic/Pulumi.yaml,Pulumi,go,Low,2,0,0,True,39,False,0,Pulumi General Cloud,5,0.497
337232134/examples/tags/Pulumi.yaml,Pulumi,typescript,Low,2,0,0,True,39,False,0,Pulumi General Cloud,5,0.497
525315633/python/aws/availability-zones/Pulumi.yaml,Pulumi,python,Low,2,0,0,True,47,False,0,Pulumi General Cloud,5,0.497
525315633/python/aws/ecs-fargate/Pulumi.yaml,Pulumi,python,Low,2,0,0,True,75,False,1,Pulumi General Cloud,5,0.497
442779638/examples/simple/Pulumi.yaml,Pulumi,typescript,Low,2,0,0,True,27,False,0,Pulumi General Cloud,5,0.497
470110852/Pulumi.yaml,Pulumi,typescript,Low,2,0,0,True,48,False,0,Pulumi General Cloud,5,0.497
422932259/api/Pulumi.yaml,Pulumi,typescript,Low,2,0,0,True,83,False,0,Pulumi General Cloud,5,0.497
525315633/java/aws/logs/Pulumi.yaml,Pulumi,java,Low,2,0,0,True,48,False,0,Pulumi General Cloud,5,0.497
369536326/pulumi-proj/Pulumi.yaml,Pulumi,typescript,Low,2,0,0,True,35,False,0,Pulumi General Cloud,5,0.497
246222427/examples/simple/Pulumi.yaml,Pulumi,typescript,Low,2,0,0,True,20,False,0,Pulumi General Cloud,5,0.497
418135533/hadoop-hw/Pulumi.yaml,Pulumi,typescript,Low,2,0,0,True,30,False,0,Pulumi General Cloud,5,0.497
206051515/custom-vpc/Pulumi.yaml,Pulumi,typescript,Low,2,0,0,True,19,False,1,Pulumi General Cloud,5,0.497
206051515/create-instance/Pulumi.yaml,Pulumi,typescript,Low,2,0,0,True,35,False,0,Pulumi General Cloud,5,0.497
524735881/Pulumi.yaml,Pulumi,go,Low,2,0,0,True,22,False,0,Pulumi General Cloud,5,0.497
314536180/Pulumi.yaml,Pulumi,go,Low,2,0,0,True,31,False,0,Pulumi General Cloud,5,0.497
432659142/Pulumi.yaml,Pulumi,go,Low,2,0,0,True,31,False,0,Pulumi General Cloud,5,0.497
321737215/firelens/Pulumi.yaml,Pulumi,typescript,Low,2,0,0,True,39,False,0,Pulumi General Cloud,5,0.497
321737215/cert-alb/Pulumi.yaml,Pulumi,typescript,Low,2,0,0,True,39,False,1,Pulumi General Cloud,5,0.497
321737215/provider-componentresource/Pulumi.yaml,Pulumi,typescript,Low,2,0,0,True,39,False,0,Pulumi General Cloud,5,0.497
321737215/lambda-container/Pulumi.yaml,Pulumi,typescript,Low,2,0,0,True,39,False,1,Pulumi General Cloud,5,0.497
386380797/infra/Pulumi.yaml,Pulumi,typescript,Low,2,0,0,True,70,False,0,Pulumi General Cloud,5,0.497
426242723/examples/simple/Pulumi.yaml,Pulumi,typescript,Low,2,0,0,True,23,False,0,Pulumi General Cloud,5,0.497
121009081/aws/pulumi/quickstart/Pulumi.yaml,Pulumi,typescript,Low,2,0,0,True,39,False,0,Pulumi General Cloud,5,0.497
435165389/infra/ToBeDone.Infra.WorkspacesService/Pulumi.yaml,Pulumi,csharp,Low,2,0,0,True,40,False,0,Pulumi General Cloud,5,0.497
435165389/infra/ToBeDone.Infra.Core/Pulumi.yaml,Pulumi,csharp,Low,2,0,0,True,64,False,0,Pulumi General Cloud,5,0.497
435165389/infra/ToBeDone.Infra.WorkService/Pulumi.yaml,Pulumi,csharp,Low,2,0,0,True,40,False,0,Pulumi General Cloud,5,0.497
257269947/Pulumi.yaml,Pulumi,typescript,Low,2,0,0,True,44,False,1,Pulumi General Cloud,5,0.497
369547145/Pulumi/sandbox/Pulumi.yaml,Pulumi,python,Low,2,0,0,True,35,False,0,Pulumi General Cloud,5,0.497
340959359/Pulumi.yaml,Pulumi,python,Low,2,0,0,True,16,False,1,Pulumi General Cloud,5,0.497
107030715/kubernetes/pulumi/LaTeX/Pulumi.yaml,Pulumi,csharp,Low,2,0,0,True,35,False,0,Pulumi General Cloud,5,0.497
260575373/Pulumi.yaml,Pulumi,csharp,Low,2,0,0,True,24,False,0,Pulumi General Cloud,5,0.497
381430323/Pulumi.yaml,Pulumi,typescript,Low,2,0,0,True,91,False,0,Pulumi General Cloud,5,0.497
315438970/Pulumi.yaml,Pulumi,typescript,Low,2,0,0,True,39,False,0,Pulumi General Cloud,5,0.497
345102386/first_test/Pulumi.yaml,Pulumi,python,Low,2,0,0,True,35,False,0,Pulumi General Cloud,5,0.497
337416356/Pulumi.yaml,Pulumi,typescript,Low,2,0,0,True,124,False,0,Pulumi General Cloud,5,0.497
480728560/google-native/Pulumi.yaml,Pulumi,typescript,Low,2,0,0,True,29,False,0,Pulumi General Cloud,5,0.497
496828242/Pulumi.yaml,Pulumi,typescript,Low,2,0,0,True,39,False,0,Pulumi General Cloud,5,0.497
358709132/examples/simple/Pulumi.yaml,Pulumi,typescript,Low,2,0,0,True,20,False,0,Pulumi General Cloud,5,0.497
236024293/Pulumi.yaml,Pulumi,typescript,Low,2,0,0,True,39,False,0,Pulumi General Cloud,5,0.497
265785178/infra/v2/Pulumi.yaml,Pulumi,typescript,Low,2,0,0,True,48,False,0,Pulumi General Cloud,5,0.497
492630492/dev/Pulumi.yaml,Pulumi,go,Low,2,0,0,True,31,False,0,Pulumi General Cloud,5,0.497
382455182/examples/simple/Pulumi.yaml,Pulumi,typescript,Low,2,0,0,True,28,False,0,Pulumi General Cloud,5,0.497
362204130/infra/Pulumi.yaml,Pulumi,go,Low,2,0,0,True,40,False,0,Pulumi General Cloud,5,0.497
224752547/server/Pulumi.yaml,Pulumi,typescript,Low,2,0,0,True,39,False,0,Pulumi General Cloud,5,0.497
92832781/others/kubernetes-ts-sock-shop/Pulumi.yaml,Pulumi,typescript,Low,2,0,0,True,104,False,0,Pulumi General Cloud,5,0.497
426235341/Pulumi.yaml,Pulumi,typescript,Low,2,0,0,True,48,False,0,Pulumi General Cloud,5,0.497
226345200/examples/instance/python/Pulumi.yaml,Pulumi,python,Low,2,0,0,True,50,False,0,Pulumi General Cloud,5,0.497
226345200/examples/instance/ts/Pulumi.yaml,Pulumi,typescript,Low,2,0,0,True,54,False,0,Pulumi General Cloud,5,0.497
226345200/examples/instance/csharp/Pulumi.yaml,Pulumi,csharp,Low,2,0,0,True,50,False,0,Pulumi General Cloud,5,0.497
239690722/azure/Pulumi.yaml,Pulumi,python,Low,2,0,0,True,35,False,0,Pulumi General Cloud,5,0.497
92832781/aws/ts/aws-ts-stackreference/company/Pulumi.yaml,Pulumi,typescript,Low,2,0,0,True,97,False,0,Pulumi General Cloud,5,0.497
360792831/deploy/pulumi/Pulumi.yaml,Pulumi,csharp,Low,2,0,0,True,63,False,0,Pulumi General Cloud,5,0.497
92832781/others/twilio-ts-component/Pulumi.yaml,Pulumi,typescript,Low,2,0,0,True,73,False,0,Pulumi General Cloud,5,0.497
